event_id,session_id,anonymous_id,article_id,content_version,event_type,occurred_at,received_at,channel,device,client_agent,duration_seconds,scroll_percent,region
e-04-0164-read_end,s-04-0164,anon-0091-4,guide-map,history-v1,read_end,2026-08-02T12:55:17+08:00,2026-08-03T04:55:39+00:00,home,desktop,browser,110,80,浙江
e-06-0042-read_end,s-06-0042,anon-0014-6,guide-faq,history-v1,read_end,2026-08-04T05:32:16+00:00,2026-08-04T13:33:11+08:00,home,mobile,browser,155,42,江苏
edge-03,s-00-0001,anon-0030-0,guide-account,history-v1,read_end,2026-08-05T23:40:41+08:00,2026-08-05T23:41:08+08:00,search,mobile,browser,-8,95,江苏
crawler-0049,crawl-49,,guide-map,history-v1,page_view,2026-08-08T16:10:37+00:00,2026-08-08T16:10:38+00:00,campaign,desktop,crawler,,,北京
e-03-0158-page_view,s-03-0158,anon-0036-3,guide-remote,history-v1,page_view,2026-08-08T04:45:00+08:00,2026-08-07T20:46:10+00:00,home,desktop,browser,,,未知
e-02-0059-page_view,s-02-0059,anon-0014-2,guide-expense,history-v1,page_view,2026-08-10T00:43:13+08:00,2026-08-09T16:44:31+00:00,home,mobile,browser,,,浙江
e-00-0207-read_end,s-00-0207,anon-0048-0,guide-account,history-v1,read_end,2026-08-13T03:47:25+00:00,2026-08-13T11:48:03+08:00,search,desktop,browser,3,91,未知
e-01-0047-read_end,s-01-0047,anon-0026-1,guide-device,history-v1,read_end,2026-08-04T16:33:01+08:00,2026-08-04T08:33:11+00:00,home,desktop,browser,157,15,未知
e-03-0148-read_end,s-03-0148,anon-0004-3,guide-remote,history-v1,read_end,2026-08-02T09:02:54+08:00,2026-08-02T09:03:13+08:00,home,mobile,browser,16,25,浙江
e-00-0238-read_end,s-00-0238,anon-0112-0,guide-account,history-v1,read_end,2026-08-05T13:43:48+08:00,2026-08-05T13:43:49+08:00,search,desktop,browser,135,86,上海
crawler-0172,crawl-172,,guide-map,history-v1,page_view,2026-08-08T16:37:16+00:00,2026-08-08T16:37:17+00:00,campaign,desktop,crawler,,,江苏
e-00-0157-read_end,s-00-0157,anon-0060-0,guide-account,history-v1,read_end,2026-08-14T05:51:12+08:00,2026-08-14T05:52:22+08:00,home,desktop,browser,164,24,未知
e-01-0133-page_view,s-01-0133,anon-0083-1,guide-device,history-v1,page_view,2026-08-01T20:30:45+08:00,2026-08-01T20:31:53+08:00,campaign,mobile,browser,,,四川
e-01-0078-page_view,s-01-0078,anon-0074-1,guide-device,history-v1,page_view,2026-08-10T18:42:51+00:00,2026-08-11T02:43:02+08:00,search,mobile,browser,,,浙江
e-01-0049-read_end,s-01-0049,anon-0070-1,guide-device,history-v1,read_end,2026-08-01T16:16:46+08:00,2026-08-01T16:17:10+08:00,home,mobile,browser,138,33,江苏
e-05-0005-read_end,s-05-0005,anon-0012-5,guide-permission,history-v1,read_end,2026-08-07T10:52:51+08:00,2026-08-07T02:52:56+00:00,search,desktop,browser,161,98,北京
e-04-0161-page_view,s-04-0161,anon-0023-4,guide-map,history-v1,page_view,2026-08-10T14:47:19+08:00,2026-08-10T06:48:11+00:00,search,desktop,browser,,,北京
e-04-0247-page_view,s-04-0247,anon-0065-4,guide-map,history-v1,page_view,2026-08-10T12:54:18+08:00,2026-08-10T12:54:48+08:00,home,mobile,browser,,,未知
e-03-0142-read_end,s-03-0142,anon-0059-3,guide-remote,history-v1,read_end,2026-08-07T04:19:35+08:00,2026-08-07T04:19:39+08:00,search,desktop,browser,53,91,未知
crawler-0059,crawl-59,,guide-map,history-v1,page_view,2026-08-08T16:12:47+00:00,2026-08-08T16:12:48+00:00,campaign,desktop,crawler,,,上海
e-00-0113-read_end,s-00-0113,anon-0074-0,guide-account,history-v1,read_end,2026-08-09T02:19:06+08:00,2026-08-08T18:20:35+00:00,search,desktop,browser,138,31,上海
e-04-0040-page_view,s-04-0040,anon-0048-4,guide-map,history-v1,page_view,2026-08-08T15:21:47+08:00,2026-08-08T15:22:52+08:00,home,desktop,browser,,,四川
e-01-0083-read_end,s-01-0083,anon-0067-1,guide-device,history-v1,read_end,2026-08-13T23:05:33+08:00,2026-08-13T15:06:53+00:00,direct,desktop,browser,106,31,北京
e-03-0101-read_end,s-03-0101,anon-0015-3,guide-remote,history-v1,read_end,2026-08-02T14:07:02+08:00,2026-08-02T06:07:45+00:00,search,desktop,browser,124,22,浙江
e-04-0250-page_view,s-04-0250,anon-0018-4,guide-map,history-v1,page_view,2026-08-07T13:38:27+08:00,2026-08-07T13:39:01+08:00,search,mobile,browser,,,上海
e-03-0126-page_view,s-03-0126,anon-0040-3,guide-remote,history-v1,page_view,2026-08-01T05:00:08+00:00,2026-08-01T13:01:22+08:00,search,mobile,browser,,,浙江
e-00-0203-read_end,s-00-0203,anon-0047-0,guide-account,history-v1,read_end,2026-08-12T21:40:20+08:00,2026-08-12T13:41:25+00:00,home,desktop,browser,117,48,浙江
e-04-0219-page_view,s-04-0219,anon-0090-4,guide-map,history-v1,page_view,2026-08-08T17:32:16+00:00,2026-08-09T01:32:39+08:00,search,desktop,browser,,,四川
e-01-0087-page_view,s-01-0087,anon-0042-1,guide-device,history-v1,page_view,2026-08-01T04:03:56+00:00,2026-08-01T12:05:02+08:00,direct,desktop,browser,,,未知
e-01-0067-page_view,s-01-0067,anon-0034-1,guide-device,history-v1,page_view,2026-08-14T17:26:03+08:00,2026-08-14T17:26:27+08:00,direct,mobile,browser,,,浙江
e-04-0063-page_view,s-04-0063,anon-0008-4,guide-map,history-v1,page_view,2026-08-07T14:14:39+00:00,2026-08-07T22:14:49+08:00,search,mobile,browser,,,四川
e-04-0329-page_view,s-04-0329,anon-0150-4,guide-map,history-v1,page_view,2026-08-09T14:24:11+08:00,2026-08-09T06:25:18+00:00,campaign,desktop,browser,,,浙江
e-03-0021-page_view,s-03-0021,anon-0039-3,guide-remote,history-v1,page_view,2026-08-05T13:59:38+00:00,2026-08-05T21:59:52+08:00,home,mobile,browser,,,广东
e-00-0052-page_view,s-00-0052,anon-0095-0,guide-account,history-v1,page_view,2026-08-01T15:09:41+08:00,2026-08-01T15:10:58+08:00,home,desktop,browser,,,江苏
e-04-0084-read_end,s-04-0084,anon-0161-4,guide-map,history-v1,read_end,2026-08-01T03:40:15+00:00,2026-08-01T11:40:41+08:00,campaign,desktop,browser,3,100,未知
e-06-0039-read_end,s-06-0039,anon-0013-6,guide-faq,history-v1,read_end,2026-08-03T10:17:20+00:00,2026-08-03T18:18:29+08:00,search,mobile,browser,71,90,上海
e-05-0084-read_end,s-05-0084,anon-0005-5,guide-permission,history-v1,read_end,2026-08-12T02:26:44+00:00,2026-08-12T10:27:56+08:00,search,mobile,browser,197,95,上海
e-04-0254-page_view,s-04-0254,anon-0151-4,guide-map,history-v1,page_view,2026-08-05T22:40:10+08:00,2026-08-05T14:40:39+00:00,home,desktop,browser,,,未知
e-00-0102-read_end,s-00-0102,anon-0069-0,guide-account,history-v1,read_end,2026-08-07T20:49:30+00:00,2026-08-08T04:50:14+08:00,search,mobile,browser,124,18,江苏
e-01-0140-page_view,s-01-0140,anon-0036-1,guide-device,history-v1,page_view,2026-08-12T14:58:09+08:00,2026-08-12T06:59:36+00:00,direct,desktop,browser,,,四川
e-02-0037-page_view,s-02-0037,anon-0006-2,guide-expense,history-v1,page_view,2026-08-03T20:52:40+08:00,2026-08-03T20:53:48+08:00,search,mobile,browser,,,浙江
e-04-0134-page_view,s-04-0134,anon-0048-4,guide-map,history-v1,page_view,2026-08-12T12:11:34+08:00,2026-08-12T04:11:57+00:00,campaign,desktop,browser,,,四川
e-04-0244-page_view,s-04-0244,anon-0033-4,guide-map,history-v1,page_view,2026-08-09T19:41:05+08:00,2026-08-09T19:41:45+08:00,campaign,desktop,browser,,,江苏
e-04-0157-page_view,s-04-0157,anon-0129-4,guide-map,history-v1,page_view,2026-08-09T20:45:31+08:00,2026-08-09T20:46:53+08:00,search,desktop,browser,,,四川
crawler-0012,crawl-12,,guide-map,history-v1,page_view,2026-08-08T16:02:36+00:00,2026-08-08T16:02:37+00:00,campaign,desktop,crawler,,,四川
e-04-0090-page_view,s-04-0090,anon-0042-4,guide-map,history-v1,page_view,2026-08-13T11:55:50+00:00,2026-08-13T19:56:38+08:00,campaign,desktop,browser,,,未知
e-01-0019-read_end,s-01-0019,anon-0087-1,guide-device,history-v1,read_end,2026-08-02T16:45:26+08:00,2026-08-02T16:46:15+08:00,search,desktop,browser,3,33,上海
e-03-0096-page_view,s-03-0096,anon-0065-3,guide-remote,history-v1,page_view,2026-08-08T05:58:39+00:00,2026-08-08T13:59:48+08:00,home,mobile,browser,,,浙江
e-04-0217-page_view,s-04-0217,anon-0139-4,guide-map,history-v1,page_view,2026-08-11T22:50:42+08:00,2026-08-11T22:51:19+08:00,search,desktop,browser,,,广东
e-04-0238-page_view,s-04-0238,anon-0102-4,guide-map,history-v1,page_view,2026-08-05T12:12:18+08:00,2026-08-05T12:13:20+08:00,home,desktop,browser,,,浙江
e-04-0001-read_end,s-04-0001,anon-0115-4,guide-map,history-v1,read_end,2026-08-12T10:49:20+08:00,2026-08-12T10:49:33+08:00,campaign,mobile,browser,21,86,广东
e-02-0019-page_view,s-02-0019,,guide-expense,history-v1,page_view,2026-08-05T09:44:24+08:00,2026-08-05T09:45:46+08:00,search,mobile,browser,,,上海
e-04-0049-read_end,s-04-0049,,guide-map,history-v1,read_end,2026-08-04T10:38:24+08:00,2026-08-04T10:38:37+08:00,direct,desktop,browser,106,90,未知
e-04-0314-read_end,s-04-0314,anon-0105-4,guide-map,history-v1,read_end,2026-08-11T11:27:51+08:00,2026-08-11T03:28:10+00:00,home,desktop,browser,148,97,四川
e-04-0209-page_view,s-04-0209,anon-0132-4,guide-map,history-v1,page_view,2026-08-09T11:36:21+08:00,2026-08-09T03:36:28+00:00,home,desktop,browser,,,未知
crawler-0150,crawl-150,,guide-map,history-v1,page_view,2026-08-08T16:32:30+00:00,2026-08-08T16:32:31+00:00,campaign,desktop,crawler,,,四川
e-00-0001-page_view,s-00-0001,anon-0030-0,guide-account,history-v1,page_view,2026-08-05T23:38:21+08:00,2026-08-05T23:39:16+08:00,search,mobile,browser,,,江苏
e-03-0015-page_view,s-03-0015,anon-0027-3,guide-remote,history-v1,page_view,2026-08-08T06:53:38+00:00,2026-08-08T14:55:07+08:00,search,desktop,browser,,,北京
e-03-0133-page_view,s-03-0133,anon-0047-3,guide-remote,history-v1,page_view,2026-08-10T22:20:59+08:00,2026-08-10T22:22:28+08:00,home,mobile,browser,,,上海
crawler-0085,crawl-85,,guide-map,history-v1,page_view,2026-08-08T16:18:25+00:00,2026-08-08T16:18:26+00:00,campaign,desktop,crawler,,,浙江
e-00-0174-page_view,s-00-0174,anon-0006-0,guide-account,history-v1,page_view,2026-07-31T23:13:04+00:00,2026-08-01T07:13:52+08:00,search,desktop,browser,,,江苏
e-03-0039-page_view,s-03-0039,anon-0030-3,guide-remote,history-v1,page_view,2026-08-02T18:14:25+00:00,2026-08-03T02:14:31+08:00,search,desktop,browser,,,上海
e-04-0062-read_end,s-04-0062,anon-0036-4,guide-map,history-v1,read_end,2026-08-09T07:22:48+08:00,2026-08-08T23:23:01+00:00,search,desktop,browser,3,90,未知
e-02-0027-page_view,s-02-0027,anon-0010-2,guide-expense,history-v1,page_view,2026-08-12T04:30:00+00:00,2026-08-12T12:31:30+08:00,search,desktop,browser,,,未知
e-04-0137-page_view,s-04-0137,anon-0044-4,guide-map,history-v1,page_view,2026-08-10T19:35:31+08:00,2026-08-10T11:36:49+00:00,direct,mobile,browser,,,北京
e-03-0047-read_end,s-03-0047,anon-0037-3,guide-remote,history-v1,read_end,2026-08-10T09:36:57+08:00,2026-08-10T01:37:49+00:00,search,mobile,browser,20,9,未知
e-05-0034-page_view,s-05-0034,anon-0010-5,guide-permission,history-v1,page_view,2026-08-01T12:20:12+08:00,2026-08-01T12:21:35+08:00,search,desktop,browser,,,江苏
e-00-0126-read_end,s-00-0126,anon-0029-0,guide-account,history-v1,read_end,2026-08-10T04:00:16+00:00,2026-08-10T12:00:54+08:00,search,desktop,browser,196,81,北京
e-00-0020-read_end,s-00-0020,anon-0077-0,guide-account,history-v1,read_end,2026-08-13T04:31:39+08:00,2026-08-12T20:32:13+00:00,direct,mobile,browser,249,97,未知
e-02-0068-page_view,s-02-0068,anon-0029-2,guide-expense,history-v1,page_view,2026-08-14T11:50:29+08:00,2026-08-14T03:50:38+00:00,home,mobile,browser,,,上海
e-04-0253-page_view,s-04-0253,anon-0150-4,guide-map,history-v1,page_view,2026-08-03T10:59:14+08:00,2026-08-03T11:00:14+08:00,direct,desktop,browser,,,浙江
e-00-0097-read_end,s-00-0097,anon-0040-0,guide-account,history-v1,read_end,2026-08-04T15:46:42+08:00,2026-08-04T15:47:43+08:00,search,mobile,browser,84,27,上海
e-03-0019-read_end,s-03-0019,anon-0002-3,guide-remote,history-v1,read_end,2026-08-02T17:41:22+08:00,2026-08-02T17:42:36+08:00,home,desktop,browser,132,27,江苏
e-04-0030-page_view,s-04-0030,anon-0155-4,guide-map,history-v1,page_view,2026-08-10T08:45:50+00:00,2026-08-10T16:46:53+08:00,search,desktop,browser,,,上海
e-01-0139-read_end,s-01-0139,anon-0067-1,guide-device,history-v1,read_end,2026-08-06T08:23:54+08:00,2026-08-06T08:23:57+08:00,home,mobile,browser,235,93,北京
crawler-0104,crawl-104,,guide-map,history-v1,page_view,2026-08-08T16:22:32+00:00,2026-08-08T16:22:33+00:00,campaign,desktop,crawler,,,上海
e-04-0218-page_view,s-04-0218,anon-0164-4,guide-map,history-v1,page_view,2026-08-10T05:03:03+08:00,2026-08-09T21:03:56+00:00,search,desktop,browser,,,广东
e-04-0072-read_end,s-04-0072,anon-0089-4,guide-map,history-v1,read_end,2026-08-14T01:27:10+00:00,2026-08-14T09:28:04+08:00,home,mobile,browser,200,96,浙江
e-04-0046-page_view,s-04-0046,anon-0036-4,guide-map,history-v1,page_view,2026-08-08T07:22:28+08:00,2026-08-08T07:22:43+08:00,search,desktop,browser,,,未知
e-00-0040-read_end,s-00-0040,anon-0062-0,guide-account,history-v1,read_end,2026-08-11T01:15:20+08:00,2026-08-11T01:15:57+08:00,search,desktop,browser,149,30,上海
e-04-0283-page_view,s-04-0283,anon-0054-4,guide-map,history-v1,page_view,2026-08-13T06:06:49+08:00,2026-08-13T06:06:54+08:00,home,desktop,browser,,,四川
e-00-0253-read_end,s-00-0253,anon-0069-0,guide-account,history-v1,read_end,2026-08-02T13:02:48+08:00,2026-08-02T13:04:12+08:00,search,desktop,browser,144,95,江苏
e-01-0170-page_view,s-01-0170,anon-0021-1,guide-device,history-v1,page_view,2026-08-02T21:25:27+08:00,2026-08-02T13:26:14+00:00,home,desktop,browser,,,上海
e-01-0028-page_view,s-01-0028,anon-0086-1,guide-device,history-v1,page_view,2026-08-02T09:09:51+08:00,2026-08-02T09:10:13+08:00,direct,desktop,browser,,,四川
e-00-0226-read_end,s-00-0226,anon-0054-0,guide-account,history-v1,read_end,2026-08-10T13:00:46+08:00,2026-08-10T13:01:46+08:00,home,desktop,browser,229,81,未知
e-05-0061-page_view,s-05-0061,anon-0038-5,guide-permission,history-v1,page_view,2026-08-14T03:48:09+08:00,2026-08-14T03:48:27+08:00,search,mobile,browser,,,北京
e-04-0104-read_end,s-04-0104,anon-0146-4,guide-map,history-v1,read_end,2026-08-06T16:33:23+08:00,2026-08-06T08:34:15+00:00,direct,desktop,browser,106,77,浙江
e-00-0153-read_end,s-00-0153,,guide-account,history-v1,read_end,2026-08-09T04:32:32+00:00,2026-08-09T12:32:35+08:00,direct,desktop,browser,126,41,广东
e-04-0064-page_view,s-04-0064,anon-0046-4,guide-map,history-v1,page_view,2026-08-03T11:08:04+08:00,2026-08-03T11:09:30+08:00,campaign,mobile,browser,,,浙江
e-02-0024-read_end,s-02-0024,anon-0032-2,guide-expense,history-v1,read_end,2026-08-02T01:37:54+00:00,2026-08-02T09:38:29+08:00,search,desktop,browser,16,92,未知
e-01-0056-page_view,s-01-0056,anon-0051-1,guide-device,history-v1,page_view,2026-08-04T11:30:25+08:00,2026-08-04T03:30:43+00:00,search,mobile,browser,,,广东
crawler-0102,crawl-102,,guide-map,history-v1,page_view,2026-08-08T16:22:06+00:00,2026-08-08T16:22:07+00:00,campaign,desktop,crawler,,,四川
e-05-0049-read_end,s-05-0049,anon-0028-5,guide-permission,history-v1,read_end,2026-08-12T02:58:10+08:00,2026-08-12T02:58:23+08:00,search,desktop,browser,92,51,江苏
e-05-0101-page_view,s-05-0101,anon-0014-5,guide-permission,history-v1,page_view,2026-08-14T14:21:06+08:00,2026-08-14T06:21:17+00:00,home,mobile,browser,,,北京
e-04-0037-read_end,s-04-0037,anon-0003-4,guide-map,history-v1,read_end,2026-08-14T07:33:05+08:00,2026-08-14T07:33:18+08:00,campaign,mobile,browser,66,90,未知
e-00-0185-page_view,s-00-0185,anon-0013-0,guide-account,history-v1,page_view,2026-08-14T18:21:02+08:00,2026-08-14T10:21:26+00:00,home,desktop,browser,,,北京
e-00-0256-page_view,s-00-0256,anon-0012-0,guide-account,history-v1,page_view,2026-08-04T15:03:47+08:00,2026-08-04T15:04:32+08:00,search,desktop,browser,,,浙江
e-03-0087-read_end,s-03-0087,anon-0047-3,guide-remote,history-v1,read_end,2026-08-03T06:02:39+00:00,2026-08-03T14:03:23+08:00,search,desktop,browser,30,9,上海
e-05-0094-page_view,s-05-0094,anon-0000-5,guide-permission,history-v1,page_view,2026-08-10T13:22:40+08:00,2026-08-10T13:23:03+08:00,direct,desktop,browser,,,北京
e-04-0111-page_view,s-04-0111,anon-0075-4,guide-map,history-v1,page_view,2026-08-11T02:31:03+00:00,2026-08-11T10:31:10+08:00,search,mobile,browser,,,浙江
e-05-0043-read_end,s-05-0043,anon-0005-5,guide-permission,history-v1,read_end,2026-08-04T03:33:35+08:00,2026-08-04T03:34:21+08:00,campaign,desktop,browser,75,95,上海
crawler-0141,crawl-141,,guide-map,history-v1,page_view,2026-08-08T16:30:33+00:00,2026-08-08T16:30:34+00:00,campaign,desktop,crawler,,,广东
e-04-0199-read_end,s-04-0199,anon-0087-4,guide-map,history-v1,read_end,2026-08-10T19:35:43+08:00,2026-08-10T19:36:42+08:00,campaign,mobile,browser,42,77,江苏
e-01-0096-read_end,s-01-0096,anon-0008-1,guide-device,history-v1,read_end,2026-08-01T01:24:31+00:00,2026-08-01T09:24:36+08:00,search,mobile,browser,29,35,浙江
e-00-0215-read_end,s-00-0215,anon-0066-0,guide-account,history-v1,read_end,2026-08-02T04:44:44+08:00,2026-08-01T20:44:58+00:00,search,mobile,browser,91,35,未知
e-00-0209-read_end,s-00-0209,anon-0006-0,guide-account,history-v1,read_end,2026-08-13T22:31:30+08:00,2026-08-13T14:32:19+00:00,direct,desktop,browser,65,72,江苏
e-04-0211-page_view,s-04-0211,anon-0019-4,guide-map,history-v1,page_view,2026-08-01T01:36:47+08:00,2026-08-01T01:37:16+08:00,search,desktop,browser,,,上海
e-01-0003-read_end,s-01-0003,anon-0025-1,guide-device,history-v1,read_end,2026-08-01T15:12:36+00:00,2026-08-01T23:13:28+08:00,search,mobile,browser,158,7,北京
e-04-0304-page_view,s-04-0304,anon-0015-4,guide-map,history-v1,page_view,2026-08-11T12:20:13+08:00,2026-08-11T12:21:02+08:00,search,desktop,browser,,,广东
e-04-0058-read_end,s-04-0058,anon-0107-4,guide-map,history-v1,read_end,2026-08-11T19:00:24+08:00,2026-08-11T19:01:38+08:00,search,desktop,browser,103,86,广东
e-04-0235-read_end,s-04-0235,anon-0107-4,guide-map,history-v1,read_end,2026-08-12T00:10:53+08:00,2026-08-12T00:12:19+08:00,direct,mobile,browser,102,83,广东
e-03-0064-page_view,s-03-0064,anon-0010-3,guide-remote,history-v1,page_view,2026-08-02T02:55:39+08:00,2026-08-02T02:56:22+08:00,direct,mobile,browser,,,未知
e-02-0040-read_end,s-02-0040,anon-0031-2,guide-expense,history-v1,read_end,2026-08-03T11:08:32+08:00,2026-08-03T11:08:47+08:00,direct,mobile,browser,255,76,江苏
e-04-0126-read_end,s-04-0126,anon-0108-4,guide-map,history-v1,read_end,2026-08-07T21:41:23+00:00,2026-08-08T05:41:37+08:00,direct,mobile,browser,3,77,北京
e-00-0037-read_end,s-00-0037,anon-0073-0,guide-account,history-v1,read_end,2026-08-13T18:32:21+08:00,2026-08-13T18:32:33+08:00,search,desktop,browser,137,100,广东
e-01-0046-page_view,s-01-0046,anon-0016-1,guide-device,history-v1,page_view,2026-08-14T13:01:39+08:00,2026-08-14T13:02:16+08:00,home,desktop,browser,,,江苏
e-03-0050-page_view,s-03-0050,anon-0079-3,guide-remote,history-v1,page_view,2026-08-07T17:57:43+08:00,2026-08-07T09:58:55+00:00,search,desktop,browser,,,江苏
e-02-0093-read_end,s-02-0093,anon-0004-2,guide-expense,history-v1,read_end,2026-08-06T15:52:23+00:00,2026-08-06T23:53:46+08:00,search,mobile,browser,74,95,北京
e-05-0106-read_end,s-05-0106,anon-0009-5,guide-permission,history-v1,read_end,2026-08-05T03:53:33+08:00,2026-08-05T03:54:17+08:00,search,mobile,browser,3,75,浙江
e-04-0291-read_end,s-04-0291,anon-0134-4,guide-map,history-v1,read_end,2026-08-09T15:33:16+00:00,2026-08-09T23:33:43+08:00,home,desktop,browser,233,82,浙江
e-00-0073-read_end,s-00-0073,anon-0044-0,guide-account,history-v1,read_end,2026-08-06T08:12:35+08:00,2026-08-06T08:13:42+08:00,search,mobile,browser,53,28,上海
e-00-0205-read_end,s-00-0205,anon-0126-0,guide-account,history-v1,read_end,2026-08-12T14:59:12+08:00,2026-08-13T14:59:13+08:00,direct,mobile,browser,71,95,江苏
e-04-0188-read_end,s-04-0188,anon-0005-4,guide-map,history-v1,read_end,2026-08-03T12:53:55+08:00,2026-08-03T04:54:31+00:00,direct,mobile,browser,97,98,江苏
e-01-0117-page_view,s-01-0117,anon-0068-1,guide-device,history-v1,page_view,2026-08-06T04:56:59+00:00,2026-08-06T12:57:02+08:00,search,desktop,browser,,,北京
crawler-0032,crawl-32,,guide-map,history-v1,page_view,2026-08-08T16:06:56+00:00,2026-08-08T16:06:57+00:00,campaign,desktop,crawler,,,四川
e-00-0243-page_view,s-00-0243,anon-0086-0,guide-account,history-v1,page_view,2026-08-03T19:08:01+00:00,2026-08-04T03:08:51+08:00,direct,mobile,browser,,,未知
e-04-0134-read_end,s-04-0134,anon-0048-4,guide-map,history-v1,read_end,2026-08-12T12:15:22+08:00,2026-08-12T04:16:18+00:00,campaign,desktop,browser,228,25,四川
e-04-0106-read_end,s-04-0106,anon-0081-4,guide-map,history-v1,read_end,2026-08-14T17:36:01+08:00,2026-08-14T17:37:06+08:00,search,desktop,browser,105,48,北京
e-05-0094-read_end,s-05-0094,anon-0000-5,guide-permission,history-v1,read_end,2026-08-10T13:26:02+08:00,2026-08-10T13:27:29+08:00,direct,desktop,browser,202,100,北京
e-04-0119-page_view,s-04-0119,anon-0038-4,guide-map,history-v1,page_view,2026-08-07T22:44:26+08:00,2026-08-07T14:44:54+00:00,search,desktop,browser,,,上海
e-04-0086-page_view,s-04-0086,anon-0053-4,guide-map,history-v1,page_view,2026-08-13T00:00:01+08:00,2026-08-12T16:00:09+00:00,home,mobile,browser,,,浙江
e-00-0112-read_end,s-00-0112,anon-0075-0,guide-account,history-v1,read_end,2026-08-07T04:03:42+08:00,2026-08-07T04:04:52+08:00,home,mobile,browser,97,72,北京
e-01-0136-read_end,s-01-0136,anon-0039-1,guide-device,history-v1,read_end,2026-08-13T06:22:46+08:00,2026-08-13T06:23:14+08:00,search,mobile,browser,42,72,四川
e-03-0075-page_view,s-03-0075,anon-0069-3,guide-remote,history-v1,page_view,2026-08-01T02:51:21+00:00,2026-08-01T10:51:38+08:00,home,desktop,browser,,,江苏
e-00-0065-page_view,s-00-0065,anon-0093-0,guide-account,history-v1,page_view,2026-08-05T09:49:22+08:00,2026-08-05T01:50:42+00:00,campaign,desktop,browser,,,未知
e-04-0020-page_view,s-04-0020,anon-0016-4,guide-map,history-v1,page_view,2026-08-05T16:01:07+08:00,2026-08-05T08:02:36+00:00,home,desktop,browser,,,浙江
e-03-0008-read_end,s-03-0008,anon-0017-3,guide-remote,history-v1,read_end,2026-08-13T00:23:48+08:00,2026-08-12T16:24:48+00:00,search,desktop,browser,46,77,浙江
e-01-0146-page_view,s-01-0146,anon-0072-1,guide-device,history-v1,page_view,2026-08-14T11:50:52+08:00,2026-08-14T03:52:03+00:00,search,mobile,browser,,,上海
e-05-0024-page_view,s-05-0024,anon-0029-5,guide-permission,history-v1,page_view,2026-08-13T17:04:18+00:00,2026-08-14T01:04:45+08:00,search,mobile,browser,,,四川
e-04-0263-page_view,s-04-0263,anon-0129-4,guide-map,history-v1,page_view,2026-08-06T11:44:18+08:00,2026-08-06T03:44:39+00:00,search,mobile,browser,,,四川
e-01-0021-page_view,s-01-0021,anon-0037-1,guide-device,history-v1,page_view,2026-08-07T15:53:21+00:00,2026-08-07T23:54:42+08:00,direct,desktop,browser,,,四川
e-00-0047-read_end,s-00-0047,anon-0035-0,guide-account,history-v1,read_end,2026-08-09T02:59:32+08:00,2026-08-08T19:00:32+00:00,direct,desktop,browser,162,91,未知
crawler-0051,crawl-51,,guide-map,history-v1,page_view,2026-08-08T16:11:03+00:00,2026-08-08T16:11:04+00:00,campaign,desktop,crawler,,,江苏
e-04-0245-page_view,s-04-0245,anon-0016-4,guide-map,history-v1,page_view,2026-08-08T02:17:48+08:00,2026-08-07T18:18:30+00:00,campaign,mobile,browser,,,浙江
e-00-0196-read_end,s-00-0196,anon-0030-0,guide-account,history-v1,read_end,2026-08-14T11:31:04+08:00,2026-08-14T11:32:23+08:00,campaign,desktop,browser,107,89,江苏
e-03-0060-page_view,s-03-0060,anon-0062-3,guide-remote,history-v1,page_view,2026-08-01T09:51:46+00:00,2026-08-01T17:52:22+08:00,search,desktop,browser,,,北京
e-04-0198-page_view,s-04-0198,anon-0145-4,guide-map,history-v1,page_view,2026-08-02T11:52:37+00:00,2026-08-02T19:54:01+08:00,home,mobile,browser,,,上海
e-05-0030-read_end,s-05-0030,,guide-permission,history-v1,read_end,2026-08-10T15:22:08+00:00,2026-08-10T23:22:18+08:00,direct,desktop,browser,127,52,江苏
crawler-0055,crawl-55,,guide-map,history-v1,page_view,2026-08-08T16:11:55+00:00,2026-08-08T16:11:56+00:00,campaign,desktop,crawler,,,四川
e-00-0029-page_view,s-00-0029,anon-0110-0,guide-account,history-v1,page_view,2026-08-14T00:44:19+08:00,2026-08-13T16:45:26+00:00,search,mobile,browser,,,上海
e-02-0065-page_view,s-02-0065,anon-0026-2,guide-expense,history-v1,page_view,2026-08-05T07:04:28+08:00,2026-08-04T23:04:59+00:00,direct,desktop,browser,,,四川
e-02-0092-read_end,s-02-0092,anon-0029-2,guide-expense,history-v1,read_end,2026-08-02T07:13:34+08:00,2026-08-01T23:14:09+00:00,search,mobile,browser,138,90,上海
e-04-0202-page_view,s-04-0202,anon-0094-4,guide-map,history-v1,page_view,2026-08-05T00:02:08+08:00,2026-08-05T00:02:21+08:00,home,desktop,browser,,,上海
e-03-0022-read_end,s-03-0022,anon-0010-3,guide-remote,history-v1,read_end,2026-08-09T08:32:02+08:00,2026-08-09T08:32:42+08:00,direct,desktop,browser,194,94,未知
e-01-0062-read_end,s-01-0062,anon-0050-1,guide-device,history-v1,read_end,2026-08-06T20:10:34+08:00,2026-08-06T12:11:13+00:00,direct,mobile,browser,40,72,北京
e-03-0141-read_end,s-03-0141,anon-0047-3,guide-remote,history-v1,read_end,2026-08-02T22:53:51+00:00,2026-08-03T06:54:20+08:00,search,desktop,browser,132,10,上海
e-04-0191-read_end,s-04-0191,anon-0123-4,guide-map,history-v1,read_end,2026-08-11T13:05:30+08:00,2026-08-11T05:06:35+00:00,direct,desktop,browser,42,91,上海
crawler-0042,crawl-42,,guide-map,history-v1,page_view,2026-08-08T16:09:06+00:00,2026-08-08T16:09:07+00:00,campaign,desktop,crawler,,,北京
e-03-0033-page_view,s-03-0033,anon-0055-3,guide-remote,history-v1,page_view,2026-08-10T02:45:29+00:00,2026-08-10T10:46:01+08:00,search,mobile,browser,,,北京
e-04-0153-page_view,s-04-0153,anon-0056-4,guide-map,history-v1,page_view,2026-08-06T21:16:57+00:00,2026-08-07T05:17:07+08:00,search,desktop,browser,,,四川
e-01-0151-read_end,s-01-0151,anon-0075-1,guide-device,history-v1,read_end,2026-08-05T07:05:14+08:00,2026-08-05T07:05:25+08:00,search,mobile,browser,3,84,浙江
e-04-0227-read_end,s-04-0227,anon-0085-4,guide-map,history-v1,read_end,2026-08-04T17:10:17+08:00,2026-08-04T09:11:24+00:00,direct,desktop,browser,25,93,北京
e-04-0054-read_end,s-04-0054,anon-0091-4,guide-map,history-v1,read_end,2026-08-04T02:11:51+00:00,2026-08-04T10:12:44+08:00,home,desktop,browser,217,78,浙江
e-01-0024-page_view,s-01-0024,anon-0037-1,guide-device,history-v1,page_view,2026-08-02T10:40:14+00:00,2026-08-02T18:40:47+08:00,search,desktop,browser,,,四川
e-03-0046-page_view,s-03-0046,anon-0049-3,guide-remote,history-v1,page_view,2026-08-11T15:27:24+08:00,2026-08-11T15:28:17+08:00,search,mobile,browser,,,未知
e-04-0291-page_view,s-04-0291,anon-0134-4,guide-map,history-v1,page_view,2026-08-09T15:29:23+00:00,2026-08-09T23:29:39+08:00,home,desktop,browser,,,浙江
e-01-0092-read_end,s-01-0092,anon-0017-1,guide-device,history-v1,read_end,2026-08-02T20:30:00+08:00,2026-08-02T12:31:02+00:00,search,mobile,browser,35,20,北京
e-01-0018-read_end,s-01-0018,anon-0035-1,guide-device,history-v1,read_end,2026-08-12T05:51:14+00:00,2026-08-12T13:52:37+08:00,search,desktop,browser,148,84,四川
e-06-0008-read_end,s-06-0008,anon-0020-6,guide-faq,history-v1,read_end,2026-08-02T04:14:57+08:00,2026-08-01T20:16:17+00:00,home,desktop,browser,46,100,浙江
e-01-0094-read_end,s-01-0094,anon-0060-1,guide-device,history-v1,read_end,2026-08-01T01:17:22+08:00,2026-08-01T01:18:32+08:00,search,mobile,browser,95,11,未知
e-03-0001-page_view,s-03-0001,,guide-remote,history-v1,page_view,2026-08-05T15:42:33+08:00,2026-08-05T15:42:49+08:00,search,desktop,browser,,,浙江
e-06-0054-page_view,s-06-0054,anon-0011-6,guide-faq,history-v1,page_view,2026-08-07T15:43:15+00:00,2026-08-07T23:43:31+08:00,home,mobile,browser,,,未知
e-02-0003-page_view,s-02-0003,anon-0033-2,guide-expense,history-v1,page_view,2026-08-10T10:10:26+00:00,2026-08-10T18:10:48+08:00,direct,desktop,browser,,,浙江
e-07-0013-page_view,s-07-0013,,guide-search,history-v1,page_view,2026-08-14T23:14:31+08:00,2026-08-14T23:15:23+08:00,search,desktop,browser,,,广东
e-04-0266-read_end,s-04-0266,anon-0145-4,guide-map,history-v1,read_end,2026-08-14T14:03:04+08:00,2026-08-14T06:04:14+00:00,direct,desktop,browser,52,95,上海
e-04-0152-page_view,s-04-0152,anon-0052-4,guide-map,history-v1,page_view,2026-08-14T09:43:27+08:00,2026-08-14T01:44:36+00:00,home,desktop,browser,,,广东
e-01-0182-page_view,s-01-0182,anon-0053-1,guide-device,history-v1,page_view,2026-08-02T01:25:46+08:00,2026-08-01T17:26:27+00:00,campaign,desktop,browser,,,未知
e-03-0030-read_end,s-03-0030,anon-0006-3,guide-remote,history-v1,read_end,2026-08-12T10:36:33+00:00,2026-08-12T18:37:49+08:00,home,desktop,browser,115,86,广东
e-00-0176-read_end,s-00-0176,anon-0068-0,guide-account,history-v1,read_end,2026-08-12T08:17:56+08:00,2026-08-12T00:18:15+00:00,search,desktop,browser,127,12,未知
e-04-0267-page_view,s-04-0267,anon-0119-4,guide-map,history-v1,page_view,2026-08-07T07:11:36+00:00,2026-08-07T15:11:38+08:00,search,mobile,browser,,,北京
e-04-0044-read_end,s-04-0044,anon-0096-4,guide-map,history-v1,read_end,2026-08-06T13:21:15+08:00,2026-08-06T05:21:45+00:00,home,desktop,browser,60,78,四川
e-07-0009-page_view,s-07-0009,anon-0001-7,guide-search,history-v1,page_view,2026-08-13T04:17:01+00:00,2026-08-13T12:17:59+08:00,direct,mobile,browser,,,四川
e-02-0076-page_view,s-02-0076,anon-0020-2,guide-expense,history-v1,page_view,2026-08-10T08:46:40+08:00,2026-08-10T08:47:18+08:00,search,desktop,browser,,,江苏
e-00-0028-page_view,s-00-0028,anon-0035-0,guide-account,history-v1,page_view,2026-08-12T13:04:19+08:00,2026-08-12T13:05:30+08:00,search,mobile,browser,,,未知
e-01-0030-page_view,s-01-0030,anon-0089-1,guide-device,history-v1,page_view,2026-08-09T13:12:56+00:00,2026-08-09T21:13:17+08:00,search,desktop,browser,,,北京
e-00-0234-page_view,s-00-0234,anon-0085-0,guide-account,history-v1,page_view,2026-08-06T06:50:47+00:00,2026-08-06T14:51:11+08:00,direct,desktop,browser,,,北京
crawler-0004,crawl-4,,guide-map,history-v1,page_view,2026-08-08T16:00:52+00:00,2026-08-08T16:00:53+00:00,campaign,desktop,crawler,,,未知
e-00-0190-page_view,s-00-0190,anon-0121-0,guide-account,history-v1,page_view,2026-08-11T03:06:38+08:00,2026-08-11T03:08:07+08:00,search,mobile,browser,,,北京
e-06-0010-page_view,s-06-0010,anon-0025-6,guide-faq,history-v1,page_view,2026-08-06T03:30:33+08:00,2026-08-06T03:31:11+08:00,search,mobile,browser,,,四川
e-00-0055-read_end,s-00-0055,anon-0055-0,guide-account,history-v1,read_end,2026-08-04T00:46:00+08:00,2026-08-04T00:46:05+08:00,search,desktop,browser,3,27,四川
e-00-0091-page_view,s-00-0091,anon-0036-0,guide-account,history-v1,page_view,2026-08-01T01:48:59+08:00,2026-08-01T01:49:30+08:00,campaign,mobile,browser,,,广东
e-03-0137-page_view,s-03-0137,anon-0067-3,guide-remote,history-v1,page_view,2026-08-07T17:19:59+08:00,2026-08-07T09:20:50+00:00,search,desktop,browser,,,上海
e-06-0040-page_view,s-06-0040,anon-0015-6,guide-faq,history-v1,page_view,2026-08-08T00:31:25+08:00,2026-08-08T00:32:44+08:00,search,mobile,browser,,,北京
e-00-0213-page_view,s-00-0213,anon-0106-0,guide-account,history-v1,page_view,2026-08-07T23:01:52+00:00,2026-08-08T07:02:45+08:00,search,desktop,browser,,,广东
e-01-0032-page_view,s-01-0032,anon-0056-1,guide-device,history-v1,page_view,2026-08-09T21:31:36+08:00,2026-08-09T13:31:49+00:00,home,desktop,browser,,,未知
e-03-0152-page_view,s-03-0152,anon-0073-3,guide-remote,history-v1,page_view,2026-08-04T06:07:56+08:00,2026-08-03T22:09:20+00:00,home,desktop,browser,,,江苏
e-04-0224-read_end,s-04-0224,anon-0066-4,guide-map,history-v1,read_end,2026-08-08T13:00:46+08:00,2026-08-08T05:01:23+00:00,direct,desktop,browser,267,78,上海
e-00-0033-page_view,s-00-0033,anon-0082-0,guide-account,history-v1,page_view,2026-08-11T11:22:24+00:00,2026-08-11T19:23:35+08:00,search,desktop,browser,,,未知
e-04-0072-page_view,s-04-0072,anon-0089-4,guide-map,history-v1,page_view,2026-08-14T01:23:50+00:00,2026-08-14T09:24:52+08:00,home,mobile,browser,,,浙江
e-00-0040-page_view,s-00-0040,anon-0062-0,guide-account,history-v1,page_view,2026-08-11T01:12:51+08:00,2026-08-11T01:13:00+08:00,search,desktop,browser,,,上海
e-01-0118-page_view,s-01-0118,anon-0055-1,guide-device,history-v1,page_view,2026-08-11T02:07:43+08:00,2026-08-11T02:08:43+08:00,search,desktop,browser,,,四川
e-00-0065-read_end,s-00-0065,anon-0093-0,guide-account,history-v1,read_end,2026-08-05T09:51:58+08:00,2026-08-05T01:52:38+00:00,campaign,desktop,browser,156,27,未知
e-01-0122-page_view,s-01-0122,anon-0087-1,guide-device,history-v1,page_view,2026-08-13T06:49:58+08:00,2026-08-12T22:51:00+00:00,search,desktop,browser,,,上海
e-01-0171-page_view,s-01-0171,anon-0003-1,guide-device,history-v1,page_view,2026-08-05T18:56:50+00:00,2026-08-06T02:58:17+08:00,home,desktop,browser,,,四川
e-04-0030-read_end,s-04-0030,anon-0155-4,guide-map,history-v1,read_end,2026-08-10T08:48:04+00:00,2026-08-10T16:49:33+08:00,search,desktop,browser,134,82,上海
e-06-0063-read_end,s-06-0063,anon-0017-6,guide-faq,history-v1,read_end,2026-08-12T19:00:06+00:00,2026-08-13T03:00:58+08:00,search,desktop,browser,156,92,江苏
e-01-0035-page_view,s-01-0035,anon-0018-1,guide-device,history-v1,page_view,2026-08-01T07:34:16+08:00,2026-07-31T23:34:40+00:00,home,mobile,browser,,,上海
e-00-0231-page_view,s-00-0231,anon-0004-0,guide-account,history-v1,page_view,2026-08-02T18:34:28+00:00,2026-08-03T02:34:53+08:00,search,mobile,browser,,,四川
e-00-0135-page_view,s-00-0135,anon-0049-0,guide-account,history-v1,page_view,2026-08-03T21:04:53+00:00,2026-08-04T05:05:07+08:00,search,mobile,browser,,,广东
crawler-0050,crawl-50,,guide-map,history-v1,page_view,2026-08-08T16:10:50+00:00,2026-08-08T16:10:51+00:00,campaign,desktop,crawler,,,四川
e-03-0042-page_view,s-03-0042,anon-0018-3,guide-remote,history-v1,page_view,2026-08-13T19:02:30+00:00,2026-08-14T03:03:09+08:00,search,mobile,browser,,,上海
e-06-0050-read_end,s-06-0050,anon-0023-6,guide-faq,history-v1,read_end,2026-08-04T21:29:24+08:00,2026-08-04T13:30:23+00:00,search,desktop,browser,61,90,上海
e-03-0120-read_end,s-03-0120,anon-0074-3,guide-remote,history-v1,read_end,2026-08-02T16:21:05+00:00,2026-08-03T00:22:32+08:00,search,mobile,browser,28,22,江苏
e-01-0050-page_view,s-01-0050,anon-0085-1,guide-device,history-v1,page_view,2026-08-02T23:28:28+08:00,2026-08-02T15:29:00+00:00,search,mobile,browser,,,上海
e-04-0274-page_view,s-04-0274,anon-0140-4,guide-map,history-v1,page_view,2026-08-08T23:09:01+08:00,2026-08-08T23:10:24+08:00,home,desktop,browser,,,浙江
e-05-0058-page_view,s-05-0058,anon-0038-5,guide-permission,history-v1,page_view,2026-08-02T03:10:01+08:00,2026-08-02T03:10:18+08:00,home,desktop,browser,,,北京
e-03-0114-page_view,s-03-0114,anon-0058-3,guide-remote,history-v1,page_view,2026-08-02T22:23:50+00:00,2026-08-03T06:25:20+08:00,home,mobile,browser,,,北京
e-03-0109-page_view,s-03-0109,anon-0030-3,guide-remote,history-v1,page_view,2026-08-07T10:11:44+08:00,2026-08-07T10:12:14+08:00,search,mobile,browser,,,上海
e-02-0070-read_end,s-02-0070,anon-0026-2,guide-expense,history-v1,read_end,2026-08-03T15:00:08+08:00,2026-08-03T15:00:46+08:00,direct,desktop,browser,3,97,四川
e-02-0004-page_view,s-02-0004,anon-0030-2,guide-expense,history-v1,page_view,2026-08-13T08:36:07+08:00,2026-08-13T08:37:36+08:00,search,desktop,browser,,,浙江
e-01-0177-page_view,s-01-0177,anon-0080-1,guide-device,history-v1,page_view,2026-08-11T06:46:50+00:00,2026-08-11T14:47:46+08:00,search,mobile,browser,,,浙江
e-00-0230-read_end,s-00-0230,anon-0077-0,guide-account,history-v1,read_end,2026-08-12T12:13:01+08:00,2026-08-12T04:13:31+00:00,direct,mobile,browser,177,82,未知
e-03-0105-page_view,s-03-0105,anon-0003-3,guide-remote,history-v1,page_view,2026-08-02T16:30:10+00:00,2026-08-03T00:31:29+08:00,home,mobile,browser,,,广东
e-02-0062-read_end,s-02-0062,anon-0008-2,guide-expense,history-v1,read_end,2026-08-06T02:58:58+08:00,2026-08-05T19:00:20+00:00,search,desktop,browser,126,73,江苏
e-04-0302-read_end,s-04-0302,anon-0121-4,guide-map,history-v1,read_end,2026-08-10T17:56:34+08:00,2026-08-10T09:57:57+00:00,search,desktop,browser,98,72,广东
e-00-0193-page_view,s-00-0193,anon-0042-0,guide-account,history-v1,page_view,2026-08-05T14:50:26+08:00,2026-08-05T14:51:14+08:00,direct,desktop,browser,,,江苏
e-04-0012-page_view,s-04-0012,anon-0115-4,guide-map,history-v1,page_view,2026-08-07T21:50:03+00:00,2026-08-08T05:51:31+08:00,search,mobile,browser,,,广东
e-03-0132-page_view,s-03-0132,anon-0074-3,guide-remote,history-v1,page_view,2026-08-03T12:01:02+00:00,2026-08-03T20:01:37+08:00,search,mobile,browser,,,江苏
e-00-0008-page_view,s-00-0008,anon-0051-0,guide-account,history-v1,page_view,2026-08-10T23:49:33+08:00,2026-08-10T15:50:41+00:00,home,desktop,browser,,,四川
e-03-0042-read_end,s-03-0042,anon-0018-3,guide-remote,history-v1,read_end,2026-08-13T19:03:03+00:00,2026-08-14T03:03:22+08:00,search,mobile,browser,33,16,上海
e-05-0043-page_view,s-05-0043,anon-0005-5,guide-permission,history-v1,page_view,2026-08-04T03:32:20+08:00,2026-08-04T03:33:42+08:00,campaign,desktop,browser,,,上海
e-01-0037-page_view,s-01-0037,anon-0082-1,guide-device,history-v1,page_view,2026-08-04T06:13:07+08:00,2026-08-04T06:13:35+08:00,direct,desktop,browser,,,四川
e-01-0170-read_end,s-01-0170,anon-0021-1,guide-device,history-v1,read_end,2026-08-02T21:27:08+08:00,2026-08-02T13:28:37+00:00,home,desktop,browser,101,46,上海
e-06-0039-page_view,s-06-0039,anon-0013-6,guide-faq,history-v1,page_view,2026-08-03T10:16:09+00:00,2026-08-03T18:17:29+08:00,search,mobile,browser,,,上海
e-01-0017-read_end,s-01-0017,anon-0066-1,guide-device,history-v1,read_end,2026-08-11T12:49:30+08:00,2026-08-11T04:49:34+00:00,search,mobile,browser,54,74,上海
e-03-0049-page_view,s-03-0049,anon-0049-3,guide-remote,history-v1,page_view,2026-08-13T06:52:08+08:00,2026-08-13T06:52:44+08:00,home,mobile,browser,,,未知
e-04-0300-read_end,s-04-0300,anon-0112-4,guide-map,history-v1,read_end,2026-08-02T18:10:00+00:00,2026-08-03T02:11:02+08:00,campaign,mobile,browser,140,82,浙江
e-02-0019-read_end,s-02-0019,,guide-expense,history-v1,read_end,2026-08-05T09:47:46+08:00,2026-08-05T09:49:15+08:00,search,mobile,browser,202,28,上海
e-00-0072-read_end,s-00-0072,,guide-account,history-v1,read_end,2026-08-08T06:04:04+00:00,2026-08-08T14:05:18+08:00,home,mobile,browser,52,43,上海
e-05-0056-read_end,s-05-0056,anon-0040-5,guide-permission,history-v1,read_end,2026-08-04T17:00:07+08:00,2026-08-04T09:01:35+00:00,search,desktop,browser,121,80,浙江
e-04-0226-read_end,s-04-0226,anon-0025-4,guide-map,history-v1,read_end,2026-08-01T02:43:01+08:00,2026-08-01T02:44:15+08:00,home,desktop,browser,119,100,北京
crawler-0063,crawl-63,,guide-map,history-v1,page_view,2026-08-08T16:13:39+00:00,2026-08-08T16:13:40+00:00,campaign,desktop,crawler,,,浙江
e-05-0100-read_end,s-05-0100,anon-0043-5,guide-permission,history-v1,read_end,2026-08-02T00:35:45+08:00,2026-08-02T00:36:52+08:00,search,desktop,browser,3,16,四川
e-03-0111-read_end,s-03-0111,anon-0049-3,guide-remote,history-v1,read_end,2026-08-01T19:44:19+00:00,2026-08-02T03:44:30+08:00,search,desktop,browser,162,72,未知
e-04-0160-read_end,s-04-0160,anon-0138-4,guide-map,history-v1,read_end,2026-08-02T13:50:30+08:00,2026-08-02T13:50:46+08:00,direct,desktop,browser,209,29,北京
e-03-0134-page_view,s-03-0134,anon-0070-3,guide-remote,history-v1,page_view,2026-08-03T08:29:28+08:00,2026-08-03T00:30:07+00:00,home,mobile,browser,,,江苏
e-05-0088-page_view,s-05-0088,anon-0050-5,guide-permission,history-v1,page_view,2026-08-02T06:54:05+08:00,2026-08-02T06:55:24+08:00,direct,desktop,browser,,,浙江
e-04-0104-page_view,s-04-0104,anon-0146-4,guide-map,history-v1,page_view,2026-08-06T16:31:37+08:00,2026-08-06T08:32:40+00:00,direct,desktop,browser,,,浙江
e-00-0143-read_end,s-00-0143,anon-0027-0,guide-account,history-v1,read_end,2026-08-05T01:07:44+08:00,2026-08-04T17:07:59+00:00,direct,desktop,browser,6,37,江苏
edge-09,s-00-0004,anon-0093-0,guide-account,history-v1,read_end,2026-08-14T16:00:00+00:00,2026-08-13T11:01:07+08:00,direct,mobile,browser,116,78,未知
e-04-0160-page_view,s-04-0160,anon-0138-4,guide-map,history-v1,page_view,2026-08-02T13:47:01+08:00,2026-08-02T13:47:42+08:00,direct,desktop,browser,,,北京
e-04-0136-read_end,s-04-0136,anon-0123-4,guide-map,history-v1,read_end,2026-08-10T20:27:05+08:00,2026-08-10T20:27:27+08:00,search,desktop,browser,66,77,上海
e-00-0041-read_end,s-00-0041,anon-0051-0,guide-account,history-v1,read_end,2026-08-04T03:27:08+08:00,2026-08-04T19:27:18+00:00,home,mobile,browser,131,97,四川
e-04-0241-page_view,s-04-0241,anon-0008-4,guide-map,history-v1,page_view,2026-08-03T14:18:31+08:00,2026-08-03T14:18:51+08:00,home,desktop,browser,,,四川
e-06-0050-page_view,s-06-0050,anon-0023-6,guide-faq,history-v1,page_view,2026-08-04T21:28:23+08:00,2026-08-04T13:29:32+00:00,search,desktop,browser,,,上海
e-06-0059-read_end,s-06-0059,anon-0028-6,guide-faq,history-v1,read_end,2026-08-08T09:54:50+08:00,2026-08-08T01:55:20+00:00,home,mobile,browser,3,88,北京
crawler-0131,crawl-131,,guide-map,history-v1,page_view,2026-08-08T16:28:23+00:00,2026-08-08T16:28:24+00:00,campaign,desktop,crawler,,,上海
e-04-0169-page_view,s-04-0169,anon-0149-4,guide-map,history-v1,page_view,2026-08-07T13:48:34+08:00,2026-08-07T13:49:11+08:00,campaign,desktop,browser,,,四川
e-00-0036-page_view,s-00-0036,anon-0074-0,guide-account,history-v1,page_view,2026-08-02T19:37:08+00:00,2026-08-03T03:37:37+08:00,direct,desktop,browser,,,上海
e-04-0018-read_end,s-04-0018,anon-0119-4,guide-map,history-v1,read_end,2026-08-02T17:31:37+00:00,2026-08-03T01:31:45+08:00,direct,desktop,browser,113,95,北京
e-03-0028-page_view,s-03-0028,anon-0048-3,guide-remote,history-v1,page_view,2026-08-04T17:23:40+08:00,2026-08-04T17:24:40+08:00,search,mobile,browser,,,上海
e-04-0306-read_end,s-04-0306,,guide-map,history-v1,read_end,2026-08-04T15:55:59+00:00,2026-08-04T23:57:19+08:00,home,mobile,browser,140,100,浙江
e-03-0079-read_end,s-03-0079,anon-0046-3,guide-remote,history-v1,read_end,2026-08-05T08:29:42+08:00,2026-08-05T08:30:50+08:00,direct,mobile,browser,32,35,北京
e-00-0216-page_view,s-00-0216,anon-0003-0,guide-account,history-v1,page_view,2026-08-09T17:00:15+00:00,2026-08-10T01:00:27+08:00,home,desktop,browser,,,浙江
e-04-0224-page_view,s-04-0224,anon-0066-4,guide-map,history-v1,page_view,2026-08-08T12:56:19+08:00,2026-08-08T04:57:21+00:00,direct,desktop,browser,,,上海
e-04-0172-page_view,s-04-0172,anon-0022-4,guide-map,history-v1,page_view,2026-08-03T01:33:13+08:00,2026-08-03T01:34:17+08:00,direct,desktop,browser,,,浙江
e-04-0121-read_end,s-04-0121,anon-0117-4,guide-map,history-v1,read_end,2026-08-09T15:52:47+08:00,2026-08-09T15:53:11+08:00,campaign,mobile,browser,77,86,上海
e-07-0014-page_view,s-07-0014,anon-0006-7,guide-search,history-v1,page_view,2026-08-13T11:08:12+08:00,2026-08-13T03:09:23+00:00,search,desktop,browser,,,浙江
e-01-0172-read_end,s-01-0172,anon-0083-1,guide-device,history-v1,read_end,2026-08-06T14:32:05+08:00,2026-08-06T14:33:06+08:00,search,mobile,browser,124,78,四川
e-05-0045-page_view,s-05-0045,anon-0028-5,guide-permission,history-v1,page_view,2026-08-07T04:53:58+00:00,2026-08-07T12:55:25+08:00,home,mobile,browser,,,江苏
e-04-0273-read_end,s-04-0273,anon-0028-4,guide-map,history-v1,read_end,2026-08-08T10:09:43+00:00,2026-08-08T18:11:10+08:00,home,mobile,browser,94,88,北京
crawler-0091,crawl-91,,guide-map,history-v1,page_view,2026-08-08T16:19:43+00:00,2026-08-08T16:19:44+00:00,campaign,desktop,crawler,,,未知
e-03-0151-read_end,s-03-0151,anon-0017-3,guide-remote,history-v1,read_end,2026-08-04T15:40:31+08:00,2026-08-04T15:41:40+08:00,campaign,mobile,browser,13,14,浙江
e-05-0032-read_end,s-05-0032,,guide-permission,history-v1,read_end,2026-08-13T01:11:39+08:00,2026-08-12T17:12:47+00:00,search,mobile,browser,264,93,四川
e-01-0099-read_end,s-01-0099,anon-0093-1,guide-device,history-v1,read_end,2026-08-07T14:37:17+00:00,2026-08-07T22:38:18+08:00,search,mobile,browser,112,47,广东
e-03-0127-read_end,s-03-0127,anon-0051-3,guide-remote,history-v1,read_end,2026-08-01T20:48:39+08:00,2026-08-01T20:49:47+08:00,search,desktop,browser,159,93,北京
e-04-0255-page_view,s-04-0255,anon-0007-4,guide-map,history-v1,page_view,2026-08-07T08:55:24+00:00,2026-08-07T16:56:54+08:00,search,mobile,browser,,,上海
e-00-0110-page_view,s-00-0110,anon-0116-0,guide-account,history-v1,page_view,2026-08-13T04:04:20+08:00,2026-08-12T20:04:42+00:00,search,desktop,browser,,,广东
e-04-0177-page_view,s-04-0177,anon-0049-4,guide-map,history-v1,page_view,2026-08-07T01:21:35+00:00,2026-08-07T09:21:49+08:00,campaign,mobile,browser,,,北京
e-00-0018-read_end,s-00-0018,anon-0013-0,guide-account,history-v1,read_end,2026-08-04T22:13:46+00:00,2026-08-05T06:15:04+08:00,search,desktop,browser,47,35,北京
crawler-0000,crawl-0,,guide-map,history-v1,page_view,2026-08-08T16:00:00+00:00,2026-08-08T16:00:01+00:00,campaign,desktop,crawler,,,未知
e-00-0207-page_view,s-00-0207,anon-0048-0,guide-account,history-v1,page_view,2026-08-13T03:47:22+00:00,2026-08-13T11:48:46+08:00,search,desktop,browser,,,未知
e-00-0219-page_view,s-00-0219,anon-0076-0,guide-account,history-v1,page_view,2026-08-12T18:09:35+00:00,2026-08-13T02:10:13+08:00,search,mobile,browser,,,广东
e-00-0182-page_view,s-00-0182,,guide-account,history-v1,page_view,2026-08-06T15:15:42+08:00,2026-08-06T07:16:24+00:00,search,desktop,browser,,,浙江
e-05-0011-page_view,s-05-0011,anon-0009-5,guide-permission,history-v1,page_view,2026-08-13T19:04:33+08:00,2026-08-13T11:05:50+00:00,search,desktop,browser,,,浙江
e-03-0048-page_view,s-03-0048,anon-0022-3,guide-remote,history-v1,page_view,2026-08-01T03:50:59+00:00,2026-08-01T11:51:47+08:00,search,mobile,browser,,,四川
e-00-0032-read_end,s-00-0032,anon-0052-0,guide-account,history-v1,read_end,2026-08-07T11:19:30+08:00,2026-08-07T03:20:40+00:00,direct,mobile,browser,155,100,江苏
e-06-0058-read_end,s-06-0058,anon-0019-6,guide-faq,history-v1,read_end,2026-08-06T19:03:57+08:00,2026-08-06T19:04:03+08:00,search,mobile,browser,52,88,江苏
e-04-0324-read_end,s-04-0324,anon-0160-4,guide-map,history-v1,read_end,2026-08-01T06:03:31+00:00,2026-08-01T14:04:21+08:00,search,desktop,browser,5,88,未知
e-05-0046-page_view,s-05-0046,anon-0027-5,guide-permission,history-v1,page_view,2026-08-04T21:54:22+08:00,2026-08-04T21:55:42+08:00,home,mobile,browser,,,北京
e-02-0008-read_end,s-02-0008,anon-0040-2,guide-expense,history-v1,read_end,2026-08-02T10:36:38+08:00,2026-08-02T02:37:53+00:00,search,desktop,browser,72,99,四川
e-00-0050-read_end,s-00-0050,anon-0044-0,guide-account,history-v1,read_end,2026-08-08T15:28:20+08:00,2026-08-08T07:29:38+00:00,home,mobile,browser,202,99,上海
e-03-0106-page_view,s-03-0106,anon-0072-3,guide-remote,history-v1,page_view,2026-08-07T15:28:42+08:00,2026-08-07T15:28:49+08:00,direct,desktop,browser,,,四川
e-02-0061-page_view,s-02-0061,anon-0031-2,guide-expense,history-v1,page_view,2026-08-04T21:00:09+08:00,2026-08-04T21:00:28+08:00,search,mobile,browser,,,江苏
e-01-0001-page_view,s-01-0001,anon-0086-1,guide-device,history-v1,page_view,2026-08-11T03:58:39+08:00,2026-08-11T03:59:20+08:00,search,desktop,browser,,,四川
e-02-0028-page_view,s-02-0028,,guide-expense,history-v1,page_view,2026-08-12T01:22:16+08:00,2026-08-12T01:23:07+08:00,home,desktop,browser,,,江苏
e-02-0048-read_end,s-02-0048,anon-0011-2,guide-expense,history-v1,read_end,2026-08-07T01:07:41+00:00,2026-08-07T09:07:55+08:00,campaign,desktop,browser,61,78,北京
e-03-0133-read_end,s-03-0133,anon-0047-3,guide-remote,history-v1,read_end,2026-08-10T22:21:14+08:00,2026-08-10T22:21:56+08:00,home,mobile,browser,15,12,上海
e-01-0068-page_view,s-01-0068,anon-0020-1,guide-device,history-v1,page_view,2026-08-11T21:23:37+08:00,2026-08-11T13:23:42+00:00,home,mobile,browser,,,四川
e-05-0057-read_end,s-05-0057,anon-0014-5,guide-permission,history-v1,read_end,2026-07-31T17:59:26+00:00,2026-08-01T01:59:54+08:00,search,desktop,browser,62,93,北京
e-04-0304-read_end,s-04-0304,anon-0015-4,guide-map,history-v1,read_end,2026-08-11T12:22:05+08:00,2026-08-11T12:22:17+08:00,search,desktop,browser,112,97,广东
e-00-0012-page_view,s-00-0012,anon-0053-0,guide-account,history-v1,page_view,2026-08-06T14:34:11+00:00,2026-08-06T22:34:50+08:00,direct,mobile,browser,,,北京
e-02-0018-page_view,s-02-0018,anon-0033-2,guide-expense,history-v1,page_view,2026-08-10T23:30:45+00:00,2026-08-11T07:31:26+08:00,home,desktop,browser,,,浙江
e-03-0082-page_view,s-03-0082,anon-0024-3,guide-remote,history-v1,page_view,2026-08-01T22:17:18+08:00,2026-08-02T22:18:26+08:00,search,desktop,browser,,,未知
e-02-0003-read_end,s-02-0003,anon-0033-2,guide-expense,history-v1,read_end,2026-08-10T10:10:29+00:00,2026-08-10T18:10:39+08:00,direct,desktop,browser,3,79,浙江
e-00-0191-read_end,s-00-0191,anon-0099-0,guide-account,history-v1,read_end,2026-08-08T20:31:36+08:00,2026-08-08T12:32:59+00:00,direct,mobile,browser,106,82,广东
e-06-0055-read_end,s-06-0055,anon-0008-6,guide-faq,history-v1,read_end,2026-08-04T15:48:30+08:00,2026-08-04T15:48:40+08:00,campaign,desktop,browser,16,91,四川
e-05-0096-page_view,s-05-0096,anon-0053-5,guide-permission,history-v1,page_view,2026-07-31T22:30:19+00:00,2026-08-01T06:31:47+08:00,home,desktop,browser,,,北京
e-03-0090-page_view,s-03-0090,anon-0035-3,guide-remote,history-v1,page_view,2026-08-07T16:12:44+00:00,2026-08-08T00:13:36+08:00,search,desktop,browser,,,上海
crawler-0113,crawl-113,,guide-map,history-v1,page_view,2026-08-08T16:24:29+00:00,2026-08-08T16:24:30+00:00,campaign,desktop,crawler,,,浙江
e-04-0047-read_end,s-04-0047,anon-0133-4,guide-map,history-v1,read_end,2026-08-03T00:28:13+08:00,2026-08-02T16:28:21+00:00,home,desktop,browser,20,74,广东
e-05-0065-read_end,s-05-0065,anon-0016-5,guide-permission,history-v1,read_end,2026-08-10T13:06:49+08:00,2026-08-10T05:07:32+00:00,direct,desktop,browser,100,75,四川
e-05-0096-read_end,s-05-0096,anon-0053-5,guide-permission,history-v1,read_end,2026-07-31T22:33:16+00:00,2026-08-01T06:33:53+08:00,home,desktop,browser,177,83,北京
e-04-0202-read_end,s-04-0202,anon-0094-4,guide-map,history-v1,read_end,2026-08-05T00:02:25+08:00,2026-08-05T00:02:45+08:00,home,desktop,browser,17,91,上海
e-00-0053-page_view,s-00-0053,anon-0080-0,guide-account,history-v1,page_view,2026-08-05T23:18:06+08:00,2026-08-05T15:18:38+00:00,direct,desktop,browser,,,上海
e-00-0118-page_view,s-00-0118,anon-0026-0,guide-account,history-v1,page_view,2026-08-06T11:58:49+08:00,2026-08-06T11:59:26+08:00,home,desktop,browser,,,上海
e-04-0264-page_view,s-04-0264,anon-0067-4,guide-map,history-v1,page_view,2026-08-03T05:10:25+00:00,2026-08-03T13:10:36+08:00,search,desktop,browser,,,江苏
e-05-0050-page_view,s-05-0050,,guide-permission,history-v1,page_view,2026-08-14T09:05:02+08:00,2026-08-14T01:05:59+00:00,campaign,desktop,browser,,,广东
e-01-0155-page_view,s-01-0155,anon-0074-1,guide-device,history-v1,page_view,2026-08-13T17:30:35+08:00,2026-08-13T09:31:58+00:00,search,desktop,browser,,,浙江
e-00-0087-page_view,s-00-0087,anon-0019-0,guide-account,history-v1,page_view,2026-08-13T10:50:58+00:00,2026-08-13T18:51:44+08:00,search,mobile,browser,,,四川
e-05-0005-page_view,s-05-0005,anon-0012-5,guide-permission,history-v1,page_view,2026-08-07T10:50:10+08:00,2026-08-07T02:51:24+00:00,search,desktop,browser,,,北京
e-04-0146-page_view,s-04-0146,anon-0064-4,guide-map,history-v1,page_view,2026-08-11T12:04:51+08:00,2026-08-11T04:06:19+00:00,search,mobile,browser,,,上海
e-04-0023-page_view,s-04-0023,anon-0158-4,guide-map,history-v1,page_view,2026-08-05T18:13:40+08:00,2026-08-05T10:14:37+00:00,home,mobile,browser,,,上海
e-04-0325-page_view,s-04-0325,anon-0083-4,guide-map,history-v1,page_view,2026-08-02T20:02:18+08:00,2026-08-02T20:02:26+08:00,search,desktop,browser,,,江苏
e-05-0071-page_view,s-05-0071,,guide-permission,history-v1,page_view,2026-08-12T22:04:56+08:00,2026-08-12T14:05:02+00:00,direct,desktop,browser,,,上海
e-01-0077-page_view,s-01-0077,anon-0032-1,guide-device,history-v1,page_view,2026-08-11T14:32:28+08:00,2026-08-11T06:32:48+00:00,campaign,desktop,browser,,,上海
e-03-0092-page_view,s-03-0092,anon-0065-3,guide-remote,history-v1,page_view,2026-08-02T23:34:28+08:00,2026-08-02T15:35:36+00:00,direct,mobile,browser,,,浙江
e-00-0108-read_end,s-00-0108,anon-0078-0,guide-account,history-v1,read_end,2026-08-10T19:49:10+00:00,2026-08-11T03:50:26+08:00,search,desktop,browser,102,100,江苏
e-04-0228-page_view,s-04-0228,anon-0038-4,guide-map,history-v1,page_view,2026-08-07T14:55:13+00:00,2026-08-07T22:56:19+08:00,search,desktop,browser,,,上海
e-05-0029-read_end,s-05-0029,anon-0047-5,guide-permission,history-v1,read_end,2026-08-08T05:14:37+08:00,2026-08-07T21:15:52+00:00,search,desktop,browser,154,87,未知
e-00-0071-read_end,s-00-0071,anon-0038-0,guide-account,history-v1,read_end,2026-08-11T01:35:52+08:00,2026-08-10T17:36:44+00:00,search,desktop,browser,179,82,未知
crawler-0044,crawl-44,,guide-map,history-v1,page_view,2026-08-08T16:09:32+00:00,2026-08-08T16:09:33+00:00,campaign,desktop,crawler,,,江苏
e-04-0039-read_end,s-04-0039,anon-0109-4,guide-map,history-v1,read_end,2026-08-13T23:15:56+00:00,2026-08-14T07:16:15+08:00,campaign,mobile,browser,106,72,广东
e-06-0045-read_end,s-06-0045,anon-0005-6,guide-faq,history-v1,read_end,2026-08-12T00:09:44+00:00,2026-08-12T08:10:56+08:00,search,desktop,browser,136,92,浙江
e-01-0161-page_view,s-01-0161,anon-0068-1,guide-device,history-v1,page_view,2026-08-12T17:53:09+08:00,2026-08-12T09:54:20+00:00,home,mobile,browser,,,北京
e-02-0079-page_view,s-02-0079,anon-0013-2,guide-expense,history-v1,page_view,2026-08-08T20:02:15+08:00,2026-08-08T20:02:40+08:00,home,mobile,browser,,,四川
e-00-0074-page_view,s-00-0074,anon-0053-0,guide-account,history-v1,page_view,2026-08-10T06:07:13+08:00,2026-08-09T22:07:57+00:00,search,mobile,browser,,,北京
e-04-0121-page_view,s-04-0121,anon-0117-4,guide-map,history-v1,page_view,2026-08-09T15:51:30+08:00,2026-08-09T15:52:16+08:00,campaign,mobile,browser,,,上海
e-04-0217-read_end,s-04-0217,anon-0139-4,guide-map,history-v1,read_end,2026-08-11T22:54:44+08:00,2026-08-11T22:55:40+08:00,search,desktop,browser,242,11,广东
e-00-0179-read_end,s-00-0179,anon-0015-0,guide-account,history-v1,read_end,2026-08-06T07:20:51+08:00,2026-08-05T23:21:21+00:00,search,mobile,browser,149,97,北京
e-05-0070-read_end,s-05-0070,anon-0050-5,guide-permission,history-v1,read_end,2026-08-03T03:12:58+08:00,2026-08-03T03:13:16+08:00,search,desktop,browser,70,55,浙江
e-05-0108-page_view,s-05-0108,anon-0052-5,guide-permission,history-v1,page_view,2026-08-04T02:11:03+00:00,2026-08-04T10:11:47+08:00,search,desktop,browser,,,江苏
e-01-0080-read_end,s-01-0080,,guide-device,history-v1,read_end,2026-08-01T22:58:57+08:00,2026-08-01T14:59:32+00:00,home,mobile,browser,48,5,未知
e-01-0167-read_end,s-01-0167,anon-0040-1,guide-device,history-v1,read_end,2026-08-14T01:31:54+08:00,2026-08-13T17:32:42+00:00,home,desktop,browser,124,98,四川
e-04-0251-page_view,s-04-0251,anon-0114-4,guide-map,history-v1,page_view,2026-08-01T19:30:18+08:00,2026-08-01T11:31:40+00:00,home,desktop,browser,,,四川
e-03-0085-page_view,s-03-0085,anon-0049-3,guide-remote,history-v1,page_view,2026-08-05T16:51:12+08:00,2026-08-05T16:52:09+08:00,search,mobile,browser,,,未知
e-03-0003-read_end,s-03-0003,anon-0014-3,guide-remote,history-v1,read_end,2026-08-09T22:53:17+00:00,2026-08-10T06:54:05+08:00,search,desktop,browser,93,43,未知
e-04-0293-read_end,s-04-0293,anon-0031-4,guide-map,history-v1,read_end,2026-08-08T15:25:13+08:00,2026-08-08T07:26:37+00:00,direct,mobile,browser,187,84,北京
e-04-0059-page_view,s-04-0059,anon-0089-4,guide-map,history-v1,page_view,2026-08-05T14:32:56+08:00,2026-08-05T06:33:06+00:00,campaign,desktop,browser,,,浙江
e-01-0134-read_end,s-01-0134,anon-0035-1,guide-device,history-v1,read_end,2026-08-10T15:15:53+08:00,2026-08-10T07:16:57+00:00,home,mobile,browser,110,30,四川
e-04-0178-page_view,s-04-0178,,guide-map,history-v1,page_view,2026-08-14T15:03:26+08:00,2026-08-14T15:04:44+08:00,campaign,mobile,browser,,,北京
e-00-0259-page_view,s-00-0259,anon-0116-0,guide-account,history-v1,page_view,2026-08-14T21:12:12+08:00,2026-08-14T21:12:18+08:00,home,desktop,browser,,,广东
e-05-0105-read_end,s-05-0105,anon-0009-5,guide-permission,history-v1,read_end,2026-08-01T14:06:05+00:00,2026-08-01T22:07:33+08:00,search,mobile,browser,160,44,浙江
e-01-0175-read_end,s-01-0175,anon-0074-1,guide-device,history-v1,read_end,2026-08-01T22:54:48+08:00,2026-08-01T22:55:11+08:00,direct,mobile,browser,66,6,浙江
e-00-0209-page_view,s-00-0209,anon-0006-0,guide-account,history-v1,page_view,2026-08-13T22:30:25+08:00,2026-08-13T14:31:23+00:00,direct,desktop,browser,,,江苏
e-04-0307-read_end,s-04-0307,anon-0015-4,guide-map,history-v1,read_end,2026-08-05T17:50:33+08:00,2026-08-05T17:51:17+08:00,search,mobile,browser,148,80,广东
e-00-0099-page_view,s-00-0099,anon-0100-0,guide-account,history-v1,page_view,2026-08-13T09:47:02+00:00,2026-08-13T17:47:41+08:00,search,mobile,browser,,,广东
e-03-0065-read_end,s-03-0065,anon-0078-3,guide-remote,history-v1,read_end,2026-08-03T02:15:03+08:00,2026-08-02T18:15:17+00:00,campaign,mobile,browser,20,12,江苏
crawler-0054,crawl-54,,guide-map,history-v1,page_view,2026-08-08T16:11:42+00:00,2026-08-08T16:11:43+00:00,campaign,desktop,crawler,,,江苏
e-00-0187-read_end,s-00-0187,anon-0118-0,guide-account,history-v1,read_end,2026-08-03T22:18:51+08:00,2026-08-03T22:20:20+08:00,home,mobile,browser,165,99,四川
e-00-0113-page_view,s-00-0113,anon-0074-0,guide-account,history-v1,page_view,2026-08-09T02:16:48+08:00,2026-08-08T18:17:50+00:00,search,desktop,browser,,,上海
e-00-0090-page_view,s-00-0090,anon-0095-0,guide-account,history-v1,page_view,2026-08-01T19:53:17+00:00,2026-08-02T03:53:30+08:00,search,desktop,browser,,,江苏
e-04-0206-page_view,s-04-0206,anon-0122-4,guide-map,history-v1,page_view,2026-08-01T12:13:51+08:00,2026-08-01T04:14:54+00:00,search,desktop,browser,,,上海
crawler-0011,crawl-11,,guide-map,history-v1,page_view,2026-08-08T16:02:23+00:00,2026-08-08T16:02:24+00:00,campaign,desktop,crawler,,,北京
crawler-0067,crawl-67,,guide-map,history-v1,page_view,2026-08-08T16:14:31+00:00,2026-08-08T16:14:32+00:00,campaign,desktop,crawler,,,北京
e-07-0012-read_end,s-07-0012,anon-0001-7,guide-search,history-v1,read_end,2026-08-12T16:25:22+00:00,2026-08-13T00:25:48+08:00,direct,desktop,browser,93,96,四川
e-00-0125-page_view,s-00-0125,anon-0117-0,guide-account,history-v1,page_view,2026-08-09T17:52:36+08:00,2026-08-09T09:53:47+00:00,search,desktop,browser,,,未知
e-01-0125-read_end,s-01-0125,anon-0065-1,guide-device,history-v1,read_end,2026-08-01T17:43:15+08:00,2026-08-01T09:43:25+00:00,search,mobile,browser,96,78,江苏
e-04-0229-read_end,s-04-0229,anon-0059-4,guide-map,history-v1,read_end,2026-08-10T15:30:08+08:00,2026-08-10T15:30:16+08:00,search,desktop,browser,52,86,北京
crawler-0149,crawl-149,,guide-map,history-v1,page_view,2026-08-08T16:32:17+00:00,2026-08-08T16:32:18+00:00,campaign,desktop,crawler,,,四川
e-00-0062-page_view,s-00-0062,anon-0126-0,guide-account,history-v1,page_view,2026-08-12T18:11:21+08:00,2026-08-12T10:12:30+00:00,search,desktop,browser,,,江苏
e-00-0153-page_view,s-00-0153,,guide-account,history-v1,page_view,2026-08-09T04:30:26+00:00,2026-08-09T12:31:56+08:00,direct,desktop,browser,,,广东
e-04-0144-page_view,s-04-0144,anon-0108-4,guide-map,history-v1,page_view,2026-08-09T04:03:05+00:00,2026-08-09T12:04:26+08:00,search,desktop,browser,,,北京
e-03-0065-page_view,s-03-0065,anon-0078-3,guide-remote,history-v1,page_view,2026-08-03T02:14:43+08:00,2026-08-02T18:15:47+00:00,campaign,mobile,browser,,,江苏
e-05-0010-page_view,s-05-0010,anon-0044-5,guide-permission,history-v1,page_view,2026-08-01T12:42:06+08:00,2026-08-01T12:42:17+08:00,search,desktop,browser,,,四川
e-00-0136-page_view,s-00-0136,,guide-account,history-v1,page_view,2026-08-09T19:05:31+08:00,2026-08-09T19:06:34+08:00,search,desktop,browser,,,江苏
e-04-0090-read_end,s-04-0090,anon-0042-4,guide-map,history-v1,read_end,2026-08-13T11:55:56+00:00,2026-08-13T19:57:12+08:00,campaign,desktop,browser,6,89,未知
e-04-0259-page_view,s-04-0259,anon-0135-4,guide-map,history-v1,page_view,2026-08-01T01:04:58+08:00,2026-08-01T01:06:03+08:00,search,desktop,browser,,,上海
e-03-0108-read_end,s-03-0108,anon-0014-3,guide-remote,history-v1,read_end,2026-08-13T01:18:16+00:00,2026-08-13T09:18:45+08:00,search,desktop,browser,43,82,未知
e-01-0177-read_end,s-01-0177,anon-0080-1,guide-device,history-v1,read_end,2026-08-11T06:47:49+00:00,2026-08-11T14:48:07+08:00,search,mobile,browser,59,94,浙江
e-06-0012-page_view,s-06-0012,anon-0014-6,guide-faq,history-v1,page_view,2026-08-13T02:11:13+00:00,2026-08-13T10:12:37+08:00,direct,desktop,browser,,,江苏
e-04-0231-read_end,s-04-0231,anon-0046-4,guide-map,history-v1,read_end,2026-08-06T18:30:35+00:00,2026-08-07T02:31:29+08:00,search,desktop,browser,53,80,浙江
e-02-0026-page_view,s-02-0026,anon-0027-2,guide-expense,history-v1,page_view,2026-08-14T10:32:56+08:00,2026-08-14T02:33:28+00:00,search,desktop,browser,,,江苏
e-02-0071-read_end,s-02-0071,anon-0015-2,guide-expense,history-v1,read_end,2026-08-09T05:15:17+08:00,2026-08-08T21:15:44+00:00,search,mobile,browser,213,89,江苏
e-04-0096-page_view,s-04-0096,anon-0053-4,guide-map,history-v1,page_view,2026-08-11T09:07:55+00:00,2026-08-11T17:09:18+08:00,campaign,desktop,browser,,,浙江
e-04-0032-read_end,s-04-0032,anon-0024-4,guide-map,history-v1,read_end,2026-08-07T11:58:24+08:00,2026-08-07T03:59:14+00:00,search,desktop,browser,100,98,北京
e-04-0234-read_end,s-04-0234,anon-0095-4,guide-map,history-v1,read_end,2026-08-10T03:19:47+00:00,2026-08-10T11:20:55+08:00,search,mobile,browser,110,48,四川
e-00-0169-read_end,s-00-0169,anon-0082-0,guide-account,history-v1,read_end,2026-08-13T00:24:03+08:00,2026-08-13T00:25:15+08:00,search,mobile,browser,49,8,未知
e-01-0145-page_view,s-01-0145,anon-0061-1,guide-device,history-v1,page_view,2026-08-10T02:22:43+08:00,2026-08-10T02:22:51+08:00,direct,mobile,browser,,,浙江
e-00-0245-page_view,s-00-0245,anon-0044-0,guide-account,history-v1,page_view,2026-08-11T05:38:36+08:00,2026-08-10T21:39:51+00:00,search,desktop,browser,,,上海
e-04-0020-read_end,s-04-0020,anon-0016-4,guide-map,history-v1,read_end,2026-08-05T16:02:43+08:00,2026-08-05T08:02:59+00:00,home,desktop,browser,96,75,浙江
e-02-0041-page_view,s-02-0041,anon-0044-2,guide-expense,history-v1,page_view,2026-08-05T12:38:20+08:00,2026-08-06T04:39:45+00:00,search,desktop,browser,,,四川
e-04-0025-page_view,s-04-0025,anon-0007-4,guide-map,history-v1,page_view,2026-08-04T16:06:52+08:00,2026-08-04T16:06:53+08:00,home,mobile,browser,,,上海
e-00-0143-page_view,s-00-0143,anon-0027-0,guide-account,history-v1,page_view,2026-08-05T01:07:38+08:00,2026-08-04T17:08:27+00:00,direct,desktop,browser,,,江苏
e-05-0010-read_end,s-05-0010,anon-0044-5,guide-permission,history-v1,read_end,2026-08-01T12:42:41+08:00,2026-08-01T12:43:44+08:00,search,desktop,browser,35,85,四川
e-01-0095-page_view,s-01-0095,anon-0026-1,guide-device,history-v1,page_view,2026-08-03T11:31:57+08:00,2026-08-03T03:33:23+00:00,search,desktop,browser,,,未知
e-04-0120-page_view,s-04-0120,anon-0038-4,guide-map,history-v1,page_view,2026-08-11T01:26:19+00:00,2026-08-11T09:27:27+08:00,search,mobile,browser,,,上海
e-01-0104-read_end,s-01-0104,anon-0009-1,guide-device,history-v1,read_end,2026-08-14T13:05:10+08:00,2026-08-14T05:06:17+00:00,campaign,desktop,browser,57,95,浙江
e-04-0192-page_view,s-04-0192,anon-0141-4,guide-map,history-v1,page_view,2026-08-05T03:39:04+00:00,2026-08-05T11:39:26+08:00,search,desktop,browser,,,四川
e-04-0043-read_end,s-04-0043,anon-0000-4,guide-map,history-v1,read_end,2026-08-01T20:58:05+08:00,2026-08-01T20:59:01+08:00,campaign,desktop,browser,108,97,浙江
e-04-0011-page_view,s-04-0011,anon-0119-4,guide-map,history-v1,page_view,2026-08-04T07:09:16+08:00,2026-08-03T23:09:32+00:00,home,desktop,browser,,,北京
e-01-0051-page_view,s-01-0051,anon-0049-1,guide-device,history-v1,page_view,2026-08-11T21:49:18+00:00,2026-08-12T05:49:54+08:00,home,desktop,browser,,,北京
crawler-0084,crawl-84,,guide-map,history-v1,page_view,2026-08-08T16:18:12+00:00,2026-08-08T16:18:13+00:00,campaign,desktop,crawler,,,北京
e-00-0208-page_view,s-00-0208,anon-0034-0,guide-account,history-v1,page_view,2026-08-13T23:10:33+08:00,2026-08-13T23:11:36+08:00,direct,mobile,browser,,,浙江
e-04-0107-page_view,s-04-0107,anon-0078-4,guide-map,history-v1,page_view,2026-08-03T00:27:58+08:00,2026-08-02T16:28:32+00:00,search,desktop,browser,,,四川
e-02-0013-page_view,s-02-0013,anon-0036-2,guide-expense,history-v1,page_view,2026-08-12T05:03:58+08:00,2026-08-12T05:04:23+08:00,search,desktop,browser,,,浙江
e-05-0062-page_view,s-05-0062,anon-0054-5,guide-permission,history-v1,page_view,2026-08-06T07:43:32+08:00,2026-08-05T23:44:43+00:00,search,mobile,browser,,,广东
e-00-0081-page_view,s-00-0081,,guide-account,history-v1,page_view,2026-08-10T03:42:57+00:00,2026-08-10T11:43:48+08:00,home,desktop,browser,,,浙江
e-00-0038-page_view,s-00-0038,anon-0005-0,guide-account,history-v1,page_view,2026-08-11T08:05:31+08:00,2026-08-11T00:05:53+00:00,home,mobile,browser,,,北京
e-00-0095-page_view,s-00-0095,anon-0127-0,guide-account,history-v1,page_view,2026-08-08T03:40:07+08:00,2026-08-07T19:40:35+00:00,search,desktop,browser,,,广东
e-00-0084-page_view,s-00-0084,anon-0002-0,guide-account,history-v1,page_view,2026-08-01T05:02:32+00:00,2026-08-01T13:03:01+08:00,search,mobile,browser,,,浙江
e-03-0035-page_view,s-03-0035,anon-0023-3,guide-remote,history-v1,page_view,2026-08-11T05:03:31+08:00,2026-08-10T21:04:12+00:00,search,desktop,browser,,,上海
e-00-0022-page_view,s-00-0022,anon-0056-0,guide-account,history-v1,page_view,2026-08-08T10:19:31+08:00,2026-08-08T10:19:32+08:00,home,mobile,browser,,,广东
e-03-0069-page_view,s-03-0069,anon-0032-3,guide-remote,history-v1,page_view,2026-08-05T16:57:37+00:00,2026-08-06T00:58:27+08:00,direct,mobile,browser,,,北京
e-02-0049-page_view,s-02-0049,anon-0009-2,guide-expense,history-v1,page_view,2026-08-11T14:39:30+08:00,2026-08-11T14:40:04+08:00,search,desktop,browser,,,四川
e-04-0006-read_end,s-04-0006,anon-0103-4,guide-map,history-v1,read_end,2026-08-03T05:24:03+00:00,2026-08-03T13:25:28+08:00,campaign,mobile,browser,84,41,北京
crawler-0066,crawl-66,,guide-map,history-v1,page_view,2026-08-08T16:14:18+00:00,2026-08-08T16:14:19+00:00,campaign,desktop,crawler,,,浙江
crawler-0164,crawl-164,,guide-map,history-v1,page_view,2026-08-08T16:35:32+00:00,2026-08-08T16:35:33+00:00,campaign,desktop,crawler,,,上海
e-04-0310-read_end,s-04-0310,anon-0011-4,guide-map,history-v1,read_end,2026-08-14T11:49:29+08:00,2026-08-14T11:49:45+08:00,search,desktop,browser,56,95,广东
e-04-0189-read_end,s-04-0189,anon-0112-4,guide-map,history-v1,read_end,2026-08-03T06:02:49+00:00,2026-08-03T14:04:10+08:00,home,desktop,browser,132,28,浙江
e-00-0028-read_end,s-00-0028,anon-0035-0,guide-account,history-v1,read_end,2026-08-12T13:07:10+08:00,2026-08-12T13:08:32+08:00,search,mobile,browser,171,81,未知
e-00-0042-page_view,s-00-0042,anon-0050-0,guide-account,history-v1,page_view,2026-08-03T03:59:00+00:00,2026-08-03T11:59:36+08:00,direct,desktop,browser,,,四川
e-04-0146-read_end,s-04-0146,anon-0064-4,guide-map,history-v1,read_end,2026-08-11T12:08:06+08:00,2026-08-11T04:08:45+00:00,search,mobile,browser,195,79,上海
e-03-0012-read_end,s-03-0012,anon-0043-3,guide-remote,history-v1,read_end,2026-08-04T15:05:54+00:00,2026-08-04T23:06:34+08:00,home,mobile,browser,6,16,未知
e-02-0036-read_end,s-02-0036,anon-0038-2,guide-expense,history-v1,read_end,2026-08-09T18:54:18+00:00,2026-08-10T02:54:43+08:00,direct,desktop,browser,119,85,江苏
e-04-0116-read_end,s-04-0116,anon-0059-4,guide-map,history-v1,read_end,2026-08-04T06:13:45+08:00,2026-08-03T22:13:55+00:00,direct,mobile,browser,3,76,北京
e-03-0066-page_view,s-03-0066,anon-0037-3,guide-remote,history-v1,page_view,2026-08-01T03:48:11+00:00,2026-08-01T11:48:50+08:00,campaign,mobile,browser,,,未知
e-04-0126-page_view,s-04-0126,anon-0108-4,guide-map,history-v1,page_view,2026-08-07T21:41:20+00:00,2026-08-08T05:42:29+08:00,direct,mobile,browser,,,北京
e-04-0170-read_end,s-04-0170,anon-0138-4,guide-map,history-v1,read_end,2026-08-09T02:43:43+08:00,2026-08-08T18:43:49+00:00,direct,desktop,browser,123,27,北京
e-01-0157-read_end,s-01-0157,anon-0004-1,guide-device,history-v1,read_end,2026-08-11T08:11:29+08:00,2026-08-11T08:11:30+08:00,home,mobile,browser,145,42,江苏
e-04-0172-read_end,s-04-0172,anon-0022-4,guide-map,history-v1,read_end,2026-08-03T01:33:59+08:00,2026-08-03T01:34:22+08:00,direct,desktop,browser,46,88,浙江
e-04-0112-page_view,s-04-0112,,guide-map,history-v1,page_view,2026-08-04T19:03:49+08:00,2026-08-04T19:04:52+08:00,search,desktop,browser,,,四川
e-00-0125-read_end,s-00-0125,anon-0117-0,guide-account,history-v1,read_end,2026-08-09T17:55:23+08:00,2026-08-09T09:56:45+00:00,search,desktop,browser,167,46,未知
e-04-0045-read_end,s-04-0045,anon-0053-4,guide-map,history-v1,read_end,2026-08-05T03:24:33+00:00,2026-08-05T11:25:08+08:00,campaign,mobile,browser,26,84,浙江
e-00-0151-read_end,s-00-0151,anon-0081-0,guide-account,history-v1,read_end,2026-08-02T04:28:15+08:00,2026-08-02T04:29:13+08:00,home,desktop,browser,10,88,四川
crawler-0097,crawl-97,,guide-map,history-v1,page_view,2026-08-08T16:21:01+00:00,2026-08-08T16:21:02+00:00,campaign,desktop,crawler,,,浙江
e-04-0111-read_end,s-04-0111,anon-0075-4,guide-map,history-v1,read_end,2026-08-11T02:32:37+00:00,2026-08-11T10:33:11+08:00,search,mobile,browser,94,77,浙江
e-04-0259-read_end,s-04-0259,anon-0135-4,guide-map,history-v1,read_end,2026-08-01T01:05:01+08:00,2026-08-01T01:05:43+08:00,search,desktop,browser,3,85,上海
e-00-0168-page_view,s-00-0168,anon-0120-0,guide-account,history-v1,page_view,2026-08-01T07:45:40+00:00,2026-08-01T15:46:50+08:00,search,desktop,browser,,,未知
e-04-0265-read_end,s-04-0265,anon-0076-4,guide-map,history-v1,read_end,2026-08-12T20:22:55+08:00,2026-08-12T20:23:57+08:00,campaign,desktop,browser,63,92,浙江
e-00-0235-page_view,s-00-0235,anon-0091-0,guide-account,history-v1,page_view,2026-08-05T01:37:02+08:00,2026-08-05T01:38:17+08:00,search,desktop,browser,,,江苏
crawler-0024,crawl-24,,guide-map,history-v1,page_view,2026-08-08T16:05:12+00:00,2026-08-08T16:05:13+00:00,campaign,desktop,crawler,,,广东
e-04-0316-page_view,s-04-0316,anon-0097-4,guide-map,history-v1,page_view,2026-08-02T21:11:49+08:00,2026-08-02T21:12:41+08:00,campaign,desktop,browser,,,北京
e-04-0270-page_view,s-04-0270,anon-0002-4,guide-map,history-v1,page_view,2026-08-02T13:03:48+00:00,2026-08-02T21:04:16+08:00,search,mobile,browser,,,上海
e-06-0037-read_end,s-06-0037,anon-0000-6,guide-faq,history-v1,read_end,2026-08-08T03:56:37+08:00,2026-08-08T03:57:01+08:00,home,mobile,browser,169,77,未知
e-03-0150-page_view,s-03-0150,anon-0055-3,guide-remote,history-v1,page_view,2026-08-07T02:16:32+00:00,2026-08-07T10:17:37+08:00,home,desktop,browser,,,北京
crawler-0027,crawl-27,,guide-map,history-v1,page_view,2026-08-08T16:05:51+00:00,2026-08-08T16:05:52+00:00,campaign,desktop,crawler,,,上海
e-00-0036-read_end,s-00-0036,anon-0074-0,guide-account,history-v1,read_end,2026-08-02T19:37:57+00:00,2026-08-03T03:38:56+08:00,direct,desktop,browser,49,83,上海
e-03-0034-read_end,s-03-0034,anon-0059-3,guide-remote,history-v1,read_end,2026-08-12T13:49:22+08:00,2026-08-12T13:49:25+08:00,direct,desktop,browser,209,8,未知
e-01-0048-read_end,s-01-0048,anon-0054-1,guide-device,history-v1,read_end,2026-08-05T10:02:14+00:00,2026-08-05T18:03:09+08:00,search,mobile,browser,66,18,浙江
e-00-0168-read_end,s-00-0168,anon-0120-0,guide-account,history-v1,read_end,2026-08-01T07:47:24+00:00,2026-08-01T15:48:34+08:00,search,desktop,browser,104,34,未知
crawler-0121,crawl-121,,guide-map,history-v1,page_view,2026-08-08T16:26:13+00:00,2026-08-08T16:26:14+00:00,campaign,desktop,crawler,,,江苏
e-01-0069-page_view,s-01-0069,anon-0015-1,guide-device,history-v1,page_view,2026-08-09T17:42:46+00:00,2026-08-10T01:43:23+08:00,search,desktop,browser,,,四川
e-03-0088-page_view,s-03-0088,anon-0038-3,guide-remote,history-v1,page_view,2026-08-11T16:02:43+08:00,2026-08-11T16:03:34+08:00,home,mobile,browser,,,北京
e-03-0154-read_end,s-03-0154,anon-0028-3,guide-remote,history-v1,read_end,2026-08-10T12:53:01+08:00,2026-08-10T12:53:55+08:00,direct,desktop,browser,139,55,北京
e-04-0105-page_view,s-04-0105,anon-0047-4,guide-map,history-v1,page_view,2026-08-04T06:15:16+00:00,2026-08-04T14:16:08+08:00,direct,desktop,browser,,,浙江
e-04-0085-read_end,s-04-0085,anon-0129-4,guide-map,history-v1,read_end,2026-08-13T13:11:59+08:00,2026-08-13T13:12:20+08:00,home,desktop,browser,84,84,四川
e-06-0041-read_end,s-06-0041,anon-0028-6,guide-faq,history-v1,read_end,2026-08-12T23:00:18+08:00,2026-08-13T15:00:40+00:00,home,mobile,browser,71,87,北京
e-05-0029-page_view,s-05-0029,anon-0047-5,guide-permission,history-v1,page_view,2026-08-08T05:12:03+08:00,2026-08-07T21:12:59+00:00,search,desktop,browser,,,未知
e-04-0222-page_view,s-04-0222,anon-0148-4,guide-map,history-v1,page_view,2026-08-02T15:17:07+00:00,2026-08-02T23:18:05+08:00,search,desktop,browser,,,四川
e-04-0176-read_end,s-04-0176,anon-0075-4,guide-map,history-v1,read_end,2026-08-09T15:32:16+08:00,2026-08-09T07:33:24+00:00,search,desktop,browser,81,86,浙江
e-03-0149-read_end,s-03-0149,anon-0000-3,guide-remote,history-v1,read_end,2026-08-02T22:33:58+08:00,2026-08-02T14:34:42+00:00,direct,mobile,browser,11,13,广东
e-05-0069-page_view,s-05-0069,anon-0045-5,guide-permission,history-v1,page_view,2026-08-01T08:04:50+00:00,2026-08-01T16:06:05+08:00,direct,desktop,browser,,,四川
e-01-0062-page_view,s-01-0062,anon-0050-1,guide-device,history-v1,page_view,2026-08-06T20:09:54+08:00,2026-08-06T12:09:56+00:00,direct,mobile,browser,,,北京
crawler-0155,crawl-155,,guide-map,history-v1,page_view,2026-08-08T16:33:35+00:00,2026-08-08T16:33:36+00:00,campaign,desktop,crawler,,,四川
e-03-0117-page_view,s-03-0117,anon-0048-3,guide-remote,history-v1,page_view,2026-08-08T05:52:56+00:00,2026-08-08T13:53:44+08:00,direct,desktop,browser,,,上海
e-01-0113-read_end,s-01-0113,anon-0012-1,guide-device,history-v1,read_end,2026-08-01T22:42:05+08:00,2026-08-01T14:42:15+00:00,campaign,desktop,browser,59,83,四川
e-04-0064-read_end,s-04-0064,anon-0046-4,guide-map,history-v1,read_end,2026-08-03T11:09:56+08:00,2026-08-03T11:10:01+08:00,campaign,mobile,browser,112,91,浙江
e-01-0021-read_end,s-01-0021,anon-0037-1,guide-device,history-v1,read_end,2026-08-07T15:53:38+00:00,2026-08-07T23:54:38+08:00,direct,desktop,browser,17,21,四川
e-04-0295-page_view,s-04-0295,anon-0018-4,guide-map,history-v1,page_view,2026-08-13T10:12:09+08:00,2026-08-13T10:13:05+08:00,search,mobile,browser,,,上海
e-06-0049-read_end,s-06-0049,anon-0021-6,guide-faq,history-v1,read_end,2026-08-11T07:22:29+08:00,2026-08-11T07:23:49+08:00,home,desktop,browser,21,52,四川
e-02-0038-page_view,s-02-0038,anon-0044-2,guide-expense,history-v1,page_view,2026-08-02T21:42:40+08:00,2026-08-02T13:43:26+00:00,home,desktop,browser,,,四川
e-03-0024-read_end,s-03-0024,anon-0063-3,guide-remote,history-v1,read_end,2026-08-06T06:40:35+00:00,2026-08-06T14:41:06+08:00,search,desktop,browser,83,36,广东
edge-08,s-00-0004,anon-0093-0,guide-account,history-v1,page_view,2026-07-31T15:59:59+00:00,2026-08-13T10:58:20+08:00,direct,mobile,browser,,,未知
e-03-0091-page_view,s-03-0091,anon-0041-3,guide-remote,history-v1,page_view,2026-08-14T06:56:45+08:00,2026-08-14T06:56:57+08:00,search,desktop,browser,,,上海
e-04-0065-page_view,s-04-0065,anon-0035-4,guide-map,history-v1,page_view,2026-08-08T21:35:50+08:00,2026-08-08T13:36:50+00:00,campaign,mobile,browser,,,上海
e-03-0018-page_view,s-03-0018,anon-0076-3,guide-remote,history-v1,page_view,2026-08-13T21:25:58+00:00,2026-08-14T05:26:05+08:00,search,desktop,browser,,,江苏
e-00-0241-read_end,s-00-0241,anon-0013-0,guide-account,history-v1,read_end,2026-08-14T11:03:17+08:00,2026-08-14T11:03:18+08:00,home,desktop,browser,115,85,北京
e-04-0296-read_end,s-04-0296,anon-0072-4,guide-map,history-v1,read_end,2026-08-11T13:03:28+08:00,2026-08-11T05:03:46+00:00,direct,desktop,browser,28,81,未知
e-01-0124-read_end,s-01-0124,anon-0038-1,guide-device,history-v1,read_end,2026-08-05T04:41:27+08:00,2026-08-05T04:41:40+08:00,search,desktop,browser,81,79,上海
e-05-0014-read_end,s-05-0014,anon-0038-5,guide-permission,history-v1,read_end,2026-08-04T23:22:23+08:00,2026-08-04T15:23:18+00:00,search,mobile,browser,34,96,北京
e-03-0159-page_view,s-03-0159,anon-0056-3,guide-remote,history-v1,page_view,2026-08-10T08:29:23+00:00,2026-08-10T16:29:39+08:00,search,desktop,browser,,,北京
e-01-0073-page_view,s-01-0073,anon-0013-1,guide-device,history-v1,page_view,2026-08-06T22:03:32+08:00,2026-08-06T22:04:45+08:00,direct,desktop,browser,,,上海
crawler-0071,crawl-71,,guide-map,history-v1,page_view,2026-08-08T16:15:23+00:00,2026-08-08T16:15:24+00:00,campaign,desktop,crawler,,,北京
e-05-0050-read_end,s-05-0050,,guide-permission,history-v1,read_end,2026-08-14T09:07:13+08:00,2026-08-14T01:08:36+00:00,campaign,desktop,browser,131,86,广东
e-04-0115-read_end,s-04-0115,,guide-map,history-v1,read_end,2026-08-07T01:27:27+08:00,2026-08-07T01:28:43+08:00,home,mobile,browser,68,91,广东
e-02-0042-page_view,s-02-0042,anon-0033-2,guide-expense,history-v1,page_view,2026-08-03T17:58:10+00:00,2026-08-04T01:58:16+08:00,search,mobile,browser,,,浙江
e-06-0061-page_view,s-06-0061,anon-0004-6,guide-faq,history-v1,page_view,2026-08-02T07:07:22+08:00,2026-08-02T07:08:00+08:00,search,mobile,browser,,,未知
e-00-0219-read_end,s-00-0219,anon-0076-0,guide-account,history-v1,read_end,2026-08-12T18:10:30+00:00,2026-08-13T02:10:57+08:00,search,mobile,browser,55,33,广东
crawler-0047,crawl-47,,guide-map,history-v1,page_view,2026-08-08T16:10:11+00:00,2026-08-08T16:10:12+00:00,campaign,desktop,crawler,,,上海
e-01-0100-read_end,s-01-0100,anon-0082-1,guide-device,history-v1,read_end,2026-08-02T12:59:48+08:00,2026-08-02T13:01:16+08:00,home,mobile,browser,124,46,四川
e-00-0160-read_end,s-00-0160,anon-0019-0,guide-account,history-v1,read_end,2026-08-07T07:35:08+08:00,2026-08-07T07:36:04+08:00,search,desktop,browser,130,74,四川
e-05-0099-read_end,s-05-0099,anon-0010-5,guide-permission,history-v1,read_end,2026-08-03T06:28:49+00:00,2026-08-03T14:29:47+08:00,search,desktop,browser,135,47,江苏
e-03-0061-page_view,s-03-0061,anon-0059-3,guide-remote,history-v1,page_view,2026-08-04T22:07:11+08:00,2026-08-04T22:07:34+08:00,search,mobile,browser,,,未知
e-00-0064-page_view,s-00-0064,anon-0048-0,guide-account,history-v1,page_view,2026-08-10T23:25:10+08:00,2026-08-10T23:26:00+08:00,search,mobile,browser,,,未知
e-00-0255-page_view,s-00-0255,anon-0065-0,guide-account,history-v1,page_view,2026-08-08T04:49:42+00:00,2026-08-08T12:50:25+08:00,search,desktop,browser,,,四川
e-01-0064-read_end,s-01-0064,anon-0027-1,guide-device,history-v1,read_end,2026-08-09T15:29:48+08:00,2026-08-09T15:31:17+08:00,home,desktop,browser,115,97,江苏
e-03-0128-read_end,s-03-0128,anon-0001-3,guide-remote,history-v1,read_end,2026-08-11T04:27:38+08:00,2026-08-10T20:28:58+00:00,home,desktop,browser,84,17,北京
e-02-0009-page_view,s-02-0009,anon-0000-2,guide-expense,history-v1,page_view,2026-08-03T04:51:24+00:00,2026-08-03T12:52:43+08:00,search,desktop,browser,,,四川
e-04-0233-page_view,s-04-0233,anon-0075-4,guide-map,history-v1,page_view,2026-08-13T15:23:22+08:00,2026-08-13T07:24:14+00:00,campaign,mobile,browser,,,浙江
e-04-0254-read_end,s-04-0254,anon-0151-4,guide-map,history-v1,read_end,2026-08-05T22:40:34+08:00,2026-08-05T14:41:31+00:00,home,desktop,browser,24,21,未知
e-00-0041-page_view,s-00-0041,anon-0051-0,guide-account,history-v1,page_view,2026-08-04T03:24:57+08:00,2026-08-04T19:25:07+00:00,home,mobile,browser,,,四川
e-04-0279-page_view,s-04-0279,anon-0018-4,guide-map,history-v1,page_view,2026-08-07T19:26:30+00:00,2026-08-08T03:26:39+08:00,campaign,mobile,browser,,,上海
crawler-0003,crawl-3,,guide-map,history-v1,page_view,2026-08-08T16:00:39+00:00,2026-08-08T16:00:40+00:00,campaign,desktop,crawler,,,四川
e-01-0116-read_end,s-01-0116,anon-0077-1,guide-device,history-v1,read_end,2026-08-03T17:07:58+08:00,2026-08-03T09:08:00+00:00,search,desktop,browser,3,80,浙江
e-04-0083-read_end,s-04-0083,anon-0110-4,guide-map,history-v1,read_end,2026-08-02T04:27:48+08:00,2026-08-01T20:29:05+00:00,search,mobile,browser,178,93,上海
crawler-0005,crawl-5,,guide-map,history-v1,page_view,2026-08-08T16:01:05+00:00,2026-08-08T16:01:06+00:00,campaign,desktop,crawler,,,四川
e-05-0095-read_end,s-05-0095,anon-0043-5,guide-permission,history-v1,read_end,2026-08-06T05:37:53+08:00,2026-08-05T21:37:58+00:00,campaign,desktop,browser,29,75,四川
e-04-0113-read_end,s-04-0113,anon-0046-4,guide-map,history-v1,read_end,2026-08-07T03:43:56+08:00,2026-08-06T19:45:14+00:00,direct,mobile,browser,123,95,浙江
e-06-0018-page_view,s-06-0018,anon-0016-6,guide-faq,history-v1,page_view,2026-08-12T03:24:02+00:00,2026-08-12T11:24:23+08:00,home,mobile,browser,,,广东
e-02-0050-page_view,s-02-0050,anon-0008-2,guide-expense,history-v1,page_view,2026-08-06T07:29:19+08:00,2026-08-05T23:30:20+00:00,campaign,mobile,browser,,,江苏
e-01-0083-page_view,s-01-0083,anon-0067-1,guide-device,history-v1,page_view,2026-08-13T23:03:47+08:00,2026-08-13T15:04:18+00:00,direct,desktop,browser,,,北京
e-05-0047-page_view,s-05-0047,anon-0005-5,guide-permission,history-v1,page_view,2026-08-08T22:23:48+08:00,2026-08-08T14:23:51+00:00,search,desktop,browser,,,上海
e-00-0212-read_end,s-00-0212,anon-0071-0,guide-account,history-v1,read_end,2026-08-10T03:07:37+08:00,2026-08-09T19:08:06+00:00,direct,mobile,browser,3,51,广东
e-04-0199-page_view,s-04-0199,anon-0087-4,guide-map,history-v1,page_view,2026-08-10T19:35:01+08:00,2026-08-10T19:36:07+08:00,campaign,mobile,browser,,,江苏
e-03-0098-page_view,s-03-0098,anon-0035-3,guide-remote,history-v1,page_view,2026-08-08T09:59:06+08:00,2026-08-08T02:00:12+00:00,direct,desktop,browser,,,上海
e-02-0077-page_view,s-02-0077,,guide-expense,history-v1,page_view,2026-08-04T14:57:15+08:00,2026-08-04T06:58:34+00:00,campaign,desktop,browser,,,上海
e-01-0052-read_end,s-01-0052,anon-0065-1,guide-device,history-v1,read_end,2026-08-11T21:50:40+08:00,2026-08-11T21:51:17+08:00,campaign,desktop,browser,3,80,江苏
e-05-0101-read_end,s-05-0101,anon-0014-5,guide-permission,history-v1,read_end,2026-08-14T14:22:45+08:00,2026-08-14T06:23:47+00:00,home,mobile,browser,99,89,北京
crawler-0088,crawl-88,,guide-map,history-v1,page_view,2026-08-08T16:19:04+00:00,2026-08-08T16:19:05+00:00,campaign,desktop,crawler,,,江苏
e-01-0119-read_end,s-01-0119,anon-0058-1,guide-device,history-v1,read_end,2026-08-03T22:17:30+08:00,2026-08-03T14:17:32+00:00,search,mobile,browser,115,97,广东
e-04-0071-read_end,s-04-0071,anon-0148-4,guide-map,history-v1,read_end,2026-08-10T12:38:40+08:00,2026-08-10T04:39:06+00:00,direct,desktop,browser,41,54,四川
e-00-0210-page_view,s-00-0210,anon-0093-0,guide-account,history-v1,page_view,2026-07-31T18:21:03+00:00,2026-08-01T02:21:27+08:00,home,desktop,browser,,,未知
e-00-0003-read_end,s-00-0003,anon-0094-0,guide-account,history-v1,read_end,2026-08-02T11:36:57+00:00,2026-08-02T19:37:01+08:00,home,desktop,browser,139,78,上海
e-03-0079-page_view,s-03-0079,anon-0046-3,guide-remote,history-v1,page_view,2026-08-05T08:29:10+08:00,2026-08-05T08:29:42+08:00,direct,mobile,browser,,,北京
e-02-0041-read_end,s-02-0041,anon-0044-2,guide-expense,history-v1,read_end,2026-08-05T12:39:52+08:00,2026-08-06T04:41:04+00:00,search,desktop,browser,92,5,四川
e-00-0110-read_end,s-00-0110,anon-0116-0,guide-account,history-v1,read_end,2026-08-13T04:05:09+08:00,2026-08-12T20:06:26+00:00,search,desktop,browser,49,78,广东
e-03-0114-read_end,s-03-0114,anon-0058-3,guide-remote,history-v1,read_end,2026-08-02T22:23:58+00:00,2026-08-03T06:24:59+08:00,home,mobile,browser,8,35,北京
e-00-0222-read_end,s-00-0222,anon-0088-0,guide-account,history-v1,read_end,2026-08-14T12:31:50+00:00,2026-08-14T20:32:42+08:00,direct,mobile,browser,48,30,四川
e-05-0091-read_end,s-05-0091,anon-0024-5,guide-permission,history-v1,read_end,2026-08-11T08:35:57+08:00,2026-08-11T08:36:40+08:00,direct,mobile,browser,103,33,广东
e-04-0168-read_end,s-04-0168,anon-0074-4,guide-map,history-v1,read_end,2026-08-04T16:08:39+00:00,2026-08-05T00:09:50+08:00,search,desktop,browser,107,92,未知
e-00-0104-page_view,s-00-0104,anon-0098-0,guide-account,history-v1,page_view,2026-08-03T05:45:52+08:00,2026-08-02T21:47:14+00:00,direct,mobile,browser,,,四川
e-05-0103-page_view,s-05-0103,anon-0004-5,guide-permission,history-v1,page_view,2026-08-05T15:38:54+08:00,2026-08-05T15:38:55+08:00,search,desktop,browser,,,江苏
e-00-0158-page_view,s-00-0158,,guide-account,history-v1,page_view,2026-08-06T22:50:35+08:00,2026-08-06T14:50:37+00:00,search,desktop,browser,,,四川
crawler-0124,crawl-124,,guide-map,history-v1,page_view,2026-08-08T16:26:52+00:00,2026-08-08T16:26:53+00:00,campaign,desktop,crawler,,,江苏
e-04-0060-page_view,s-04-0060,anon-0090-4,guide-map,history-v1,page_view,2026-08-11T09:23:30+00:00,2026-08-11T17:23:50+08:00,home,desktop,browser,,,四川
e-00-0224-read_end,s-00-0224,anon-0003-0,guide-account,history-v1,read_end,2026-08-04T13:45:20+08:00,2026-08-04T05:46:01+00:00,home,desktop,browser,71,33,浙江
e-00-0189-page_view,s-00-0189,anon-0110-0,guide-account,history-v1,page_view,2026-08-14T05:59:16+00:00,2026-08-14T13:59:38+08:00,direct,desktop,browser,,,上海
e-03-0113-read_end,s-03-0113,anon-0020-3,guide-remote,history-v1,read_end,2026-08-05T11:57:31+08:00,2026-08-05T03:58:15+00:00,search,desktop,browser,63,50,四川
e-03-0006-read_end,s-03-0006,anon-0053-3,guide-remote,history-v1,read_end,2026-08-03T00:14:47+00:00,2026-08-03T08:15:58+08:00,home,mobile,browser,20,13,广东
e-06-0004-page_view,s-06-0004,anon-0006-6,guide-faq,history-v1,page_view,2026-08-08T19:30:40+08:00,2026-08-08T19:31:41+08:00,search,mobile,browser,,,未知
e-01-0023-page_view,s-01-0023,anon-0080-1,guide-device,history-v1,page_view,2026-08-13T23:59:26+08:00,2026-08-13T15:59:56+00:00,search,desktop,browser,,,浙江
e-01-0152-page_view,s-01-0152,anon-0089-1,guide-device,history-v1,page_view,2026-08-10T06:58:14+08:00,2026-08-09T22:58:32+00:00,search,desktop,browser,,,北京
e-03-0000-read_end,s-03-0000,anon-0059-3,guide-remote,history-v1,read_end,2026-08-02T14:40:29+00:00,2026-08-03T22:41:48+08:00,direct,desktop,browser,245,34,未知
e-07-0005-read_end,s-07-0005,anon-0006-7,guide-search,history-v1,read_end,2026-08-14T02:58:02+08:00,2026-08-13T18:58:31+00:00,search,mobile,browser,34,87,浙江
e-00-0258-read_end,s-00-0258,,guide-account,history-v1,read_end,2026-08-07T07:14:04+00:00,2026-08-07T15:15:03+08:00,home,mobile,browser,133,39,浙江
e-04-0149-page_view,s-04-0149,anon-0124-4,guide-map,history-v1,page_view,2026-08-04T20:23:48+08:00,2026-08-04T12:24:57+00:00,search,mobile,browser,,,未知
e-00-0147-page_view,s-00-0147,anon-0034-0,guide-account,history-v1,page_view,2026-08-14T12:25:55+00:00,2026-08-14T20:27:16+08:00,campaign,mobile,browser,,,浙江
e-02-0067-page_view,s-02-0067,anon-0009-2,guide-expense,history-v1,page_view,2026-08-03T21:08:51+08:00,2026-08-03T21:09:38+08:00,search,mobile,browser,,,四川
e-03-0120-page_view,s-03-0120,anon-0074-3,guide-remote,history-v1,page_view,2026-08-02T16:20:37+00:00,2026-08-03T00:21:11+08:00,search,mobile,browser,,,江苏
e-03-0135-page_view,s-03-0135,anon-0010-3,guide-remote,history-v1,page_view,2026-07-31T23:17:13+00:00,2026-08-01T07:18:09+08:00,direct,desktop,browser,,,未知
e-00-0225-read_end,s-00-0225,anon-0049-0,guide-account,history-v1,read_end,2026-08-14T05:56:39+00:00,2026-08-14T13:58:05+08:00,home,desktop,browser,78,77,广东
e-04-0143-page_view,s-04-0143,anon-0066-4,guide-map,history-v1,page_view,2026-08-01T08:53:52+08:00,2026-08-01T00:54:33+00:00,home,mobile,browser,,,上海
e-04-0077-page_view,s-04-0077,anon-0070-4,guide-map,history-v1,page_view,2026-08-09T08:46:39+08:00,2026-08-09T00:47:39+00:00,direct,desktop,browser,,,未知
e-03-0025-read_end,s-03-0025,anon-0055-3,guide-remote,history-v1,read_end,2026-08-01T20:08:28+08:00,2026-08-01T20:09:42+08:00,direct,desktop,browser,136,95,北京
e-02-0055-page_view,s-02-0055,anon-0044-2,guide-expense,history-v1,page_view,2026-08-02T06:02:06+08:00,2026-08-02T06:02:18+08:00,search,mobile,browser,,,四川
crawler-0038,crawl-38,,guide-map,history-v1,page_view,2026-08-08T16:08:14+00:00,2026-08-08T16:08:15+00:00,campaign,desktop,crawler,,,四川
e-04-0299-page_view,s-04-0299,anon-0038-4,guide-map,history-v1,page_view,2026-08-06T02:05:53+08:00,2026-08-05T18:07:23+00:00,search,desktop,browser,,,上海
e-00-0252-read_end,s-00-0252,anon-0060-0,guide-account,history-v1,read_end,2026-08-06T20:14:39+00:00,2026-08-07T04:15:42+08:00,home,desktop,browser,141,77,未知
e-04-0176-page_view,s-04-0176,anon-0075-4,guide-map,history-v1,page_view,2026-08-09T15:30:55+08:00,2026-08-09T07:31:56+00:00,search,desktop,browser,,,浙江
e-01-0063-read_end,s-01-0063,anon-0034-1,guide-device,history-v1,read_end,2026-08-02T09:57:59+00:00,2026-08-02T17:58:16+08:00,campaign,mobile,browser,248,38,浙江
e-04-0294-read_end,s-04-0294,anon-0013-4,guide-map,history-v1,read_end,2026-08-01T10:32:31+00:00,2026-08-01T18:32:47+08:00,search,desktop,browser,112,99,浙江
e-04-0032-page_view,s-04-0032,anon-0024-4,guide-map,history-v1,page_view,2026-08-07T11:56:44+08:00,2026-08-07T03:58:08+00:00,search,desktop,browser,,,北京
crawler-0081,crawl-81,,guide-map,history-v1,page_view,2026-08-08T16:17:33+00:00,2026-08-08T16:17:34+00:00,campaign,desktop,crawler,,,浙江
e-04-0246-read_end,s-04-0246,anon-0009-4,guide-map,history-v1,read_end,2026-08-01T16:00:23+00:00,2026-08-03T00:00:58+08:00,campaign,mobile,browser,110,22,北京
e-00-0186-page_view,s-00-0186,anon-0112-0,guide-account,history-v1,page_view,2026-08-02T18:06:59+00:00,2026-08-03T02:07:52+08:00,search,mobile,browser,,,上海
e-00-0075-read_end,s-00-0075,anon-0015-0,guide-account,history-v1,read_end,2026-08-04T02:14:23+00:00,2026-08-04T10:15:11+08:00,search,mobile,browser,55,81,北京
e-06-0019-page_view,s-06-0019,anon-0009-6,guide-faq,history-v1,page_view,2026-08-04T23:15:51+08:00,2026-08-04T23:16:07+08:00,search,mobile,browser,,,江苏
e-01-0065-read_end,s-01-0065,,guide-device,history-v1,read_end,2026-08-03T20:44:21+08:00,2026-08-03T12:44:46+00:00,search,mobile,browser,168,99,上海
e-05-0083-read_end,s-05-0083,anon-0031-5,guide-permission,history-v1,read_end,2026-08-11T11:09:49+08:00,2026-08-11T03:11:08+00:00,search,mobile,browser,3,82,上海
e-04-0192-read_end,s-04-0192,anon-0141-4,guide-map,history-v1,read_end,2026-08-05T03:39:27+00:00,2026-08-05T11:40:37+08:00,search,desktop,browser,23,92,四川
e-00-0050-page_view,s-00-0050,anon-0044-0,guide-account,history-v1,page_view,2026-08-08T15:24:58+08:00,2026-08-08T07:25:41+00:00,home,mobile,browser,,,上海
e-02-0010-read_end,s-02-0010,anon-0032-2,guide-expense,history-v1,read_end,2026-08-03T21:41:40+08:00,2026-08-03T21:42:44+08:00,home,desktop,browser,172,97,未知
e-01-0025-page_view,s-01-0025,anon-0032-1,guide-device,history-v1,page_view,2026-08-10T10:08:36+08:00,2026-08-10T10:08:37+08:00,search,desktop,browser,,,上海
e-01-0070-page_view,s-01-0070,anon-0074-1,guide-device,history-v1,page_view,2026-08-04T23:51:09+08:00,2026-08-04T23:51:12+08:00,campaign,mobile,browser,,,浙江
e-00-0127-read_end,s-00-0127,anon-0107-0,guide-account,history-v1,read_end,2026-08-01T02:21:18+08:00,2026-08-01T02:22:43+08:00,home,desktop,browser,104,21,江苏
e-06-0023-page_view,s-06-0023,anon-0001-6,guide-faq,history-v1,page_view,2026-08-13T10:00:56+08:00,2026-08-13T02:01:00+00:00,direct,mobile,browser,,,上海
e-00-0088-page_view,s-00-0088,anon-0128-0,guide-account,history-v1,page_view,2026-08-11T11:44:41+08:00,2026-08-11T11:45:38+08:00,search,mobile,browser,,,四川
e-03-0034-page_view,s-03-0034,anon-0059-3,guide-remote,history-v1,page_view,2026-08-12T13:45:53+08:00,2026-08-12T13:47:11+08:00,direct,desktop,browser,,,未知
crawler-0132,crawl-132,,guide-map,history-v1,page_view,2026-08-08T16:28:36+00:00,2026-08-08T16:28:37+00:00,campaign,desktop,crawler,,,北京
e-07-0002-page_view,s-07-0002,anon-0006-7,guide-search,history-v1,page_view,2026-08-13T12:07:00+08:00,2026-08-13T04:08:18+00:00,search,desktop,browser,,,浙江
e-04-0154-page_view,s-04-0154,anon-0098-4,guide-map,history-v1,page_view,2026-08-14T15:27:30+08:00,2026-08-14T15:28:52+08:00,home,mobile,browser,,,北京
e-04-0180-read_end,s-04-0180,anon-0084-4,guide-map,history-v1,read_end,2026-08-02T04:11:56+00:00,2026-08-02T12:12:27+08:00,search,desktop,browser,231,95,江苏
e-03-0002-read_end,s-03-0002,anon-0008-3,guide-remote,history-v1,read_end,2026-08-07T10:23:55+08:00,2026-08-07T02:25:20+00:00,home,desktop,browser,149,82,江苏
e-00-0187-page_view,s-00-0187,anon-0118-0,guide-account,history-v1,page_view,2026-08-03T22:16:06+08:00,2026-08-03T22:17:32+08:00,home,mobile,browser,,,四川
e-03-0023-page_view,s-03-0023,anon-0046-3,guide-remote,history-v1,page_view,2026-08-06T02:40:25+08:00,2026-08-05T18:40:57+00:00,search,mobile,browser,,,北京
e-05-0035-page_view,s-05-0035,anon-0054-5,guide-permission,history-v1,page_view,2026-08-12T04:42:44+08:00,2026-08-11T20:44:08+00:00,direct,mobile,browser,,,广东
e-06-0000-page_view,s-06-0000,anon-0018-6,guide-faq,history-v1,page_view,2026-08-12T15:54:13+00:00,2026-08-13T23:54:50+08:00,search,mobile,browser,,,浙江
e-03-0115-page_view,s-03-0115,anon-0062-3,guide-remote,history-v1,page_view,2026-08-10T00:29:20+08:00,2026-08-10T00:30:43+08:00,search,desktop,browser,,,北京
e-05-0090-page_view,s-05-0090,anon-0047-5,guide-permission,history-v1,page_view,2026-08-12T12:07:47+00:00,2026-08-12T20:09:14+08:00,campaign,mobile,browser,,,未知
e-01-0109-page_view,s-01-0109,anon-0068-1,guide-device,history-v1,page_view,2026-08-02T20:13:33+08:00,2026-08-02T20:14:43+08:00,home,mobile,browser,,,北京
e-00-0204-page_view,s-00-0204,anon-0040-0,guide-account,history-v1,page_view,2026-08-13T19:17:57+00:00,2026-08-14T03:19:22+08:00,search,desktop,browser,,,上海
e-06-0001-page_view,s-06-0001,,guide-faq,history-v1,page_view,2026-08-09T06:38:35+08:00,2026-08-09T06:38:40+08:00,search,mobile,browser,,,四川
e-03-0002-page_view,s-03-0002,anon-0008-3,guide-remote,history-v1,page_view,2026-08-07T10:21:26+08:00,2026-08-07T02:21:55+00:00,home,desktop,browser,,,江苏
crawler-0041,crawl-41,,guide-map,history-v1,page_view,2026-08-08T16:08:53+00:00,2026-08-08T16:08:54+00:00,campaign,desktop,crawler,,,四川
e-00-0123-read_end,s-00-0123,anon-0124-0,guide-account,history-v1,read_end,2026-08-02T07:28:54+00:00,2026-08-03T15:29:45+08:00,search,desktop,browser,3,91,未知
e-00-0051-read_end,s-00-0051,anon-0100-0,guide-account,history-v1,read_end,2026-08-05T17:18:54+00:00,2026-08-06T01:19:50+08:00,campaign,desktop,browser,139,11,广东
e-02-0083-read_end,s-02-0083,,guide-expense,history-v1,read_end,2026-08-06T02:13:22+08:00,2026-08-05T18:14:23+00:00,direct,mobile,browser,60,86,四川
e-00-0085-read_end,s-00-0085,anon-0055-0,guide-account,history-v1,read_end,2026-08-14T18:08:42+08:00,2026-08-14T18:08:56+08:00,search,mobile,browser,117,99,四川
e-03-0013-page_view,s-03-0013,anon-0056-3,guide-remote,history-v1,page_view,2026-08-02T16:19:48+08:00,2026-08-02T16:20:38+08:00,direct,desktop,browser,,,北京
e-00-0019-page_view,s-00-0019,anon-0108-0,guide-account,history-v1,page_view,2026-08-14T20:02:37+08:00,2026-08-14T20:03:42+08:00,direct,desktop,browser,,,江苏
e-00-0205-page_view,s-00-0205,anon-0126-0,guide-account,history-v1,page_view,2026-08-12T14:58:01+08:00,2026-08-13T14:59:13+08:00,direct,mobile,browser,,,江苏
e-00-0239-page_view,s-00-0239,anon-0035-0,guide-account,history-v1,page_view,2026-08-07T16:26:57+08:00,2026-08-07T08:26:59+00:00,search,mobile,browser,,,未知
e-00-0119-read_end,s-00-0119,anon-0070-0,guide-account,history-v1,read_end,2026-08-02T02:35:14+08:00,2026-08-01T18:35:27+00:00,search,mobile,browser,258,99,广东
e-04-0103-page_view,s-04-0103,anon-0015-4,guide-map,history-v1,page_view,2026-08-10T09:06:19+08:00,2026-08-10T09:06:21+08:00,home,desktop,browser,,,广东
e-06-0015-page_view,s-06-0015,anon-0021-6,guide-faq,history-v1,page_view,2026-08-13T09:11:28+00:00,2026-08-13T17:11:30+08:00,search,desktop,browser,,,四川
e-01-0121-page_view,s-01-0121,anon-0007-1,guide-device,history-v1,page_view,2026-08-09T08:25:54+08:00,2026-08-09T08:26:30+08:00,search,mobile,browser,,,北京
e-04-0059-read_end,s-04-0059,anon-0089-4,guide-map,history-v1,read_end,2026-08-05T14:34:09+08:00,2026-08-05T06:34:28+00:00,campaign,desktop,browser,73,54,浙江
e-06-0026-read_end,s-06-0026,,guide-faq,history-v1,read_end,2026-08-01T03:35:00+08:00,2026-07-31T19:35:48+00:00,search,desktop,browser,141,94,江苏
crawler-0152,crawl-152,,guide-map,history-v1,page_view,2026-08-08T16:32:56+00:00,2026-08-08T16:32:57+00:00,campaign,desktop,crawler,,,广东
e-05-0023-read_end,s-05-0023,anon-0017-5,guide-permission,history-v1,read_end,2026-08-14T05:12:09+08:00,2026-08-13T21:13:19+00:00,search,desktop,browser,6,20,未知
e-01-0175-page_view,s-01-0175,anon-0074-1,guide-device,history-v1,page_view,2026-08-01T22:53:42+08:00,2026-08-01T22:54:12+08:00,direct,mobile,browser,,,浙江
e-05-0018-page_view,s-05-0018,anon-0049-5,guide-permission,history-v1,page_view,2026-08-03T08:00:57+00:00,2026-08-03T16:01:07+08:00,search,mobile,browser,,,上海
e-00-0181-read_end,s-00-0181,anon-0019-0,guide-account,history-v1,read_end,2026-08-07T13:35:24+08:00,2026-08-07T13:35:30+08:00,home,desktop,browser,167,52,四川
e-00-0197-page_view,s-00-0197,anon-0118-0,guide-account,history-v1,page_view,2026-08-08T03:52:57+08:00,2026-08-07T19:54:25+00:00,home,mobile,browser,,,四川
e-04-0165-read_end,s-04-0165,anon-0028-4,guide-map,history-v1,read_end,2026-08-09T22:03:05+00:00,2026-08-10T06:04:21+08:00,direct,desktop,browser,74,84,北京
e-00-0192-read_end,s-00-0192,anon-0055-0,guide-account,history-v1,read_end,2026-08-12T22:16:30+00:00,2026-08-13T06:16:40+08:00,search,desktop,browser,139,17,四川
e-04-0171-page_view,s-04-0171,anon-0078-4,guide-map,history-v1,page_view,2026-08-07T17:58:33+00:00,2026-08-08T01:58:45+08:00,search,desktop,browser,,,四川
e-00-0097-page_view,s-00-0097,anon-0040-0,guide-account,history-v1,page_view,2026-08-04T15:45:18+08:00,2026-08-04T15:46:22+08:00,search,mobile,browser,,,上海
e-05-0103-read_end,s-05-0103,anon-0004-5,guide-permission,history-v1,read_end,2026-08-05T15:41:49+08:00,2026-08-05T15:42:34+08:00,search,desktop,browser,175,84,江苏
e-00-0077-page_view,s-00-0077,anon-0024-0,guide-account,history-v1,page_view,2026-08-02T23:45:11+08:00,2026-08-02T15:46:00+00:00,home,desktop,browser,,,四川
e-00-0095-read_end,s-00-0095,anon-0127-0,guide-account,history-v1,read_end,2026-08-08T03:43:55+08:00,2026-08-07T19:44:30+00:00,search,desktop,browser,228,97,广东
e-00-0252-page_view,s-00-0252,anon-0060-0,guide-account,history-v1,page_view,2026-08-06T20:12:18+00:00,2026-08-07T04:12:21+08:00,home,desktop,browser,,,未知
e-04-0214-page_view,s-04-0214,anon-0014-4,guide-map,history-v1,page_view,2026-08-03T13:19:19+08:00,2026-08-03T13:20:03+08:00,search,mobile,browser,,,上海
e-01-0112-page_view,s-01-0112,anon-0079-1,guide-device,history-v1,page_view,2026-08-04T07:26:29+08:00,2026-08-04T07:27:35+08:00,direct,desktop,browser,,,未知
e-05-0057-page_view,s-05-0057,anon-0014-5,guide-permission,history-v1,page_view,2026-07-31T17:58:24+00:00,2026-08-01T01:59:44+08:00,search,desktop,browser,,,北京
e-00-0210-read_end,s-00-0210,anon-0093-0,guide-account,history-v1,read_end,2026-07-31T18:23:17+00:00,2026-08-01T02:24:18+08:00,home,desktop,browser,134,94,未知
e-05-0071-read_end,s-05-0071,,guide-permission,history-v1,read_end,2026-08-12T22:07:22+08:00,2026-08-12T14:07:24+00:00,direct,desktop,browser,146,72,上海
e-04-0185-page_view,s-04-0185,anon-0118-4,guide-map,history-v1,page_view,2026-08-02T06:32:04+08:00,2026-08-01T22:32:35+00:00,home,mobile,browser,,,上海
e-04-0319-page_view,s-04-0319,anon-0079-4,guide-map,history-v1,page_view,2026-08-06T16:28:28+08:00,2026-08-06T16:29:55+08:00,campaign,desktop,browser,,,上海
e-05-0034-read_end,s-05-0034,anon-0010-5,guide-permission,history-v1,read_end,2026-08-01T12:20:15+08:00,2026-08-01T12:21:06+08:00,search,desktop,browser,3,28,江苏
e-05-0008-read_end,s-05-0008,anon-0035-5,guide-permission,history-v1,read_end,2026-08-07T05:53:50+08:00,2026-08-06T21:54:42+00:00,search,mobile,browser,141,82,未知
e-04-0049-page_view,s-04-0049,,guide-map,history-v1,page_view,2026-08-04T10:36:38+08:00,2026-08-04T10:37:42+08:00,direct,desktop,browser,,,未知
e-00-0169-page_view,s-00-0169,anon-0082-0,guide-account,history-v1,page_view,2026-08-13T00:23:14+08:00,2026-08-13T00:23:15+08:00,search,mobile,browser,,,未知
e-00-0258-page_view,s-00-0258,,guide-account,history-v1,page_view,2026-08-07T07:11:51+00:00,2026-08-07T15:12:59+08:00,home,mobile,browser,,,浙江
crawler-0058,crawl-58,,guide-map,history-v1,page_view,2026-08-08T16:12:34+00:00,2026-08-08T16:12:35+00:00,campaign,desktop,crawler,,,广东
e-04-0299-read_end,s-04-0299,anon-0038-4,guide-map,history-v1,read_end,2026-08-06T02:06:42+08:00,2026-08-05T18:07:25+00:00,search,desktop,browser,49,89,上海
e-03-0055-read_end,s-03-0055,anon-0005-3,guide-remote,history-v1,read_end,2026-08-10T05:43:40+08:00,2026-08-10T05:45:07+08:00,direct,mobile,browser,14,31,未知
e-00-0212-page_view,s-00-0212,anon-0071-0,guide-account,history-v1,page_view,2026-08-10T03:07:34+08:00,2026-08-09T19:07:57+00:00,direct,mobile,browser,,,广东
e-03-0153-page_view,s-03-0153,,guide-remote,history-v1,page_view,2026-08-10T01:59:21+00:00,2026-08-10T10:00:28+08:00,search,mobile,browser,,,广东
e-04-0078-read_end,s-04-0078,anon-0137-4,guide-map,history-v1,read_end,2026-08-01T06:34:55+00:00,2026-08-01T14:35:46+08:00,search,mobile,browser,195,85,江苏
e-01-0133-read_end,s-01-0133,anon-0083-1,guide-device,history-v1,read_end,2026-08-01T20:32:05+08:00,2026-08-01T20:32:27+08:00,campaign,mobile,browser,80,27,四川
e-04-0195-page_view,s-04-0195,anon-0100-4,guide-map,history-v1,page_view,2026-08-13T01:32:15+00:00,2026-08-13T09:32:52+08:00,campaign,mobile,browser,,,上海
e-04-0128-page_view,s-04-0128,anon-0031-4,guide-map,history-v1,page_view,2026-08-04T02:39:19+08:00,2026-08-03T18:39:59+00:00,search,desktop,browser,,,北京
e-00-0240-page_view,s-00-0240,anon-0000-0,guide-account,history-v1,page_view,2026-08-10T17:24:28+00:00,2026-08-11T01:25:04+08:00,search,desktop,browser,,,浙江
e-04-0230-read_end,s-04-0230,anon-0099-4,guide-map,history-v1,read_end,2026-08-10T14:49:13+08:00,2026-08-10T06:49:25+00:00,campaign,desktop,browser,136,97,未知
e-04-0022-read_end,s-04-0022,anon-0125-4,guide-map,history-v1,read_end,2026-08-11T17:47:06+08:00,2026-08-11T17:48:25+08:00,direct,desktop,browser,75,38,北京
e-00-0139-page_view,s-00-0139,anon-0127-0,guide-account,history-v1,page_view,2026-08-07T17:17:50+08:00,2026-08-07T17:19:13+08:00,search,desktop,browser,,,广东
crawler-0092,crawl-92,,guide-map,history-v1,page_view,2026-08-08T16:19:56+00:00,2026-08-08T16:19:57+00:00,campaign,desktop,crawler,,,江苏
e-03-0150-read_end,s-03-0150,anon-0055-3,guide-remote,history-v1,read_end,2026-08-07T02:17:59+00:00,2026-08-07T10:18:07+08:00,home,desktop,browser,87,88,北京
e-03-0063-read_end,s-03-0063,anon-0050-3,guide-remote,history-v1,read_end,2026-08-07T14:50:26+00:00,2026-08-07T22:51:48+08:00,search,desktop,browser,91,48,广东
e-04-0214-read_end,s-04-0214,anon-0014-4,guide-map,history-v1,read_end,2026-08-03T13:21:46+08:00,2026-08-03T13:22:46+08:00,search,mobile,browser,147,72,上海
e-00-0259-read_end,s-00-0259,anon-0116-0,guide-account,history-v1,read_end,2026-08-14T21:14:30+08:00,2026-08-14T21:15:14+08:00,home,desktop,browser,138,87,广东
e-00-0128-page_view,s-00-0128,anon-0105-0,guide-account,history-v1,page_view,2026-08-04T13:00:56+08:00,2026-08-04T05:01:51+00:00,search,mobile,browser,,,上海
crawler-0069,crawl-69,,guide-map,history-v1,page_view,2026-08-08T16:14:57+00:00,2026-08-08T16:14:58+00:00,campaign,desktop,crawler,,,北京
e-02-0033-page_view,s-02-0033,anon-0012-2,guide-expense,history-v1,page_view,2026-08-02T05:28:39+00:00,2026-08-02T13:28:46+08:00,home,desktop,browser,,,四川
e-03-0020-read_end,s-03-0020,anon-0018-3,guide-remote,history-v1,read_end,2026-08-01T11:27:02+08:00,2026-08-01T03:28:07+00:00,campaign,mobile,browser,17,5,上海
e-02-0082-read_end,s-02-0082,anon-0039-2,guide-expense,history-v1,read_end,2026-08-04T13:19:36+08:00,2026-08-05T13:20:55+08:00,home,mobile,browser,212,79,江苏
crawler-0120,crawl-120,,guide-map,history-v1,page_view,2026-08-08T16:26:00+00:00,2026-08-08T16:26:01+00:00,campaign,desktop,crawler,,,北京
e-01-0031-page_view,s-01-0031,anon-0022-1,guide-device,history-v1,page_view,2026-08-06T09:56:21+08:00,2026-08-06T09:56:50+08:00,search,mobile,browser,,,江苏
e-04-0087-page_view,s-04-0087,anon-0159-4,guide-map,history-v1,page_view,2026-08-02T21:33:52+00:00,2026-08-03T05:35:06+08:00,campaign,desktop,browser,,,北京
crawler-0083,crawl-83,,guide-map,history-v1,page_view,2026-08-08T16:17:59+00:00,2026-08-08T16:18:00+00:00,campaign,desktop,crawler,,,四川
e-01-0164-read_end,s-01-0164,anon-0092-1,guide-device,history-v1,read_end,2026-08-01T13:50:09+08:00,2026-08-02T05:51:05+00:00,home,mobile,browser,84,40,四川
e-03-0014-read_end,s-03-0014,anon-0076-3,guide-remote,history-v1,read_end,2026-08-14T05:15:41+08:00,2026-08-13T21:16:11+00:00,search,desktop,browser,212,42,江苏
e-00-0120-read_end,s-00-0120,anon-0022-0,guide-account,history-v1,read_end,2026-08-02T23:48:11+00:00,2026-08-03T07:49:04+08:00,search,desktop,browser,99,95,江苏
e-04-0321-page_view,s-04-0321,anon-0147-4,guide-map,history-v1,page_view,2026-08-01T12:42:24+00:00,2026-08-01T20:42:53+08:00,home,desktop,browser,,,上海
e-04-0139-page_view,s-04-0139,anon-0011-4,guide-map,history-v1,page_view,2026-08-10T07:34:40+08:00,2026-08-10T07:35:57+08:00,search,desktop,browser,,,广东
e-00-0121-read_end,s-00-0121,anon-0128-0,guide-account,history-v1,read_end,2026-08-04T14:33:04+08:00,2026-08-04T14:33:42+08:00,home,desktop,browser,105,9,四川
e-03-0072-page_view,s-03-0072,anon-0008-3,guide-remote,history-v1,page_view,2026-08-14T06:07:47+00:00,2026-08-14T14:08:05+08:00,home,desktop,browser,,,江苏
e-00-0227-read_end,s-00-0227,anon-0064-0,guide-account,history-v1,read_end,2026-08-06T14:08:37+08:00,2026-08-06T06:10:02+00:00,search,desktop,browser,145,50,北京
e-05-0055-read_end,s-05-0055,anon-0042-5,guide-permission,history-v1,read_end,2026-08-04T18:00:57+08:00,2026-08-04T18:02:17+08:00,campaign,desktop,browser,105,92,四川
e-06-0058-page_view,s-06-0058,anon-0019-6,guide-faq,history-v1,page_view,2026-08-06T19:03:05+08:00,2026-08-06T19:03:32+08:00,search,mobile,browser,,,江苏
e-04-0010-read_end,s-04-0010,anon-0156-4,guide-map,history-v1,read_end,2026-08-04T19:27:31+08:00,2026-08-04T19:28:44+08:00,home,mobile,browser,132,85,广东
e-00-0080-read_end,s-00-0080,anon-0051-0,guide-account,history-v1,read_end,2026-08-01T19:44:15+08:00,2026-08-01T11:44:40+00:00,home,mobile,browser,211,36,四川
e-05-0020-page_view,s-05-0020,anon-0040-5,guide-permission,history-v1,page_view,2026-08-08T17:54:54+08:00,2026-08-08T09:56:18+00:00,home,desktop,browser,,,浙江
e-04-0050-page_view,s-04-0050,anon-0015-4,guide-map,history-v1,page_view,2026-08-07T18:27:54+08:00,2026-08-07T10:28:57+00:00,direct,desktop,browser,,,广东
e-01-0059-page_view,s-01-0059,anon-0003-1,guide-device,history-v1,page_view,2026-08-08T02:39:44+08:00,2026-08-07T18:39:53+00:00,direct,mobile,browser,,,四川
e-04-0015-read_end,s-04-0015,anon-0026-4,guide-map,history-v1,read_end,2026-08-06T20:02:01+00:00,2026-08-07T04:03:30+08:00,direct,mobile,browser,127,5,北京
e-06-0029-page_view,s-06-0029,anon-0004-6,guide-faq,history-v1,page_view,2026-08-05T05:59:04+08:00,2026-08-04T22:00:13+00:00,direct,desktop,browser,,,未知
e-01-0042-read_end,s-01-0042,anon-0082-1,guide-device,history-v1,read_end,2026-08-06T23:42:49+00:00,2026-08-07T07:44:17+08:00,search,mobile,browser,38,91,四川
e-04-0173-read_end,s-04-0173,anon-0033-4,guide-map,history-v1,read_end,2026-08-07T08:26:55+08:00,2026-08-07T00:28:24+00:00,search,desktop,browser,55,72,江苏
e-00-0044-read_end,s-00-0044,anon-0072-0,guide-account,history-v1,read_end,2026-08-04T13:17:34+08:00,2026-08-04T05:17:35+00:00,search,mobile,browser,12,98,广东
e-00-0190-read_end,s-00-0190,anon-0121-0,guide-account,history-v1,read_end,2026-08-11T03:08:46+08:00,2026-08-11T03:09:23+08:00,search,mobile,browser,128,6,北京
e-00-0138-page_view,s-00-0138,anon-0107-0,guide-account,history-v1,page_view,2026-08-11T21:02:10+00:00,2026-08-12T05:03:14+08:00,home,desktop,browser,,,江苏
e-02-0090-read_end,s-02-0090,anon-0039-2,guide-expense,history-v1,read_end,2026-08-12T18:18:41+00:00,2026-08-13T02:19:56+08:00,search,mobile,browser,86,82,江苏
e-03-0155-read_end,s-03-0155,anon-0031-3,guide-remote,history-v1,read_end,2026-08-02T07:08:46+08:00,2026-08-01T23:09:05+00:00,direct,desktop,browser,3,92,四川
e-04-0279-read_end,s-04-0279,anon-0018-4,guide-map,history-v1,read_end,2026-08-07T19:29:02+00:00,2026-08-08T03:29:28+08:00,campaign,mobile,browser,152,75,上海
e-02-0027-read_end,s-02-0027,anon-0010-2,guide-expense,history-v1,read_end,2026-08-12T04:31:10+00:00,2026-08-12T12:32:26+08:00,search,desktop,browser,70,97,未知
e-00-0079-read_end,s-00-0079,anon-0036-0,guide-account,history-v1,read_end,2026-08-05T03:28:24+08:00,2026-08-05T03:29:18+08:00,search,mobile,browser,226,10,广东
e-04-0123-page_view,s-04-0123,anon-0161-4,guide-map,history-v1,page_view,2026-08-04T17:42:29+00:00,2026-08-06T01:43:37+08:00,search,mobile,browser,,,未知
e-04-0173-page_view,s-04-0173,anon-0033-4,guide-map,history-v1,page_view,2026-08-07T08:26:00+08:00,2026-08-07T00:26:29+00:00,search,desktop,browser,,,江苏
e-04-0012-read_end,s-04-0012,anon-0115-4,guide-map,history-v1,read_end,2026-08-07T21:51:58+00:00,2026-08-08T05:52:35+08:00,search,mobile,browser,115,52,广东
e-00-0227-page_view,s-00-0227,anon-0064-0,guide-account,history-v1,page_view,2026-08-06T14:06:12+08:00,2026-08-06T06:06:31+00:00,search,desktop,browser,,,北京
e-04-0200-page_view,s-04-0200,anon-0127-4,guide-map,history-v1,page_view,2026-08-07T23:35:02+08:00,2026-08-07T15:35:45+00:00,campaign,desktop,browser,,,江苏
e-04-0155-page_view,s-04-0155,anon-0033-4,guide-map,history-v1,page_view,2026-08-03T08:48:06+08:00,2026-08-03T00:49:23+00:00,campaign,desktop,browser,,,江苏
e-00-0238-page_view,s-00-0238,anon-0112-0,guide-account,history-v1,page_view,2026-08-05T13:41:33+08:00,2026-08-05T13:42:24+08:00,search,desktop,browser,,,上海
e-00-0016-page_view,s-00-0016,anon-0118-0,guide-account,history-v1,page_view,2026-08-13T06:06:16+08:00,2026-08-13T06:06:32+08:00,home,mobile,browser,,,四川
e-04-0269-page_view,s-04-0269,anon-0072-4,guide-map,history-v1,page_view,2026-08-05T16:16:16+08:00,2026-08-05T08:16:31+00:00,direct,desktop,browser,,,未知
e-00-0106-page_view,s-00-0106,anon-0101-0,guide-account,history-v1,page_view,2026-08-13T06:07:08+08:00,2026-08-13T06:08:08+08:00,search,desktop,browser,,,广东
e-02-0048-page_view,s-02-0048,anon-0011-2,guide-expense,history-v1,page_view,2026-08-07T01:06:40+00:00,2026-08-07T09:07:23+08:00,campaign,desktop,browser,,,北京
e-01-0011-page_view,s-01-0011,anon-0082-1,guide-device,history-v1,page_view,2026-08-11T00:30:42+08:00,2026-08-10T16:31:47+00:00,home,desktop,browser,,,四川
crawler-0048,crawl-48,,guide-map,history-v1,page_view,2026-08-08T16:10:24+00:00,2026-08-08T16:10:25+00:00,campaign,desktop,crawler,,,广东
e-03-0139-read_end,s-03-0139,anon-0038-3,guide-remote,history-v1,read_end,2026-08-14T23:21:41+08:00,2026-08-14T23:22:29+08:00,home,desktop,browser,113,27,北京
e-03-0129-read_end,s-03-0129,anon-0038-3,guide-remote,history-v1,read_end,2026-08-11T22:13:21+00:00,2026-08-12T06:14:26+08:00,search,desktop,browser,168,22,北京
e-05-0008-page_view,s-05-0008,anon-0035-5,guide-permission,history-v1,page_view,2026-08-07T05:51:29+08:00,2026-08-06T21:51:43+00:00,search,mobile,browser,,,未知
e-04-0087-read_end,s-04-0087,anon-0159-4,guide-map,history-v1,read_end,2026-08-02T21:36:19+00:00,2026-08-03T05:37:23+08:00,campaign,desktop,browser,147,88,北京
e-04-0196-read_end,s-04-0196,anon-0105-4,guide-map,history-v1,read_end,2026-08-11T03:20:23+08:00,2026-08-11T03:21:03+08:00,campaign,mobile,browser,114,81,四川
e-02-0078-read_end,s-02-0078,anon-0013-2,guide-expense,history-v1,read_end,2026-08-09T05:10:57+00:00,2026-08-09T13:11:31+08:00,direct,mobile,browser,73,78,四川
e-04-0076-page_view,s-04-0076,anon-0092-4,guide-map,history-v1,page_view,2026-08-02T14:26:17+08:00,2026-08-02T14:26:27+08:00,direct,desktop,browser,,,四川
e-03-0143-page_view,s-03-0143,anon-0030-3,guide-remote,history-v1,page_view,2026-08-06T05:10:25+08:00,2026-08-05T21:10:57+00:00,direct,desktop,browser,,,上海
e-03-0063-page_view,s-03-0063,anon-0050-3,guide-remote,history-v1,page_view,2026-08-07T14:48:55+00:00,2026-08-07T22:49:14+08:00,search,desktop,browser,,,广东
e-00-0206-page_view,s-00-0206,anon-0025-0,guide-account,history-v1,page_view,2026-08-10T03:06:19+08:00,2026-08-09T19:06:57+00:00,search,mobile,browser,,,浙江
e-05-0077-page_view,s-05-0077,anon-0038-5,guide-permission,history-v1,page_view,2026-08-02T22:26:32+08:00,2026-08-02T14:27:53+00:00,search,desktop,browser,,,北京
e-04-0253-read_end,s-04-0253,anon-0150-4,guide-map,history-v1,read_end,2026-08-03T10:59:48+08:00,2026-08-03T10:59:51+08:00,direct,desktop,browser,34,7,浙江
e-00-0002-page_view,s-00-0002,anon-0031-0,guide-account,history-v1,page_view,2026-08-05T04:51:30+08:00,2026-08-04T20:51:50+00:00,search,mobile,browser,,,北京
e-04-0274-read_end,s-04-0274,anon-0140-4,guide-map,history-v1,read_end,2026-08-08T23:11:27+08:00,2026-08-08T23:11:31+08:00,home,desktop,browser,146,77,浙江
e-03-0068-read_end,s-03-0068,anon-0014-3,guide-remote,history-v1,read_end,2026-08-10T05:43:06+08:00,2026-08-09T21:43:32+00:00,search,mobile,browser,13,14,未知
e-00-0173-page_view,s-00-0173,anon-0036-0,guide-account,history-v1,page_view,2026-08-02T09:17:12+08:00,2026-08-02T01:18:25+00:00,home,mobile,browser,,,广东
crawler-0136,crawl-136,,guide-map,history-v1,page_view,2026-08-08T16:29:28+00:00,2026-08-08T16:29:29+00:00,campaign,desktop,crawler,,,未知
e-05-0109-page_view,s-05-0109,anon-0039-5,guide-permission,history-v1,page_view,2026-08-09T21:35:30+08:00,2026-08-09T21:35:43+08:00,search,mobile,browser,,,北京
e-00-0243-read_end,s-00-0243,anon-0086-0,guide-account,history-v1,read_end,2026-08-03T19:09:10+00:00,2026-08-04T03:09:54+08:00,direct,mobile,browser,69,94,未知
e-03-0105-read_end,s-03-0105,anon-0003-3,guide-remote,history-v1,read_end,2026-08-02T16:30:35+00:00,2026-08-03T00:31:34+08:00,home,mobile,browser,25,7,广东
e-00-0006-read_end,s-00-0006,anon-0073-0,guide-account,history-v1,read_end,2026-08-03T22:41:42+00:00,2026-08-04T06:43:00+08:00,search,desktop,browser,130,32,广东
e-00-0106-read_end,s-00-0106,anon-0101-0,guide-account,history-v1,read_end,2026-08-13T06:09:11+08:00,2026-08-13T06:09:12+08:00,search,desktop,browser,123,5,广东
e-04-0000-read_end,s-04-0000,anon-0140-4,guide-map,history-v1,read_end,2026-08-07T18:44:56+00:00,2026-08-09T02:45:17+08:00,direct,mobile,browser,95,87,浙江
e-03-0099-read_end,s-03-0099,anon-0052-3,guide-remote,history-v1,read_end,2026-08-03T19:18:27+00:00,2026-08-04T03:18:52+08:00,home,desktop,browser,115,53,广东
e-04-0148-page_view,s-04-0148,,guide-map,history-v1,page_view,2026-08-08T00:19:04+08:00,2026-08-08T00:20:24+08:00,search,mobile,browser,,,上海
e-04-0068-page_view,s-04-0068,anon-0128-4,guide-map,history-v1,page_view,2026-08-12T13:15:49+08:00,2026-08-12T05:16:46+00:00,search,desktop,browser,,,上海
e-04-0101-read_end,s-04-0101,anon-0125-4,guide-map,history-v1,read_end,2026-08-01T22:18:05+08:00,2026-08-01T14:19:17+00:00,home,desktop,browser,3,73,北京
e-03-0067-read_end,s-03-0067,anon-0007-3,guide-remote,history-v1,read_end,2026-08-12T16:01:22+08:00,2026-08-12T16:02:10+08:00,search,desktop,browser,78,96,上海
e-05-0072-read_end,s-05-0072,anon-0048-5,guide-permission,history-v1,read_end,2026-08-06T21:04:49+00:00,2026-08-07T05:06:16+08:00,home,desktop,browser,192,97,广东
e-04-0261-page_view,s-04-0261,anon-0016-4,guide-map,history-v1,page_view,2026-08-13T18:43:20+00:00,2026-08-14T02:43:54+08:00,search,mobile,browser,,,浙江
e-01-0151-page_view,s-01-0151,anon-0075-1,guide-device,history-v1,page_view,2026-08-05T07:05:11+08:00,2026-08-05T07:05:25+08:00,search,mobile,browser,,,浙江
e-00-0093-page_view,s-00-0093,anon-0086-0,guide-account,history-v1,page_view,2026-08-12T14:12:29+00:00,2026-08-12T22:12:36+08:00,home,mobile,browser,,,未知
e-05-0021-read_end,s-05-0021,anon-0022-5,guide-permission,history-v1,read_end,2026-08-09T12:29:21+00:00,2026-08-09T20:30:38+08:00,direct,mobile,browser,118,91,上海
e-01-0099-page_view,s-01-0099,anon-0093-1,guide-device,history-v1,page_view,2026-08-07T14:35:25+00:00,2026-08-07T22:36:33+08:00,search,mobile,browser,,,广东
e-04-0138-read_end,s-04-0138,anon-0084-4,guide-map,history-v1,read_end,2026-08-12T05:58:23+00:00,2026-08-12T13:59:39+08:00,campaign,desktop,browser,78,89,江苏
e-06-0003-read_end,s-06-0003,anon-0017-6,guide-faq,history-v1,read_end,2026-08-07T20:52:51+00:00,2026-08-08T04:53:22+08:00,search,mobile,browser,135,6,江苏
e-01-0142-page_view,s-01-0142,anon-0047-1,guide-device,history-v1,page_view,2026-08-03T06:39:27+08:00,2026-08-03T06:40:08+08:00,search,desktop,browser,,,未知
e-00-0250-page_view,s-00-0250,,guide-account,history-v1,page_view,2026-08-08T09:20:51+08:00,2026-08-08T09:21:28+08:00,direct,desktop,browser,,,上海
e-01-0058-page_view,s-01-0058,anon-0048-1,guide-device,history-v1,page_view,2026-08-04T19:09:22+08:00,2026-08-04T19:09:33+08:00,direct,desktop,browser,,,江苏
e-01-0184-read_end,s-01-0184,anon-0068-1,guide-device,history-v1,read_end,2026-08-10T11:59:04+08:00,2026-08-10T12:00:14+08:00,search,desktop,browser,99,54,北京
e-02-0006-page_view,s-02-0006,anon-0033-2,guide-expense,history-v1,page_view,2026-08-03T14:05:06+00:00,2026-08-03T22:06:34+08:00,search,mobile,browser,,,浙江
e-05-0058-read_end,s-05-0058,anon-0038-5,guide-permission,history-v1,read_end,2026-08-02T03:11:14+08:00,2026-08-02T03:11:31+08:00,home,desktop,browser,73,42,北京
e-04-0191-page_view,s-04-0191,anon-0123-4,guide-map,history-v1,page_view,2026-08-11T13:04:48+08:00,2026-08-11T05:05:19+00:00,direct,desktop,browser,,,上海
e-04-0159-page_view,s-04-0159,anon-0075-4,guide-map,history-v1,page_view,2026-08-08T11:31:14+00:00,2026-08-08T19:31:30+08:00,home,desktop,browser,,,浙江
e-06-0046-page_view,s-06-0046,anon-0018-6,guide-faq,history-v1,page_view,2026-08-10T22:14:58+08:00,2026-08-10T22:16:08+08:00,search,mobile,browser,,,浙江
e-04-0089-page_view,s-04-0089,anon-0120-4,guide-map,history-v1,page_view,2026-08-05T16:15:18+08:00,2026-08-05T08:16:39+00:00,direct,mobile,browser,,,未知
crawler-0046,crawl-46,,guide-map,history-v1,page_view,2026-08-08T16:09:58+00:00,2026-08-08T16:09:59+00:00,campaign,desktop,crawler,,,广东
crawler-0060,crawl-60,,guide-map,history-v1,page_view,2026-08-08T16:13:00+00:00,2026-08-08T16:13:01+00:00,campaign,desktop,crawler,,,未知
e-01-0153-page_view,s-01-0153,anon-0041-1,guide-device,history-v1,page_view,2026-08-08T02:02:39+00:00,2026-08-08T10:03:34+08:00,search,desktop,browser,,,江苏
e-00-0096-page_view,s-00-0096,anon-0083-0,guide-account,history-v1,page_view,2026-08-04T14:52:11+00:00,2026-08-04T22:53:20+08:00,home,desktop,browser,,,四川
e-06-0001-read_end,s-06-0001,,guide-faq,history-v1,read_end,2026-08-09T06:40:06+08:00,2026-08-09T06:41:06+08:00,search,mobile,browser,91,94,四川
e-03-0056-read_end,s-03-0056,anon-0044-3,guide-remote,history-v1,read_end,2026-08-06T06:43:35+08:00,2026-08-05T22:44:47+00:00,search,desktop,browser,140,6,四川
e-01-0158-read_end,s-01-0158,anon-0083-1,guide-device,history-v1,read_end,2026-08-03T10:15:37+08:00,2026-08-03T02:16:21+00:00,home,desktop,browser,56,84,四川
e-01-0012-read_end,s-01-0012,anon-0015-1,guide-device,history-v1,read_end,2026-08-06T04:09:17+00:00,2026-08-06T12:09:49+08:00,campaign,desktop,browser,3,94,四川
e-04-0239-read_end,s-04-0239,anon-0059-4,guide-map,history-v1,read_end,2026-08-07T00:17:21+08:00,2026-08-06T16:18:25+00:00,search,desktop,browser,106,72,北京
e-01-0169-read_end,s-01-0169,anon-0015-1,guide-device,history-v1,read_end,2026-08-04T13:47:23+08:00,2026-08-04T13:48:17+08:00,search,mobile,browser,23,82,四川
e-03-0113-page_view,s-03-0113,anon-0020-3,guide-remote,history-v1,page_view,2026-08-05T11:56:28+08:00,2026-08-05T03:57:50+00:00,search,desktop,browser,,,四川
e-02-0030-page_view,s-02-0030,anon-0007-2,guide-expense,history-v1,page_view,2026-07-31T23:50:05+00:00,2026-08-01T07:50:28+08:00,direct,mobile,browser,,,江苏
e-01-0036-page_view,s-01-0036,anon-0033-1,guide-device,history-v1,page_view,2026-08-09T05:20:44+00:00,2026-08-09T13:21:11+08:00,search,mobile,browser,,,四川
e-06-0011-page_view,s-06-0011,anon-0003-6,guide-faq,history-v1,page_view,2026-08-14T23:26:23+08:00,2026-08-14T15:27:40+00:00,search,desktop,browser,,,四川
e-04-0082-page_view,s-04-0082,anon-0018-4,guide-map,history-v1,page_view,2026-08-04T12:50:44+08:00,2026-08-05T12:51:17+08:00,search,mobile,browser,,,上海
e-05-0022-read_end,s-05-0022,,guide-permission,history-v1,read_end,2026-08-06T07:44:19+08:00,2026-08-06T07:45:30+08:00,direct,desktop,browser,212,88,北京
crawler-0145,crawl-145,,guide-map,history-v1,page_view,2026-08-08T16:31:25+00:00,2026-08-08T16:31:26+00:00,campaign,desktop,crawler,,,广东
crawler-0127,crawl-127,,guide-map,history-v1,page_view,2026-08-08T16:27:31+00:00,2026-08-08T16:27:32+00:00,campaign,desktop,crawler,,,未知
edge-06,s-00-0003,anon-0094-0,guide-account,history-v1,page_view,2026-08-02T11:34:38+00:00,2026-08-02T19:35:31+08:00,,desktop,browser,,,上海
e-04-0271-page_view,s-04-0271,anon-0033-4,guide-map,history-v1,page_view,2026-08-14T04:49:52+08:00,2026-08-14T04:50:19+08:00,campaign,desktop,browser,,,江苏
e-00-0214-page_view,s-00-0214,anon-0070-0,guide-account,history-v1,page_view,2026-08-13T18:24:54+08:00,2026-08-13T18:26:03+08:00,search,desktop,browser,,,广东
e-06-0047-page_view,s-06-0047,anon-0020-6,guide-faq,history-v1,page_view,2026-08-06T06:56:12+08:00,2026-08-05T22:56:29+00:00,search,desktop,browser,,,浙江
e-06-0037-page_view,s-06-0037,anon-0000-6,guide-faq,history-v1,page_view,2026-08-08T03:53:48+08:00,2026-08-08T03:55:10+08:00,home,mobile,browser,,,未知
e-00-0242-page_view,s-00-0242,anon-0063-0,guide-account,history-v1,page_view,2026-08-05T09:43:07+08:00,2026-08-05T01:43:21+00:00,search,mobile,browser,,,四川
e-04-0095-page_view,s-04-0095,anon-0093-4,guide-map,history-v1,page_view,2026-08-04T09:20:17+08:00,2026-08-04T01:21:39+00:00,direct,desktop,browser,,,未知
e-01-0084-page_view,s-01-0084,anon-0056-1,guide-device,history-v1,page_view,2026-08-06T01:31:08+00:00,2026-08-06T09:32:20+08:00,search,mobile,browser,,,未知
e-02-0001-read_end,s-02-0001,anon-0021-2,guide-expense,history-v1,read_end,2026-08-09T09:00:09+08:00,2026-08-09T09:00:47+08:00,search,mobile,browser,186,42,未知
e-00-0254-page_view,s-00-0254,anon-0059-0,guide-account,history-v1,page_view,2026-08-14T20:25:40+08:00,2026-08-14T12:26:24+00:00,campaign,desktop,browser,,,江苏
e-02-0091-page_view,s-02-0091,anon-0018-2,guide-expense,history-v1,page_view,2026-08-03T04:11:20+08:00,2026-08-03T04:11:27+08:00,direct,mobile,browser,,,未知
e-04-0044-page_view,s-04-0044,anon-0096-4,guide-map,history-v1,page_view,2026-08-06T13:20:15+08:00,2026-08-06T05:20:22+00:00,home,desktop,browser,,,四川
e-04-0236-page_view,s-04-0236,anon-0091-4,guide-map,history-v1,page_view,2026-08-14T21:19:53+08:00,2026-08-14T13:20:06+00:00,search,desktop,browser,,,浙江
e-02-0064-read_end,s-02-0064,anon-0027-2,guide-expense,history-v1,read_end,2026-08-07T00:18:34+08:00,2026-08-07T00:19:24+08:00,direct,desktop,browser,113,75,江苏
crawler-0034,crawl-34,,guide-map,history-v1,page_view,2026-08-08T16:07:22+00:00,2026-08-08T16:07:23+00:00,campaign,desktop,crawler,,,未知
e-00-0236-read_end,s-00-0236,anon-0108-0,guide-account,history-v1,read_end,2026-08-14T03:39:04+08:00,2026-08-13T19:39:27+00:00,home,mobile,browser,115,73,江苏
e-01-0043-read_end,s-01-0043,anon-0046-1,guide-device,history-v1,read_end,2026-08-14T22:21:07+08:00,2026-08-14T22:22:04+08:00,home,desktop,browser,133,22,浙江
e-02-0020-page_view,s-02-0020,anon-0029-2,guide-expense,history-v1,page_view,2026-08-13T12:11:18+08:00,2026-08-13T04:12:10+00:00,search,mobile,browser,,,上海
e-00-0049-read_end,s-00-0049,anon-0093-0,guide-account,history-v1,read_end,2026-08-11T13:02:34+08:00,2026-08-11T13:03:54+08:00,home,mobile,browser,3,46,未知
e-04-0026-page_view,s-04-0026,anon-0100-4,guide-map,history-v1,page_view,2026-08-13T10:54:29+08:00,2026-08-13T02:54:33+00:00,direct,desktop,browser,,,上海
e-00-0172-page_view,s-00-0172,,guide-account,history-v1,page_view,2026-08-03T11:08:48+08:00,2026-08-03T11:09:08+08:00,search,desktop,browser,,,北京
e-02-0011-read_end,s-02-0011,anon-0036-2,guide-expense,history-v1,read_end,2026-08-12T21:32:01+08:00,2026-08-12T13:32:35+00:00,search,mobile,browser,81,90,浙江
e-00-0186-read_end,s-00-0186,anon-0112-0,guide-account,history-v1,read_end,2026-08-02T18:08:18+00:00,2026-08-03T02:08:22+08:00,search,mobile,browser,79,99,上海
e-00-0051-page_view,s-00-0051,anon-0100-0,guide-account,history-v1,page_view,2026-08-05T17:16:35+00:00,2026-08-06T01:18:05+08:00,campaign,desktop,browser,,,广东
e-04-0200-read_end,s-04-0200,anon-0127-4,guide-map,history-v1,read_end,2026-08-07T23:36:32+08:00,2026-08-07T15:37:57+00:00,campaign,desktop,browser,90,97,江苏
e-01-0015-read_end,s-01-0015,anon-0041-1,guide-device,history-v1,read_end,2026-08-07T10:53:14+00:00,2026-08-07T18:54:41+08:00,search,mobile,browser,36,86,江苏
e-04-0053-page_view,s-04-0053,anon-0061-4,guide-map,history-v1,page_view,2026-08-06T20:53:33+08:00,2026-08-06T12:54:26+00:00,campaign,mobile,browser,,,四川
e-04-0203-read_end,s-04-0203,anon-0124-4,guide-map,history-v1,read_end,2026-08-04T13:51:08+08:00,2026-08-04T05:51:59+00:00,campaign,mobile,browser,166,41,未知
e-02-0081-read_end,s-02-0081,anon-0004-2,guide-expense,history-v1,read_end,2026-08-11T11:42:13+00:00,2026-08-11T19:43:20+08:00,search,mobile,browser,121,15,北京
e-00-0019-read_end,s-00-0019,anon-0108-0,guide-account,history-v1,read_end,2026-08-14T20:03:46+08:00,2026-08-14T20:04:38+08:00,direct,desktop,browser,69,42,江苏
e-00-0163-page_view,s-00-0163,anon-0006-0,guide-account,history-v1,page_view,2026-08-03T05:15:41+08:00,2026-08-03T05:17:05+08:00,home,desktop,browser,,,江苏
e-01-0123-read_end,s-01-0123,anon-0036-1,guide-device,history-v1,read_end,2026-08-14T11:58:02+00:00,2026-08-15T19:59:07+08:00,direct,mobile,browser,137,87,四川
e-03-0030-page_view,s-03-0030,anon-0006-3,guide-remote,history-v1,page_view,2026-08-12T10:34:38+00:00,2026-08-12T18:35:20+08:00,home,desktop,browser,,,广东
e-06-0014-read_end,s-06-0014,anon-0018-6,guide-faq,history-v1,read_end,2026-08-05T10:00:03+08:00,2026-08-05T02:00:18+00:00,home,desktop,browser,69,48,浙江
e-00-0170-read_end,s-00-0170,anon-0050-0,guide-account,history-v1,read_end,2026-08-09T21:09:47+08:00,2026-08-09T13:10:02+00:00,search,mobile,browser,140,81,四川
e-03-0067-page_view,s-03-0067,anon-0007-3,guide-remote,history-v1,page_view,2026-08-12T16:00:04+08:00,2026-08-12T16:01:26+08:00,search,desktop,browser,,,上海
e-05-0030-page_view,s-05-0030,,guide-permission,history-v1,page_view,2026-08-10T15:20:01+00:00,2026-08-10T23:20:48+08:00,direct,desktop,browser,,,江苏
e-04-0276-read_end,s-04-0276,anon-0150-4,guide-map,history-v1,read_end,2026-08-03T00:49:01+00:00,2026-08-03T08:50:02+08:00,search,desktop,browser,99,82,浙江
e-00-0069-page_view,s-00-0069,anon-0050-0,guide-account,history-v1,page_view,2026-08-03T09:04:06+00:00,2026-08-03T17:04:41+08:00,search,desktop,browser,,,四川
e-04-0198-read_end,s-04-0198,anon-0145-4,guide-map,history-v1,read_end,2026-08-02T11:54:23+00:00,2026-08-02T19:54:48+08:00,home,mobile,browser,106,98,上海
e-00-0150-read_end,s-00-0150,anon-0103-0,guide-account,history-v1,read_end,2026-08-09T02:31:01+00:00,2026-08-09T10:31:46+08:00,search,mobile,browser,85,90,未知
e-00-0145-page_view,s-00-0145,anon-0078-0,guide-account,history-v1,page_view,2026-08-10T17:30:15+08:00,2026-08-10T17:30:44+08:00,direct,desktop,browser,,,江苏
e-04-0212-page_view,s-04-0212,anon-0118-4,guide-map,history-v1,page_view,2026-08-09T12:12:04+08:00,2026-08-09T04:12:21+00:00,search,desktop,browser,,,上海
e-03-0061-read_end,s-03-0061,anon-0059-3,guide-remote,history-v1,read_end,2026-08-04T22:07:39+08:00,2026-08-04T22:08:43+08:00,search,mobile,browser,28,35,未知
e-03-0033-read_end,s-03-0033,anon-0055-3,guide-remote,history-v1,read_end,2026-08-10T02:45:51+00:00,2026-08-10T10:46:32+08:00,search,mobile,browser,22,29,北京
e-02-0044-read_end,s-02-0044,anon-0017-2,guide-expense,history-v1,read_end,2026-08-02T21:49:22+08:00,2026-08-02T13:49:46+00:00,search,mobile,browser,138,9,四川
e-04-0028-read_end,s-04-0028,anon-0049-4,guide-map,history-v1,read_end,2026-08-03T04:00:07+08:00,2026-08-03T04:01:06+08:00,search,desktop,browser,104,90,北京
e-00-0161-page_view,s-00-0161,anon-0005-0,guide-account,history-v1,page_view,2026-08-08T00:18:07+08:00,2026-08-07T16:18:19+00:00,search,desktop,browser,,,北京
e-01-0183-read_end,s-01-0183,anon-0013-1,guide-device,history-v1,read_end,2026-08-07T14:59:50+00:00,2026-08-07T23:00:05+08:00,home,mobile,browser,205,86,上海
e-00-0200-read_end,s-00-0200,anon-0085-0,guide-account,history-v1,read_end,2026-08-13T11:03:50+08:00,2026-08-13T03:04:53+00:00,home,desktop,browser,73,52,北京
crawler-0160,crawl-160,,guide-map,history-v1,page_view,2026-08-08T16:34:40+00:00,2026-08-08T16:34:41+00:00,campaign,desktop,crawler,,,未知
e-04-0042-page_view,s-04-0042,anon-0016-4,guide-map,history-v1,page_view,2026-08-13T13:41:46+00:00,2026-08-13T21:43:13+08:00,search,mobile,browser,,,浙江
e-00-0064-read_end,s-00-0064,anon-0048-0,guide-account,history-v1,read_end,2026-08-10T23:25:13+08:00,2026-08-10T23:25:16+08:00,search,mobile,browser,3,74,未知
e-05-0013-read_end,s-05-0013,anon-0028-5,guide-permission,history-v1,read_end,2026-08-10T21:08:18+08:00,2026-08-10T21:09:18+08:00,search,desktop,browser,158,83,江苏
e-06-0034-page_view,s-06-0034,anon-0022-6,guide-faq,history-v1,page_view,2026-08-09T03:09:39+08:00,2026-08-09T03:10:58+08:00,search,mobile,browser,,,北京
e-01-0044-page_view,s-01-0044,anon-0007-1,guide-device,history-v1,page_view,2026-08-09T04:24:14+08:00,2026-08-08T20:25:08+00:00,search,desktop,browser,,,北京
e-01-0174-page_view,s-01-0174,anon-0090-1,guide-device,history-v1,page_view,2026-08-01T08:00:11+00:00,2026-08-01T16:00:33+08:00,search,mobile,browser,,,上海
e-00-0011-page_view,s-00-0011,anon-0038-0,guide-account,history-v1,page_view,2026-08-03T09:56:59+08:00,2026-08-03T01:57:57+00:00,search,mobile,browser,,,未知
e-04-0151-page_view,s-04-0151,anon-0143-4,guide-map,history-v1,page_view,2026-08-05T18:37:59+08:00,2026-08-05T18:39:05+08:00,campaign,mobile,browser,,,广东
e-01-0178-read_end,s-01-0178,anon-0067-1,guide-device,history-v1,read_end,2026-08-06T17:54:13+08:00,2026-08-06T17:54:38+08:00,search,desktop,browser,106,85,北京
e-03-0021-read_end,s-03-0021,anon-0039-3,guide-remote,history-v1,read_end,2026-08-05T14:00:03+00:00,2026-08-05T22:00:26+08:00,home,mobile,browser,25,25,广东
e-06-0047-read_end,s-06-0047,anon-0020-6,guide-faq,history-v1,read_end,2026-08-06T06:57:46+08:00,2026-08-05T22:58:42+00:00,search,desktop,browser,94,52,浙江
e-00-0218-page_view,s-00-0218,anon-0121-0,guide-account,history-v1,page_view,2026-08-03T09:56:47+08:00,2026-08-03T01:57:10+00:00,home,mobile,browser,,,北京
e-07-0006-read_end,s-07-0006,anon-0005-7,guide-search,history-v1,read_end,2026-08-13T15:29:34+00:00,2026-08-13T23:30:20+08:00,search,mobile,browser,168,83,北京
e-03-0046-read_end,s-03-0046,anon-0049-3,guide-remote,history-v1,read_end,2026-08-11T15:27:53+08:00,2026-08-11T15:28:42+08:00,search,mobile,browser,29,14,未知
e-00-0159-read_end,s-00-0159,,guide-account,history-v1,read_end,2026-08-13T13:20:21+00:00,2026-08-13T21:21:00+08:00,search,desktop,browser,220,8,未知
e-04-0108-page_view,s-04-0108,anon-0045-4,guide-map,history-v1,page_view,2026-07-31T22:46:54+00:00,2026-08-01T06:47:21+08:00,search,desktop,browser,,,四川
e-04-0122-page_view,s-04-0122,anon-0041-4,guide-map,history-v1,page_view,2026-08-09T16:58:43+08:00,2026-08-09T08:59:53+00:00,campaign,desktop,browser,,,北京
e-05-0033-page_view,s-05-0033,anon-0010-5,guide-permission,history-v1,page_view,2026-08-09T04:11:30+00:00,2026-08-09T12:11:34+08:00,search,desktop,browser,,,江苏
e-00-0133-page_view,s-00-0133,anon-0127-0,guide-account,history-v1,page_view,2026-08-10T19:25:50+08:00,2026-08-10T19:26:30+08:00,search,desktop,browser,,,广东
e-04-0014-read_end,s-04-0014,anon-0046-4,guide-map,history-v1,read_end,2026-08-11T22:09:20+08:00,2026-08-11T14:10:33+00:00,home,mobile,browser,133,75,浙江
e-04-0297-page_view,s-04-0297,anon-0071-4,guide-map,history-v1,page_view,2026-08-09T03:01:58+00:00,2026-08-09T11:02:11+08:00,search,desktop,browser,,,四川
e-04-0109-page_view,s-04-0109,anon-0038-4,guide-map,history-v1,page_view,2026-08-10T19:37:55+08:00,2026-08-10T19:38:45+08:00,search,mobile,browser,,,上海
e-04-0144-read_end,s-04-0144,anon-0108-4,guide-map,history-v1,read_end,2026-08-09T04:05:43+00:00,2026-08-09T12:05:45+08:00,search,desktop,browser,158,90,北京
e-04-0211-read_end,s-04-0211,anon-0019-4,guide-map,history-v1,read_end,2026-08-01T01:38:10+08:00,2026-08-01T01:39:38+08:00,search,desktop,browser,83,38,上海
e-01-0074-page_view,s-01-0074,anon-0080-1,guide-device,history-v1,page_view,2026-08-02T15:13:42+08:00,2026-08-02T07:14:45+00:00,home,mobile,browser,,,浙江
e-03-0048-read_end,s-03-0048,anon-0022-3,guide-remote,history-v1,read_end,2026-08-01T03:51:14+00:00,2026-08-01T11:51:50+08:00,search,mobile,browser,15,19,四川
crawler-0086,crawl-86,,guide-map,history-v1,page_view,2026-08-08T16:18:38+00:00,2026-08-08T16:18:39+00:00,campaign,desktop,crawler,,,江苏
e-06-0031-page_view,s-06-0031,anon-0017-6,guide-faq,history-v1,page_view,2026-08-10T07:13:06+08:00,2026-08-10T07:13:18+08:00,search,mobile,browser,,,江苏
e-04-0262-page_view,s-04-0262,anon-0145-4,guide-map,history-v1,page_view,2026-08-08T04:14:01+08:00,2026-08-08T04:14:59+08:00,campaign,desktop,browser,,,上海
crawler-0153,crawl-153,,guide-map,history-v1,page_view,2026-08-08T16:33:09+00:00,2026-08-08T16:33:10+00:00,campaign,desktop,crawler,,,江苏
e-00-0149-page_view,s-00-0149,anon-0056-0,guide-account,history-v1,page_view,2026-08-06T09:23:59+08:00,2026-08-06T01:25:11+00:00,search,mobile,browser,,,广东
e-04-0083-page_view,s-04-0083,anon-0110-4,guide-map,history-v1,page_view,2026-08-02T04:24:50+08:00,2026-08-01T20:24:52+00:00,search,mobile,browser,,,上海
e-04-0145-read_end,s-04-0145,anon-0035-4,guide-map,history-v1,read_end,2026-08-03T02:36:45+08:00,2026-08-03T02:37:20+08:00,search,mobile,browser,59,86,上海
e-04-0147-read_end,s-04-0147,anon-0074-4,guide-map,history-v1,read_end,2026-08-06T00:49:17+00:00,2026-08-06T08:50:04+08:00,search,desktop,browser,121,80,未知
e-00-0256-read_end,s-00-0256,anon-0012-0,guide-account,history-v1,read_end,2026-08-04T15:05:40+08:00,2026-08-04T15:06:18+08:00,search,desktop,browser,113,5,浙江
crawler-0105,crawl-105,,guide-map,history-v1,page_view,2026-08-08T16:22:45+00:00,2026-08-08T16:22:46+00:00,campaign,desktop,crawler,,,未知
e-04-0185-read_end,s-04-0185,anon-0118-4,guide-map,history-v1,read_end,2026-08-02T06:32:07+08:00,2026-08-01T22:32:31+00:00,home,mobile,browser,3,40,上海
e-04-0086-read_end,s-04-0086,anon-0053-4,guide-map,history-v1,read_end,2026-08-13T00:01:21+08:00,2026-08-12T16:02:46+00:00,home,mobile,browser,80,92,浙江
e-00-0244-read_end,s-00-0244,anon-0056-0,guide-account,history-v1,read_end,2026-08-07T20:39:56+08:00,2026-08-07T20:40:58+08:00,home,mobile,browser,145,92,广东
e-06-0011-read_end,s-06-0011,anon-0003-6,guide-faq,history-v1,read_end,2026-08-14T23:28:16+08:00,2026-08-14T15:29:06+00:00,search,desktop,browser,113,79,四川
e-04-0243-page_view,s-04-0243,anon-0024-4,guide-map,history-v1,page_view,2026-08-10T03:54:16+00:00,2026-08-10T11:54:49+08:00,search,mobile,browser,,,北京
e-04-0021-read_end,s-04-0021,anon-0017-4,guide-map,history-v1,read_end,2026-08-06T15:46:03+00:00,2026-08-06T23:47:29+08:00,campaign,desktop,browser,53,100,浙江
e-00-0108-page_view,s-00-0108,anon-0078-0,guide-account,history-v1,page_view,2026-08-10T19:47:28+00:00,2026-08-11T03:48:10+08:00,search,desktop,browser,,,江苏
e-06-0006-page_view,s-06-0006,anon-0017-6,guide-faq,history-v1,page_view,2026-08-10T07:10:39+00:00,2026-08-10T15:12:07+08:00,home,mobile,browser,,,江苏
crawler-0114,crawl-114,,guide-map,history-v1,page_view,2026-08-08T16:24:42+00:00,2026-08-08T16:24:43+00:00,campaign,desktop,crawler,,,北京
crawler-0062,crawl-62,,guide-map,history-v1,page_view,2026-08-08T16:13:26+00:00,2026-08-08T16:13:27+00:00,campaign,desktop,crawler,,,浙江
e-01-0160-read_end,s-01-0160,anon-0093-1,guide-device,history-v1,read_end,2026-08-10T18:15:53+08:00,2026-08-10T18:16:31+08:00,search,desktop,browser,3,72,广东
e-01-0145-read_end,s-01-0145,anon-0061-1,guide-device,history-v1,read_end,2026-08-10T02:24:56+08:00,2026-08-10T02:25:01+08:00,direct,mobile,browser,133,40,浙江
e-04-0256-page_view,s-04-0256,anon-0114-4,guide-map,history-v1,page_view,2026-08-06T02:02:16+08:00,2026-08-06T02:02:36+08:00,search,mobile,browser,,,四川
e-05-0021-page_view,s-05-0021,anon-0022-5,guide-permission,history-v1,page_view,2026-08-09T12:27:23+00:00,2026-08-09T20:28:41+08:00,direct,mobile,browser,,,上海
e-01-0061-page_view,s-01-0061,anon-0025-1,guide-device,history-v1,page_view,2026-08-10T16:17:16+08:00,2026-08-10T16:18:20+08:00,search,desktop,browser,,,北京
e-01-0075-page_view,s-01-0075,anon-0003-1,guide-device,history-v1,page_view,2026-08-11T05:21:32+00:00,2026-08-11T13:21:40+08:00,direct,mobile,browser,,,四川
e-04-0197-page_view,s-04-0197,anon-0016-4,guide-map,history-v1,page_view,2026-08-08T12:47:09+08:00,2026-08-08T04:47:47+00:00,direct,desktop,browser,,,浙江
e-07-0006-page_view,s-07-0006,anon-0005-7,guide-search,history-v1,page_view,2026-08-13T15:26:46+00:00,2026-08-13T23:27:18+08:00,search,mobile,browser,,,北京
e-00-0208-read_end,s-00-0208,anon-0034-0,guide-account,history-v1,read_end,2026-08-13T23:11:35+08:00,2026-08-13T23:12:38+08:00,direct,mobile,browser,62,79,浙江
e-03-0089-page_view,s-03-0089,anon-0064-3,guide-remote,history-v1,page_view,2026-08-12T12:17:08+08:00,2026-08-12T04:18:02+00:00,home,desktop,browser,,,江苏
e-05-0098-read_end,s-05-0098,anon-0029-5,guide-permission,history-v1,read_end,2026-08-03T07:16:24+08:00,2026-08-02T23:17:01+00:00,search,desktop,browser,69,95,四川
e-02-0084-read_end,s-02-0084,anon-0002-2,guide-expense,history-v1,read_end,2026-08-05T00:46:55+00:00,2026-08-05T08:47:23+08:00,direct,desktop,browser,32,16,广东
e-04-0312-page_view,s-04-0312,anon-0157-4,guide-map,history-v1,page_view,2026-08-12T01:35:44+00:00,2026-08-12T09:36:10+08:00,campaign,mobile,browser,,,广东
e-00-0180-page_view,s-00-0180,anon-0006-0,guide-account,history-v1,page_view,2026-08-13T17:28:55+00:00,2026-08-14T01:30:13+08:00,direct,desktop,browser,,,江苏
e-00-0000-page_view,s-00-0000,anon-0033-0,guide-account,history-v1,page_view,2026-08-11T13:02:30+00:00,2026-08-12T21:03:42+08:00,home,mobile,browser,,,浙江
e-06-0064-page_view,s-06-0064,anon-0014-6,guide-faq,history-v1,page_view,2026-08-03T10:00:15+08:00,2026-08-03T10:00:24+08:00,search,mobile,browser,,,江苏
e-04-0110-read_end,s-04-0110,anon-0155-4,guide-map,history-v1,read_end,2026-08-06T12:14:08+08:00,2026-08-06T04:15:32+00:00,campaign,mobile,browser,55,81,上海
e-04-0041-read_end,s-04-0041,anon-0017-4,guide-map,history-v1,read_end,2026-08-13T05:01:57+08:00,2026-08-13T21:02:16+00:00,campaign,mobile,browser,155,28,浙江
e-01-0179-read_end,s-01-0179,anon-0039-1,guide-device,history-v1,read_end,2026-08-07T18:14:36+08:00,2026-08-07T10:15:18+00:00,search,mobile,browser,201,46,四川
crawler-0082,crawl-82,,guide-map,history-v1,page_view,2026-08-08T16:17:46+00:00,2026-08-08T16:17:47+00:00,campaign,desktop,crawler,,,上海
crawler-0016,crawl-16,,guide-map,history-v1,page_view,2026-08-08T16:03:28+00:00,2026-08-08T16:03:29+00:00,campaign,desktop,crawler,,,浙江
e-05-0001-page_view,s-05-0001,anon-0042-5,guide-permission,history-v1,page_view,2026-08-03T11:59:52+08:00,2026-08-03T12:00:49+08:00,search,desktop,browser,,,四川
e-03-0031-read_end,s-03-0031,anon-0020-3,guide-remote,history-v1,read_end,2026-08-05T22:23:44+08:00,2026-08-05T22:24:24+08:00,search,desktop,browser,137,33,四川
e-03-0158-read_end,s-03-0158,anon-0036-3,guide-remote,history-v1,read_end,2026-08-08T04:46:41+08:00,2026-08-07T20:47:38+00:00,home,desktop,browser,101,72,未知
e-05-0014-page_view,s-05-0014,anon-0038-5,guide-permission,history-v1,page_view,2026-08-04T23:21:49+08:00,2026-08-04T15:23:06+00:00,search,mobile,browser,,,北京
e-04-0063-read_end,s-04-0063,anon-0008-4,guide-map,history-v1,read_end,2026-08-07T14:15:42+00:00,2026-08-07T22:16:38+08:00,search,mobile,browser,63,92,四川
e-04-0036-read_end,s-04-0036,anon-0004-4,guide-map,history-v1,read_end,2026-08-08T13:14:58+00:00,2026-08-08T21:15:06+08:00,search,mobile,browser,141,76,广东
e-00-0253-page_view,s-00-0253,anon-0069-0,guide-account,history-v1,page_view,2026-08-02T13:00:24+08:00,2026-08-02T13:01:48+08:00,search,desktop,browser,,,江苏
e-03-0078-read_end,s-03-0078,anon-0065-3,guide-remote,history-v1,read_end,2026-08-05T23:24:40+00:00,2026-08-06T07:25:48+08:00,direct,desktop,browser,86,13,浙江
e-04-0318-page_view,s-04-0318,anon-0106-4,guide-map,history-v1,page_view,2026-08-08T13:49:43+00:00,2026-08-08T21:50:47+08:00,search,mobile,browser,,,未知
e-05-0081-read_end,s-05-0081,anon-0031-5,guide-permission,history-v1,read_end,2026-08-09T03:33:05+00:00,2026-08-09T11:33:40+08:00,home,desktop,browser,133,100,上海
e-02-0074-page_view,s-02-0074,anon-0024-2,guide-expense,history-v1,page_view,2026-08-14T02:04:29+08:00,2026-08-13T18:05:20+00:00,search,mobile,browser,,,上海
e-04-0197-read_end,s-04-0197,anon-0016-4,guide-map,history-v1,read_end,2026-08-08T12:47:12+08:00,2026-08-08T04:48:20+00:00,direct,desktop,browser,3,31,浙江
e-02-0094-page_view,s-02-0094,anon-0044-2,guide-expense,history-v1,page_view,2026-08-03T11:22:14+08:00,2026-08-03T11:22:37+08:00,search,desktop,browser,,,四川
e-00-0213-read_end,s-00-0213,anon-0106-0,guide-account,history-v1,read_end,2026-08-07T23:04:25+00:00,2026-08-08T07:04:58+08:00,search,desktop,browser,153,35,广东
crawler-0122,crawl-122,,guide-map,history-v1,page_view,2026-08-08T16:26:26+00:00,2026-08-08T16:26:27+00:00,campaign,desktop,crawler,,,未知
e-03-0131-read_end,s-03-0131,anon-0057-3,guide-remote,history-v1,read_end,2026-08-14T22:43:02+08:00,2026-08-14T14:43:50+00:00,home,mobile,browser,19,9,北京
e-02-0009-read_end,s-02-0009,anon-0000-2,guide-expense,history-v1,read_end,2026-08-03T04:53:42+00:00,2026-08-03T12:53:48+08:00,search,desktop,browser,138,6,四川
e-00-0094-read_end,s-00-0094,anon-0027-0,guide-account,history-v1,read_end,2026-08-01T18:43:24+08:00,2026-08-01T18:44:27+08:00,search,mobile,browser,67,74,江苏
e-04-0167-page_view,s-04-0167,anon-0126-4,guide-map,history-v1,page_view,2026-08-07T18:38:04+08:00,2026-08-07T10:38:45+00:00,home,desktop,browser,,,江苏
e-04-0029-read_end,s-04-0029,anon-0030-4,guide-map,history-v1,read_end,2026-08-12T20:12:58+08:00,2026-08-12T12:13:38+00:00,campaign,mobile,browser,38,78,上海
e-03-0129-page_view,s-03-0129,anon-0038-3,guide-remote,history-v1,page_view,2026-08-11T22:10:33+00:00,2026-08-12T06:11:16+08:00,search,desktop,browser,,,北京
e-04-0289-read_end,s-04-0289,anon-0109-4,guide-map,history-v1,read_end,2026-08-10T00:32:20+08:00,2026-08-10T00:33:23+08:00,direct,desktop,browser,9,10,广东
e-06-0030-page_view,s-06-0030,anon-0027-6,guide-faq,history-v1,page_view,2026-08-05T14:47:47+00:00,2026-08-05T22:49:13+08:00,search,desktop,browser,,,北京
e-00-0140-page_view,s-00-0140,anon-0064-0,guide-account,history-v1,page_view,2026-08-14T09:47:52+08:00,2026-08-14T01:48:45+00:00,search,mobile,browser,,,北京
crawler-0154,crawl-154,,guide-map,history-v1,page_view,2026-08-08T16:33:22+00:00,2026-08-08T16:33:23+00:00,campaign,desktop,crawler,,,四川
e-04-0194-read_end,s-04-0194,anon-0104-4,guide-map,history-v1,read_end,2026-08-08T00:07:47+08:00,2026-08-07T16:08:49+00:00,direct,desktop,browser,19,77,四川
e-02-0071-page_view,s-02-0071,anon-0015-2,guide-expense,history-v1,page_view,2026-08-09T05:11:44+08:00,2026-08-08T21:12:41+00:00,search,mobile,browser,,,江苏
e-05-0076-read_end,s-05-0076,anon-0043-5,guide-permission,history-v1,read_end,2026-08-08T12:45:07+08:00,2026-08-08T12:45:38+08:00,campaign,desktop,browser,62,51,四川
e-01-0159-page_view,s-01-0159,anon-0014-1,guide-device,history-v1,page_view,2026-08-06T10:05:34+00:00,2026-08-06T18:06:43+08:00,home,desktop,browser,,,广东
e-04-0077-read_end,s-04-0077,anon-0070-4,guide-map,history-v1,read_end,2026-08-09T08:48:52+08:00,2026-08-09T00:49:37+00:00,direct,desktop,browser,133,75,未知
e-02-0015-read_end,s-02-0015,anon-0000-2,guide-expense,history-v1,read_end,2026-08-05T19:00:20+00:00,2026-08-06T03:00:36+08:00,home,desktop,browser,229,75,四川
e-01-0034-page_view,s-01-0034,anon-0044-1,guide-device,history-v1,page_view,2026-08-01T07:39:29+08:00,2026-08-01T07:40:37+08:00,home,mobile,browser,,,北京
e-04-0182-read_end,s-04-0182,anon-0101-4,guide-map,history-v1,read_end,2026-08-04T17:37:54+08:00,2026-08-04T09:39:05+00:00,campaign,mobile,browser,151,82,江苏
e-01-0015-page_view,s-01-0015,anon-0041-1,guide-device,history-v1,page_view,2026-08-07T10:52:38+00:00,2026-08-07T18:53:15+08:00,search,mobile,browser,,,江苏
e-00-0223-page_view,s-00-0223,anon-0031-0,guide-account,history-v1,page_view,2026-08-14T23:56:14+08:00,2026-08-14T23:57:00+08:00,search,desktop,browser,,,北京
e-06-0017-page_view,s-06-0017,anon-0010-6,guide-faq,history-v1,page_view,2026-08-04T22:02:28+08:00,2026-08-04T14:03:21+00:00,search,desktop,browser,,,未知
e-04-0066-read_end,s-04-0066,anon-0038-4,guide-map,history-v1,read_end,2026-08-07T23:11:43+00:00,2026-08-08T07:11:46+08:00,direct,desktop,browser,64,91,上海
e-01-0137-page_view,s-01-0137,anon-0042-1,guide-device,history-v1,page_view,2026-08-02T23:35:29+08:00,2026-08-02T15:36:00+00:00,search,desktop,browser,,,未知
e-04-0053-read_end,s-04-0053,anon-0061-4,guide-map,history-v1,read_end,2026-08-06T20:57:09+08:00,2026-08-06T12:57:44+00:00,campaign,mobile,browser,216,73,四川
e-02-0074-read_end,s-02-0074,anon-0024-2,guide-expense,history-v1,read_end,2026-08-14T02:07:41+08:00,2026-08-13T18:08:49+00:00,search,mobile,browser,192,98,上海
e-02-0006-read_end,s-02-0006,anon-0033-2,guide-expense,history-v1,read_end,2026-08-03T14:05:42+00:00,2026-08-03T22:06:13+08:00,search,mobile,browser,36,18,浙江
e-00-0142-page_view,s-00-0142,anon-0089-0,guide-account,history-v1,page_view,2026-08-11T03:53:52+08:00,2026-08-11T03:54:41+08:00,search,desktop,browser,,,北京
e-04-0287-page_view,s-04-0287,anon-0010-4,guide-map,history-v1,page_view,2026-08-12T17:15:12+08:00,2026-08-13T09:15:57+00:00,campaign,mobile,browser,,,江苏
e-04-0327-page_view,s-04-0327,anon-0152-4,guide-map,history-v1,page_view,2026-08-06T16:01:28+00:00,2026-08-07T00:01:32+08:00,search,desktop,browser,,,四川
e-02-0059-read_end,s-02-0059,anon-0014-2,guide-expense,history-v1,read_end,2026-08-10T00:43:16+08:00,2026-08-09T16:43:40+00:00,home,mobile,browser,3,76,浙江
e-01-0185-read_end,s-01-0185,anon-0055-1,guide-device,history-v1,read_end,2026-08-09T20:15:52+08:00,2026-08-09T12:16:47+00:00,search,mobile,browser,92,75,四川
e-03-0144-page_view,s-03-0144,anon-0058-3,guide-remote,history-v1,page_view,2026-08-07T15:28:49+00:00,2026-08-07T23:30:03+08:00,search,desktop,browser,,,北京
e-00-0062-read_end,s-00-0062,anon-0126-0,guide-account,history-v1,read_end,2026-08-12T18:14:52+08:00,2026-08-12T10:16:16+00:00,search,desktop,browser,211,25,江苏
e-02-0029-read_end,s-02-0029,anon-0028-2,guide-expense,history-v1,read_end,2026-08-06T11:48:09+08:00,2026-08-06T03:49:03+00:00,search,mobile,browser,187,100,上海
e-04-0194-page_view,s-04-0194,anon-0104-4,guide-map,history-v1,page_view,2026-08-08T00:07:28+08:00,2026-08-07T16:08:57+00:00,direct,desktop,browser,,,四川
e-01-0013-page_view,s-01-0013,,guide-device,history-v1,page_view,2026-08-04T05:56:38+08:00,2026-08-04T05:57:23+08:00,home,desktop,browser,,,北京
e-03-0093-read_end,s-03-0093,anon-0036-3,guide-remote,history-v1,read_end,2026-08-04T02:48:44+00:00,2026-08-04T10:50:01+08:00,direct,mobile,browser,26,23,未知
e-02-0031-page_view,s-02-0031,anon-0006-2,guide-expense,history-v1,page_view,2026-08-07T20:10:57+08:00,2026-08-07T20:11:01+08:00,direct,mobile,browser,,,浙江
e-02-0073-read_end,s-02-0073,anon-0036-2,guide-expense,history-v1,read_end,2026-08-06T07:18:58+08:00,2026-08-06T07:19:50+08:00,search,mobile,browser,67,76,浙江
e-03-0102-page_view,s-03-0102,anon-0037-3,guide-remote,history-v1,page_view,2026-08-03T04:24:38+00:00,2026-08-03T12:25:40+08:00,search,desktop,browser,,,未知
e-01-0173-read_end,s-01-0173,anon-0066-1,guide-device,history-v1,read_end,2026-08-06T07:06:08+08:00,2026-08-05T23:06:37+00:00,home,mobile,browser,3,27,上海
e-03-0091-read_end,s-03-0091,anon-0041-3,guide-remote,history-v1,read_end,2026-08-14T06:58:23+08:00,2026-08-14T06:59:16+08:00,search,desktop,browser,98,90,上海
e-05-0068-page_view,s-05-0068,anon-0024-5,guide-permission,history-v1,page_view,2026-08-09T15:37:04+08:00,2026-08-09T07:38:06+00:00,search,desktop,browser,,,广东
e-03-0027-read_end,s-03-0027,anon-0042-3,guide-remote,history-v1,read_end,2026-08-07T15:16:28+00:00,2026-08-07T23:17:36+08:00,search,desktop,browser,120,97,浙江
e-01-0070-read_end,s-01-0070,anon-0074-1,guide-device,history-v1,read_end,2026-08-04T23:52:57+08:00,2026-08-04T23:54:02+08:00,campaign,mobile,browser,108,15,浙江
e-04-0133-page_view,s-04-0133,anon-0011-4,guide-map,history-v1,page_view,2026-08-10T01:22:14+08:00,2026-08-10T01:23:34+08:00,direct,desktop,browser,,,广东
e-00-0220-page_view,s-00-0220,anon-0109-0,guide-account,history-v1,page_view,2026-08-06T21:02:00+08:00,2026-08-06T21:03:21+08:00,search,desktop,browser,,,四川
e-04-0008-read_end,s-04-0008,,guide-map,history-v1,read_end,2026-08-05T12:18:32+08:00,2026-08-05T04:18:50+00:00,home,mobile,browser,3,85,江苏
e-04-0275-read_end,s-04-0275,anon-0097-4,guide-map,history-v1,read_end,2026-08-04T16:26:08+08:00,2026-08-04T08:26:20+00:00,direct,desktop,browser,163,90,北京
e-03-0005-read_end,s-03-0005,anon-0045-3,guide-remote,history-v1,read_end,2026-08-08T16:07:09+08:00,2026-08-08T08:07:30+00:00,search,mobile,browser,12,8,四川
e-01-0029-read_end,s-01-0029,anon-0018-1,guide-device,history-v1,read_end,2026-08-06T08:01:13+08:00,2026-08-06T00:01:29+00:00,direct,desktop,browser,133,45,上海
e-01-0155-read_end,s-01-0155,anon-0074-1,guide-device,history-v1,read_end,2026-08-13T17:31:28+08:00,2026-08-13T09:32:12+00:00,search,desktop,browser,53,84,浙江
e-02-0040-page_view,s-02-0040,anon-0031-2,guide-expense,history-v1,page_view,2026-08-03T11:04:17+08:00,2026-08-03T11:04:20+08:00,direct,mobile,browser,,,江苏
e-03-0094-page_view,s-03-0094,anon-0068-3,guide-remote,history-v1,page_view,2026-08-01T08:35:28+08:00,2026-08-01T08:36:38+08:00,direct,desktop,browser,,,未知
e-04-0007-page_view,s-04-0007,anon-0155-4,guide-map,history-v1,page_view,2026-08-01T10:32:32+08:00,2026-08-01T10:33:21+08:00,campaign,mobile,browser,,,上海
e-00-0203-page_view,s-00-0203,anon-0047-0,guide-account,history-v1,page_view,2026-08-12T21:38:23+08:00,2026-08-12T13:39:37+00:00,home,desktop,browser,,,浙江
e-00-0236-page_view,s-00-0236,anon-0108-0,guide-account,history-v1,page_view,2026-08-14T03:37:09+08:00,2026-08-13T19:38:18+00:00,home,mobile,browser,,,江苏
crawler-0161,crawl-161,,guide-map,history-v1,page_view,2026-08-08T16:34:53+00:00,2026-08-08T16:34:54+00:00,campaign,desktop,crawler,,,江苏
e-01-0147-read_end,s-01-0147,anon-0051-1,guide-device,history-v1,read_end,2026-08-02T15:08:27+00:00,2026-08-02T23:08:42+08:00,home,mobile,browser,60,51,广东
e-04-0314-page_view,s-04-0314,anon-0105-4,guide-map,history-v1,page_view,2026-08-11T11:25:23+08:00,2026-08-11T03:25:32+00:00,home,desktop,browser,,,四川
e-06-0036-read_end,s-06-0036,anon-0024-6,guide-faq,history-v1,read_end,2026-08-01T14:16:56+00:00,2026-08-01T22:18:06+08:00,search,mobile,browser,82,72,上海
e-03-0023-read_end,s-03-0023,anon-0046-3,guide-remote,history-v1,read_end,2026-08-06T02:40:42+08:00,2026-08-05T18:41:54+00:00,search,mobile,browser,17,6,北京
crawler-0144,crawl-144,,guide-map,history-v1,page_view,2026-08-08T16:31:12+00:00,2026-08-08T16:31:13+00:00,campaign,desktop,crawler,,,上海
e-06-0056-read_end,s-06-0056,anon-0010-6,guide-faq,history-v1,read_end,2026-08-09T22:25:22+08:00,2026-08-09T14:26:03+00:00,direct,mobile,browser,125,74,未知
e-00-0162-page_view,s-00-0162,anon-0020-0,guide-account,history-v1,page_view,2026-08-02T03:40:10+00:00,2026-08-02T11:40:48+08:00,search,mobile,browser,,,上海
e-04-0315-page_view,s-04-0315,anon-0072-4,guide-map,history-v1,page_view,2026-08-08T11:30:00+00:00,2026-08-08T19:30:41+08:00,search,desktop,browser,,,未知
e-04-0045-page_view,s-04-0045,anon-0053-4,guide-map,history-v1,page_view,2026-08-05T03:24:07+00:00,2026-08-05T11:25:35+08:00,campaign,mobile,browser,,,浙江
e-05-0055-page_view,s-05-0055,anon-0042-5,guide-permission,history-v1,page_view,2026-08-04T17:59:12+08:00,2026-08-04T17:59:19+08:00,campaign,desktop,browser,,,四川
e-04-0067-page_view,s-04-0067,anon-0073-4,guide-map,history-v1,page_view,2026-08-02T05:13:39+08:00,2026-08-02T05:14:30+08:00,search,desktop,browser,,,上海
e-01-0054-page_view,s-01-0054,anon-0004-1,guide-device,history-v1,page_view,2026-08-07T15:37:56+00:00,2026-08-07T23:38:10+08:00,home,desktop,browser,,,江苏
e-01-0064-page_view,s-01-0064,anon-0027-1,guide-device,history-v1,page_view,2026-08-09T15:27:53+08:00,2026-08-09T15:29:01+08:00,home,desktop,browser,,,江苏
e-02-0038-read_end,s-02-0038,anon-0044-2,guide-expense,history-v1,read_end,2026-08-02T21:44:35+08:00,2026-08-02T13:45:31+00:00,home,desktop,browser,115,34,四川
e-04-0218-read_end,s-04-0218,anon-0164-4,guide-map,history-v1,read_end,2026-08-10T05:05:09+08:00,2026-08-09T21:05:44+00:00,search,desktop,browser,126,97,广东
e-04-0038-read_end,s-04-0038,anon-0143-4,guide-map,history-v1,read_end,2026-08-04T08:17:43+08:00,2026-08-04T00:18:32+00:00,direct,desktop,browser,89,95,广东
e-01-0018-page_view,s-01-0018,anon-0035-1,guide-device,history-v1,page_view,2026-08-12T05:48:46+00:00,2026-08-12T13:49:47+08:00,search,desktop,browser,,,四川
e-01-0031-read_end,s-01-0031,anon-0022-1,guide-device,history-v1,read_end,2026-08-06T09:56:24+08:00,2026-08-06T09:56:30+08:00,search,mobile,browser,3,40,江苏
e-04-0055-read_end,s-04-0055,anon-0110-4,guide-map,history-v1,read_end,2026-08-11T16:44:34+08:00,2026-08-11T16:44:55+08:00,home,desktop,browser,17,92,上海
e-05-0031-read_end,s-05-0031,anon-0008-5,guide-permission,history-v1,read_end,2026-08-08T03:29:09+08:00,2026-08-08T03:30:23+08:00,search,desktop,browser,64,98,上海
e-00-0116-page_view,s-00-0116,anon-0037-0,guide-account,history-v1,page_view,2026-08-02T17:36:21+08:00,2026-08-02T09:36:55+00:00,campaign,desktop,browser,,,北京
e-00-0014-read_end,s-00-0014,anon-0050-0,guide-account,history-v1,read_end,2026-08-02T08:23:57+08:00,2026-08-02T00:24:57+00:00,search,mobile,browser,129,42,四川
e-01-0135-page_view,s-01-0135,anon-0067-1,guide-device,history-v1,page_view,2026-08-14T01:59:05+00:00,2026-08-14T10:00:04+08:00,home,mobile,browser,,,北京
e-00-0144-read_end,s-00-0144,anon-0114-0,guide-account,history-v1,read_end,2026-08-02T15:08:53+00:00,2026-08-02T23:10:14+08:00,direct,mobile,browser,185,83,江苏
e-04-0114-page_view,s-04-0114,anon-0146-4,guide-map,history-v1,page_view,2026-08-13T03:42:19+00:00,2026-08-13T11:42:33+08:00,search,desktop,browser,,,浙江
e-01-0047-page_view,s-01-0047,anon-0026-1,guide-device,history-v1,page_view,2026-08-04T16:30:24+08:00,2026-08-04T08:31:09+00:00,home,desktop,browser,,,未知
e-03-0083-read_end,s-03-0083,anon-0054-3,guide-remote,history-v1,read_end,2026-08-11T11:24:31+08:00,2026-08-11T03:24:49+00:00,direct,mobile,browser,26,24,江苏
e-03-0074-page_view,s-03-0074,anon-0079-3,guide-remote,history-v1,page_view,2026-08-02T11:34:00+08:00,2026-08-02T03:34:54+00:00,search,desktop,browser,,,江苏
e-04-0204-read_end,s-04-0204,anon-0052-4,guide-map,history-v1,read_end,2026-08-01T15:27:17+00:00,2026-08-01T23:28:25+08:00,home,mobile,browser,75,97,广东
e-00-0005-page_view,s-00-0005,anon-0101-0,guide-account,history-v1,page_view,2026-08-04T22:32:43+08:00,2026-08-04T14:33:00+00:00,direct,mobile,browser,,,广东
e-00-0071-page_view,s-00-0071,anon-0038-0,guide-account,history-v1,page_view,2026-08-11T01:32:53+08:00,2026-08-10T17:33:05+00:00,search,desktop,browser,,,未知
e-05-0086-page_view,s-05-0086,anon-0035-5,guide-permission,history-v1,page_view,2026-08-04T11:04:34+08:00,2026-08-04T03:05:14+00:00,home,mobile,browser,,,未知
e-03-0011-read_end,s-03-0011,,guide-remote,history-v1,read_end,2026-08-01T06:56:35+08:00,2026-07-31T22:57:29+00:00,search,mobile,browser,31,9,江苏
e-03-0107-page_view,s-03-0107,anon-0040-3,guide-remote,history-v1,page_view,2026-08-06T09:57:58+08:00,2026-08-06T01:59:26+00:00,home,mobile,browser,,,浙江
e-00-0171-page_view,s-00-0171,anon-0074-0,guide-account,history-v1,page_view,2026-08-08T10:43:07+00:00,2026-08-08T18:43:43+08:00,campaign,desktop,browser,,,上海
e-06-0056-page_view,s-06-0056,anon-0010-6,guide-faq,history-v1,page_view,2026-08-09T22:23:17+08:00,2026-08-09T14:24:32+00:00,direct,mobile,browser,,,未知
e-01-0072-page_view,s-01-0072,anon-0043-1,guide-device,history-v1,page_view,2026-08-14T01:26:00+00:00,2026-08-14T09:26:28+08:00,search,desktop,browser,,,未知
crawler-0015,crawl-15,,guide-map,history-v1,page_view,2026-08-08T16:03:15+00:00,2026-08-08T16:03:16+00:00,campaign,desktop,crawler,,,未知
e-01-0052-page_view,s-01-0052,anon-0065-1,guide-device,history-v1,page_view,2026-08-11T21:50:37+08:00,2026-08-11T21:51:55+08:00,campaign,desktop,browser,,,江苏
e-04-0164-page_view,s-04-0164,anon-0091-4,guide-map,history-v1,page_view,2026-08-02T12:53:27+08:00,2026-08-03T04:54:19+00:00,home,desktop,browser,,,浙江
e-02-0052-read_end,s-02-0052,anon-0014-2,guide-expense,history-v1,read_end,2026-08-11T19:29:41+08:00,2026-08-11T19:30:43+08:00,search,desktop,browser,107,34,浙江
e-03-0157-page_view,s-03-0157,anon-0079-3,guide-remote,history-v1,page_view,2026-08-07T15:25:15+08:00,2026-08-07T15:25:50+08:00,home,mobile,browser,,,江苏
e-01-0164-page_view,s-01-0164,anon-0092-1,guide-device,history-v1,page_view,2026-08-01T13:48:45+08:00,2026-08-02T05:49:36+00:00,home,mobile,browser,,,四川
e-00-0156-page_view,s-00-0156,anon-0004-0,guide-account,history-v1,page_view,2026-08-08T18:27:04+00:00,2026-08-09T02:28:23+08:00,search,mobile,browser,,,四川
e-02-0000-page_view,s-02-0000,anon-0011-2,guide-expense,history-v1,page_view,2026-08-02T11:25:58+00:00,2026-08-03T19:27:12+08:00,search,desktop,browser,,,北京
e-00-0160-page_view,s-00-0160,anon-0019-0,guide-account,history-v1,page_view,2026-08-07T07:32:58+08:00,2026-08-07T07:33:09+08:00,search,desktop,browser,,,四川
e-00-0083-page_view,s-00-0083,anon-0046-0,guide-account,history-v1,page_view,2026-08-02T20:00:07+08:00,2026-08-02T12:00:44+00:00,search,mobile,browser,,,江苏
e-04-0268-page_view,s-04-0268,anon-0002-4,guide-map,history-v1,page_view,2026-08-09T16:25:25+08:00,2026-08-09T16:26:35+08:00,campaign,desktop,browser,,,上海
e-05-0092-read_end,s-05-0092,anon-0015-5,guide-permission,history-v1,read_end,2026-08-05T14:41:07+08:00,2026-08-05T06:42:36+00:00,direct,mobile,browser,83,78,未知
e-04-0300-page_view,s-04-0300,anon-0112-4,guide-map,history-v1,page_view,2026-08-02T18:07:40+00:00,2026-08-03T02:08:28+08:00,campaign,mobile,browser,,,浙江
e-02-0037-read_end,s-02-0037,anon-0006-2,guide-expense,history-v1,read_end,2026-08-03T20:54:03+08:00,2026-08-03T20:54:32+08:00,search,mobile,browser,83,81,浙江
crawler-0130,crawl-130,,guide-map,history-v1,page_view,2026-08-08T16:28:10+00:00,2026-08-08T16:28:11+00:00,campaign,desktop,crawler,,,江苏
e-04-0069-page_view,s-04-0069,anon-0107-4,guide-map,history-v1,page_view,2026-08-04T07:20:01+00:00,2026-08-04T15:20:45+08:00,search,desktop,browser,,,广东
e-03-0155-page_view,s-03-0155,anon-0031-3,guide-remote,history-v1,page_view,2026-08-02T07:08:43+08:00,2026-08-01T23:09:28+00:00,direct,desktop,browser,,,四川
e-00-0046-read_end,s-00-0046,anon-0082-0,guide-account,history-v1,read_end,2026-08-03T02:58:03+08:00,2026-08-03T02:58:41+08:00,direct,desktop,browser,17,78,未知
e-03-0144-read_end,s-03-0144,anon-0058-3,guide-remote,history-v1,read_end,2026-08-07T15:30:08+00:00,2026-08-07T23:31:36+08:00,search,desktop,browser,79,91,北京
e-04-0168-page_view,s-04-0168,anon-0074-4,guide-map,history-v1,page_view,2026-08-04T16:06:52+00:00,2026-08-05T00:06:54+08:00,search,desktop,browser,,,未知
e-04-0186-page_view,s-04-0186,anon-0094-4,guide-map,history-v1,page_view,2026-08-09T11:49:12+00:00,2026-08-09T19:50:17+08:00,search,desktop,browser,,,上海
e-00-0103-read_end,s-00-0103,anon-0100-0,guide-account,history-v1,read_end,2026-08-13T17:06:23+08:00,2026-08-13T17:06:46+08:00,home,mobile,browser,38,5,广东
e-00-0157-page_view,s-00-0157,anon-0060-0,guide-account,history-v1,page_view,2026-08-14T05:48:28+08:00,2026-08-14T05:49:21+08:00,home,desktop,browser,,,未知
e-03-0008-page_view,s-03-0008,anon-0017-3,guide-remote,history-v1,page_view,2026-08-13T00:23:02+08:00,2026-08-12T16:24:16+00:00,search,desktop,browser,,,浙江
e-04-0156-page_view,s-04-0156,,guide-map,history-v1,page_view,2026-08-02T13:30:56+00:00,2026-08-02T21:31:03+08:00,campaign,desktop,browser,,,广东
e-01-0140-read_end,s-01-0140,anon-0036-1,guide-device,history-v1,read_end,2026-08-12T14:59:36+08:00,2026-08-12T06:59:37+00:00,direct,desktop,browser,87,87,四川
e-07-0005-page_view,s-07-0005,anon-0006-7,guide-search,history-v1,page_view,2026-08-14T02:57:28+08:00,2026-08-13T18:58:55+00:00,search,mobile,browser,,,浙江
e-01-0032-read_end,s-01-0032,anon-0056-1,guide-device,history-v1,read_end,2026-08-09T21:33:10+08:00,2026-08-09T13:34:35+00:00,home,desktop,browser,94,23,未知
e-04-0180-page_view,s-04-0180,anon-0084-4,guide-map,history-v1,page_view,2026-08-02T04:08:05+00:00,2026-08-02T12:08:22+08:00,search,desktop,browser,,,江苏
e-00-0165-page_view,s-00-0165,anon-0101-0,guide-account,history-v1,page_view,2026-08-05T20:20:23+00:00,2026-08-06T04:20:24+08:00,search,desktop,browser,,,广东
e-03-0121-read_end,s-03-0121,anon-0059-3,guide-remote,history-v1,read_end,2026-08-10T06:06:11+08:00,2026-08-10T06:06:43+08:00,home,mobile,browser,29,20,未知
e-04-0288-page_view,s-04-0288,anon-0160-4,guide-map,history-v1,page_view,2026-08-03T19:53:16+00:00,2026-08-04T03:53:36+08:00,search,desktop,browser,,,未知
e-03-0119-page_view,s-03-0119,anon-0067-3,guide-remote,history-v1,page_view,2026-08-14T03:13:52+08:00,2026-08-13T19:15:12+00:00,search,mobile,browser,,,上海
e-03-0032-page_view,s-03-0032,anon-0028-3,guide-remote,history-v1,page_view,2026-08-02T07:50:24+08:00,2026-08-01T23:51:52+00:00,direct,desktop,browser,,,北京
e-01-0154-page_view,s-01-0154,anon-0081-1,guide-device,history-v1,page_view,2026-08-09T13:19:50+08:00,2026-08-09T13:20:51+08:00,search,mobile,browser,,,广东
e-00-0197-read_end,s-00-0197,anon-0118-0,guide-account,history-v1,read_end,2026-08-08T03:54:55+08:00,2026-08-07T19:56:09+00:00,home,mobile,browser,118,36,四川
e-01-0065-page_view,s-01-0065,,guide-device,history-v1,page_view,2026-08-03T20:41:33+08:00,2026-08-03T12:43:02+00:00,search,mobile,browser,,,上海
e-01-0000-page_view,s-01-0000,anon-0075-1,guide-device,history-v1,page_view,2026-08-02T03:22:01+00:00,2026-08-03T11:22:34+08:00,search,desktop,browser,,,浙江
crawler-0064,crawl-64,,guide-map,history-v1,page_view,2026-08-08T16:13:52+00:00,2026-08-08T16:13:53+00:00,campaign,desktop,crawler,,,未知
e-01-0154-read_end,s-01-0154,anon-0081-1,guide-device,history-v1,read_end,2026-08-09T13:20:55+08:00,2026-08-09T13:22:17+08:00,search,mobile,browser,65,86,广东
e-02-0036-page_view,s-02-0036,anon-0038-2,guide-expense,history-v1,page_view,2026-08-09T18:52:19+00:00,2026-08-10T02:52:54+08:00,direct,desktop,browser,,,江苏
crawler-0035,crawl-35,,guide-map,history-v1,page_view,2026-08-08T16:07:35+00:00,2026-08-08T16:07:36+00:00,campaign,desktop,crawler,,,广东
e-03-0084-read_end,s-03-0084,anon-0070-3,guide-remote,history-v1,read_end,2026-08-13T13:14:38+00:00,2026-08-13T21:15:18+08:00,home,desktop,browser,165,32,江苏
e-04-0271-read_end,s-04-0271,anon-0033-4,guide-map,history-v1,read_end,2026-08-14T04:51:13+08:00,2026-08-14T04:51:58+08:00,campaign,desktop,browser,81,99,江苏
e-01-0186-read_end,s-01-0186,anon-0040-1,guide-device,history-v1,read_end,2026-08-02T11:37:22+00:00,2026-08-02T19:37:58+08:00,home,desktop,browser,92,80,四川
e-04-0317-read_end,s-04-0317,anon-0096-4,guide-map,history-v1,read_end,2026-08-11T16:55:51+08:00,2026-08-11T08:57:12+00:00,search,mobile,browser,65,18,四川
e-04-0315-read_end,s-04-0315,anon-0072-4,guide-map,history-v1,read_end,2026-08-08T11:31:00+00:00,2026-08-08T19:31:42+08:00,search,desktop,browser,60,78,未知
e-04-0237-read_end,s-04-0237,anon-0081-4,guide-map,history-v1,read_end,2026-08-10T14:35:40+00:00,2026-08-10T22:36:42+08:00,search,desktop,browser,85,87,北京
crawler-0100,crawl-100,,guide-map,history-v1,page_view,2026-08-08T16:21:40+00:00,2026-08-08T16:21:41+00:00,campaign,desktop,crawler,,,未知
e-00-0079-page_view,s-00-0079,anon-0036-0,guide-account,history-v1,page_view,2026-08-05T03:24:38+08:00,2026-08-05T03:25:50+08:00,search,mobile,browser,,,广东
e-05-0067-read_end,s-05-0067,anon-0029-5,guide-permission,history-v1,read_end,2026-08-06T21:26:40+08:00,2026-08-06T21:27:14+08:00,search,mobile,browser,122,54,四川
e-05-0079-read_end,s-05-0079,anon-0010-5,guide-permission,history-v1,read_end,2026-08-05T23:38:16+08:00,2026-08-05T23:39:07+08:00,search,desktop,browser,96,26,江苏
e-06-0023-read_end,s-06-0023,anon-0001-6,guide-faq,history-v1,read_end,2026-08-13T10:01:23+08:00,2026-08-13T02:02:35+00:00,direct,mobile,browser,27,84,上海
e-01-0163-page_view,s-01-0163,,guide-device,history-v1,page_view,2026-08-12T01:26:31+08:00,2026-08-12T01:27:30+08:00,direct,desktop,browser,,,四川
e-02-0046-page_view,s-02-0046,anon-0005-2,guide-expense,history-v1,page_view,2026-08-07T01:49:32+08:00,2026-08-07T01:49:40+08:00,home,desktop,browser,,,上海
e-00-0023-page_view,s-00-0023,anon-0003-0,guide-account,history-v1,page_view,2026-08-11T14:40:50+08:00,2026-08-11T06:41:02+00:00,home,mobile,browser,,,浙江
crawler-0052,crawl-52,,guide-map,history-v1,page_view,2026-08-08T16:11:16+00:00,2026-08-08T16:11:17+00:00,campaign,desktop,crawler,,,上海
e-01-0180-read_end,s-01-0180,anon-0049-1,guide-device,history-v1,read_end,2026-08-05T23:23:12+00:00,2026-08-06T07:23:13+08:00,home,mobile,browser,99,78,北京
e-02-0032-read_end,s-02-0032,anon-0000-2,guide-expense,history-v1,read_end,2026-08-04T02:31:03+08:00,2026-08-03T18:32:31+00:00,direct,desktop,browser,152,81,四川
e-03-0051-page_view,s-03-0051,anon-0054-3,guide-remote,history-v1,page_view,2026-08-05T01:56:53+00:00,2026-08-05T09:57:15+08:00,search,desktop,browser,,,江苏
e-03-0149-page_view,s-03-0149,anon-0000-3,guide-remote,history-v1,page_view,2026-08-02T22:33:47+08:00,2026-08-02T14:34:33+00:00,direct,mobile,browser,,,广东
e-01-0110-read_end,s-01-0110,anon-0029-1,guide-device,history-v1,read_end,2026-08-14T22:46:37+08:00,2026-08-14T14:47:16+00:00,direct,desktop,browser,154,95,未知
e-00-0086-page_view,s-00-0086,anon-0061-0,guide-account,history-v1,page_view,2026-08-09T05:02:53+08:00,2026-08-08T21:03:03+00:00,home,desktop,browser,,,广东
crawler-0037,crawl-37,,guide-map,history-v1,page_view,2026-08-08T16:08:01+00:00,2026-08-08T16:08:02+00:00,campaign,desktop,crawler,,,四川
e-00-0218-read_end,s-00-0218,anon-0121-0,guide-account,history-v1,read_end,2026-08-03T09:58:17+08:00,2026-08-03T01:59:35+00:00,home,mobile,browser,90,86,北京
e-03-0071-read_end,s-03-0071,anon-0074-3,guide-remote,history-v1,read_end,2026-08-13T14:36:03+08:00,2026-08-13T06:37:16+00:00,search,mobile,browser,26,30,江苏
e-01-0094-page_view,s-01-0094,anon-0060-1,guide-device,history-v1,page_view,2026-08-01T01:15:47+08:00,2026-08-01T01:16:22+08:00,search,mobile,browser,,,未知
e-03-0099-page_view,s-03-0099,anon-0052-3,guide-remote,history-v1,page_view,2026-08-03T19:16:32+00:00,2026-08-04T03:17:26+08:00,home,desktop,browser,,,广东
e-03-0086-page_view,s-03-0086,anon-0030-3,guide-remote,history-v1,page_view,2026-08-11T11:58:34+08:00,2026-08-11T03:59:51+00:00,home,desktop,browser,,,上海
e-01-0141-page_view,s-01-0141,anon-0002-1,guide-device,history-v1,page_view,2026-08-14T04:07:59+00:00,2026-08-14T12:08:45+08:00,home,desktop,browser,,,四川
e-00-0069-read_end,s-00-0069,anon-0050-0,guide-account,history-v1,read_end,2026-08-03T09:04:48+00:00,2026-08-03T17:05:31+08:00,search,desktop,browser,42,55,四川
e-06-0031-read_end,s-06-0031,anon-0017-6,guide-faq,history-v1,read_end,2026-08-10T07:13:53+08:00,2026-08-10T07:14:43+08:00,search,mobile,browser,47,95,江苏
e-00-0077-read_end,s-00-0077,anon-0024-0,guide-account,history-v1,read_end,2026-08-02T23:47:46+08:00,2026-08-02T15:48:28+00:00,home,desktop,browser,155,6,四川
e-01-0085-read_end,s-01-0085,anon-0074-1,guide-device,history-v1,read_end,2026-08-03T15:08:30+08:00,2026-08-03T15:09:43+08:00,home,mobile,browser,146,52,浙江
crawler-0129,crawl-129,,guide-map,history-v1,page_view,2026-08-08T16:27:57+00:00,2026-08-08T16:27:58+00:00,campaign,desktop,crawler,,,北京
e-01-0185-page_view,s-01-0185,anon-0055-1,guide-device,history-v1,page_view,2026-08-09T20:14:20+08:00,2026-08-09T12:14:42+00:00,search,mobile,browser,,,四川
crawler-0070,crawl-70,,guide-map,history-v1,page_view,2026-08-08T16:15:10+00:00,2026-08-08T16:15:11+00:00,campaign,desktop,crawler,,,北京
e-03-0044-page_view,s-03-0044,anon-0003-3,guide-remote,history-v1,page_view,2026-08-13T07:23:32+08:00,2026-08-12T23:23:54+00:00,direct,desktop,browser,,,广东
e-05-0089-page_view,s-05-0089,anon-0050-5,guide-permission,history-v1,page_view,2026-08-12T00:57:21+08:00,2026-08-11T16:58:47+00:00,home,desktop,browser,,,浙江
e-04-0157-read_end,s-04-0157,anon-0129-4,guide-map,history-v1,read_end,2026-08-09T20:47:39+08:00,2026-08-09T20:48:23+08:00,search,desktop,browser,128,13,四川
e-04-0301-page_view,s-04-0301,anon-0098-4,guide-map,history-v1,page_view,2026-08-05T15:14:58+08:00,2026-08-05T15:15:13+08:00,campaign,mobile,browser,,,北京
e-04-0123-read_end,s-04-0123,anon-0161-4,guide-map,history-v1,read_end,2026-08-04T17:43:25+00:00,2026-08-06T01:43:37+08:00,search,mobile,browser,56,21,未知
e-00-0020-page_view,s-00-0020,anon-0077-0,guide-account,history-v1,page_view,2026-08-13T04:27:30+08:00,2026-08-12T20:28:25+00:00,direct,mobile,browser,,,未知
e-03-0106-read_end,s-03-0106,anon-0072-3,guide-remote,history-v1,read_end,2026-08-07T15:31:43+08:00,2026-08-07T15:33:06+08:00,direct,desktop,browser,181,94,四川
e-05-0004-read_end,s-05-0004,anon-0006-5,guide-permission,history-v1,read_end,2026-08-01T13:21:13+08:00,2026-08-01T13:22:01+08:00,direct,desktop,browser,183,87,江苏
e-04-0119-read_end,s-04-0119,anon-0038-4,guide-map,history-v1,read_end,2026-08-07T22:45:01+08:00,2026-08-07T14:46:11+00:00,search,desktop,browser,35,89,上海
e-01-0130-page_view,s-01-0130,anon-0007-1,guide-device,history-v1,page_view,2026-08-11T18:19:55+08:00,2026-08-11T18:20:56+08:00,search,mobile,browser,,,北京
e-00-0223-read_end,s-00-0223,anon-0031-0,guide-account,history-v1,read_end,2026-08-14T23:57:45+08:00,2026-08-14T23:58:20+08:00,search,desktop,browser,91,72,北京
e-03-0095-page_view,s-03-0095,anon-0067-3,guide-remote,history-v1,page_view,2026-08-01T01:20:12+08:00,2026-07-31T17:20:41+00:00,home,mobile,browser,,,上海
e-04-0181-read_end,s-04-0181,anon-0024-4,guide-map,history-v1,read_end,2026-08-03T09:08:17+08:00,2026-08-03T09:08:20+08:00,campaign,desktop,browser,25,20,北京
e-01-0113-page_view,s-01-0113,anon-0012-1,guide-device,history-v1,page_view,2026-08-01T22:41:06+08:00,2026-08-01T14:42:06+00:00,campaign,desktop,browser,,,四川
e-03-0109-read_end,s-03-0109,anon-0030-3,guide-remote,history-v1,read_end,2026-08-07T10:12:12+08:00,2026-08-07T10:13:10+08:00,search,mobile,browser,28,31,上海
e-04-0165-page_view,s-04-0165,anon-0028-4,guide-map,history-v1,page_view,2026-08-09T22:01:51+00:00,2026-08-10T06:03:16+08:00,direct,desktop,browser,,,北京
e-04-0074-read_end,s-04-0074,anon-0074-4,guide-map,history-v1,read_end,2026-08-11T07:32:48+08:00,2026-08-10T23:32:56+00:00,campaign,mobile,browser,133,83,未知
e-01-0120-page_view,s-01-0120,anon-0015-1,guide-device,history-v1,page_view,2026-08-07T07:13:26+00:00,2026-08-07T15:13:46+08:00,home,desktop,browser,,,四川
e-04-0220-page_view,s-04-0220,anon-0154-4,guide-map,history-v1,page_view,2026-08-03T04:59:59+08:00,2026-08-03T05:00:26+08:00,direct,desktop,browser,,,广东
e-02-0005-page_view,s-02-0005,anon-0009-2,guide-expense,history-v1,page_view,2026-08-10T14:31:02+08:00,2026-08-10T06:31:48+00:00,home,mobile,browser,,,四川
e-00-0053-read_end,s-00-0053,anon-0080-0,guide-account,history-v1,read_end,2026-08-05T23:19:03+08:00,2026-08-05T15:20:30+00:00,direct,desktop,browser,57,94,上海
e-04-0305-page_view,s-04-0305,anon-0164-4,guide-map,history-v1,page_view,2026-08-05T09:14:51+08:00,2026-08-05T01:15:14+00:00,direct,desktop,browser,,,广东
e-02-0022-read_end,s-02-0022,anon-0016-2,guide-expense,history-v1,read_end,2026-08-13T15:43:46+08:00,2026-08-13T15:44:02+08:00,campaign,mobile,browser,112,100,上海
e-00-0254-read_end,s-00-0254,anon-0059-0,guide-account,history-v1,read_end,2026-08-14T20:29:51+08:00,2026-08-14T12:30:00+00:00,campaign,desktop,browser,251,88,江苏
crawler-0078,crawl-78,,guide-map,history-v1,page_view,2026-08-08T16:16:54+00:00,2026-08-08T16:16:55+00:00,campaign,desktop,crawler,,,江苏
e-02-0008-page_view,s-02-0008,anon-0040-2,guide-expense,history-v1,page_view,2026-08-02T10:35:26+08:00,2026-08-02T02:36:51+00:00,search,desktop,browser,,,四川
e-04-0023-read_end,s-04-0023,anon-0158-4,guide-map,history-v1,read_end,2026-08-05T18:16:29+08:00,2026-08-05T10:17:12+00:00,home,mobile,browser,169,39,上海
e-00-0198-page_view,s-00-0198,anon-0110-0,guide-account,history-v1,page_view,2026-08-09T05:51:00+00:00,2026-08-09T13:51:41+08:00,search,desktop,browser,,,上海
e-04-0158-page_view,s-04-0158,anon-0153-4,guide-map,history-v1,page_view,2026-08-02T21:44:35+08:00,2026-08-02T13:45:48+00:00,search,mobile,browser,,,北京
crawler-0134,crawl-134,,guide-map,history-v1,page_view,2026-08-08T16:29:02+00:00,2026-08-08T16:29:03+00:00,campaign,desktop,crawler,,,浙江
e-02-0077-read_end,s-02-0077,,guide-expense,history-v1,read_end,2026-08-04T14:59:22+08:00,2026-08-04T06:59:36+00:00,campaign,desktop,browser,127,98,上海
e-02-0080-page_view,s-02-0080,anon-0039-2,guide-expense,history-v1,page_view,2026-08-11T01:14:54+08:00,2026-08-10T17:15:38+00:00,search,desktop,browser,,,江苏
e-05-0090-read_end,s-05-0090,anon-0047-5,guide-permission,history-v1,read_end,2026-08-12T12:11:08+00:00,2026-08-12T20:11:41+08:00,campaign,mobile,browser,201,49,未知
e-05-0054-read_end,s-05-0054,anon-0053-5,guide-permission,history-v1,read_end,2026-08-02T12:43:14+00:00,2026-08-02T20:44:28+08:00,search,mobile,browser,166,25,北京
e-00-0063-read_end,s-00-0063,anon-0113-0,guide-account,history-v1,read_end,2026-08-14T01:25:48+00:00,2026-08-14T09:27:02+08:00,home,mobile,browser,169,15,北京
e-06-0043-page_view,s-06-0043,anon-0004-6,guide-faq,history-v1,page_view,2026-08-06T22:57:04+08:00,2026-08-06T22:57:40+08:00,search,desktop,browser,,,未知
crawler-0179,crawl-179,,guide-map,history-v1,page_view,2026-08-08T16:38:47+00:00,2026-08-08T16:38:48+00:00,campaign,desktop,crawler,,,浙江
e-04-0009-read_end,s-04-0009,anon-0144-4,guide-map,history-v1,read_end,2026-08-11T13:46:03+00:00,2026-08-11T21:47:03+08:00,home,mobile,browser,42,50,广东
e-01-0000-read_end,s-01-0000,anon-0075-1,guide-device,history-v1,read_end,2026-08-02T03:25:37+00:00,2026-08-03T11:25:56+08:00,search,desktop,browser,216,26,浙江
e-03-0073-page_view,s-03-0073,anon-0048-3,guide-remote,history-v1,page_view,2026-08-04T13:30:26+08:00,2026-08-04T13:31:13+08:00,home,mobile,browser,,,上海
e-01-0188-read_end,s-01-0188,anon-0027-1,guide-device,history-v1,read_end,2026-08-04T02:54:56+08:00,2026-08-03T18:55:50+00:00,search,desktop,browser,231,19,江苏
e-05-0078-read_end,s-05-0078,anon-0011-5,guide-permission,history-v1,read_end,2026-08-14T01:21:38+00:00,2026-08-14T09:21:39+08:00,home,desktop,browser,105,30,上海
e-00-0102-page_view,s-00-0102,anon-0069-0,guide-account,history-v1,page_view,2026-08-07T20:47:26+00:00,2026-08-08T04:48:04+08:00,search,mobile,browser,,,江苏
e-00-0035-page_view,s-00-0035,anon-0119-0,guide-account,history-v1,page_view,2026-08-12T00:57:18+08:00,2026-08-11T16:57:57+00:00,search,mobile,browser,,,广东
e-00-0151-page_view,s-00-0151,anon-0081-0,guide-account,history-v1,page_view,2026-08-02T04:28:05+08:00,2026-08-02T04:28:16+08:00,home,desktop,browser,,,四川
e-00-0194-read_end,s-00-0194,anon-0093-0,guide-account,history-v1,read_end,2026-08-06T14:36:35+08:00,2026-08-06T06:37:50+00:00,search,desktop,browser,52,99,未知
e-00-0042-read_end,s-00-0042,anon-0050-0,guide-account,history-v1,read_end,2026-08-03T04:03:22+00:00,2026-08-03T12:03:45+08:00,direct,desktop,browser,262,98,四川
e-03-0022-page_view,s-03-0022,anon-0010-3,guide-remote,history-v1,page_view,2026-08-09T08:28:48+08:00,2026-08-09T08:28:53+08:00,direct,desktop,browser,,,未知
e-03-0041-page_view,s-03-0041,anon-0036-3,guide-remote,history-v1,page_view,2026-08-01T21:46:58+08:00,2026-08-02T13:47:58+00:00,search,mobile,browser,,,未知
e-01-0127-page_view,s-01-0127,anon-0085-1,guide-device,history-v1,page_view,2026-08-02T00:25:11+08:00,2026-08-02T00:26:17+08:00,search,desktop,browser,,,上海
e-01-0149-read_end,s-01-0149,anon-0086-1,guide-device,history-v1,read_end,2026-08-09T08:54:02+08:00,2026-08-09T00:54:30+00:00,search,desktop,browser,97,14,四川
e-04-0296-page_view,s-04-0296,anon-0072-4,guide-map,history-v1,page_view,2026-08-11T13:03:00+08:00,2026-08-11T05:03:04+00:00,direct,desktop,browser,,,未知
e-04-0163-read_end,s-04-0163,anon-0092-4,guide-map,history-v1,read_end,2026-08-08T05:56:25+08:00,2026-08-08T05:57:32+08:00,direct,mobile,browser,166,73,四川
e-03-0135-read_end,s-03-0135,anon-0010-3,guide-remote,history-v1,read_end,2026-07-31T23:18:40+00:00,2026-08-01T07:19:39+08:00,direct,desktop,browser,87,5,未知
e-06-0053-page_view,s-06-0053,anon-0020-6,guide-faq,history-v1,page_view,2026-08-08T03:53:08+08:00,2026-08-07T19:53:10+00:00,home,desktop,browser,,,浙江
crawler-0089,crawl-89,,guide-map,history-v1,page_view,2026-08-08T16:19:17+00:00,2026-08-08T16:19:18+00:00,campaign,desktop,crawler,,,广东
crawler-0109,crawl-109,,guide-map,history-v1,page_view,2026-08-08T16:23:37+00:00,2026-08-08T16:23:38+00:00,campaign,desktop,crawler,,,四川
e-01-0166-read_end,s-01-0166,anon-0033-1,guide-device,history-v1,read_end,2026-08-11T04:44:44+08:00,2026-08-11T04:45:53+08:00,search,mobile,browser,130,90,四川
e-03-0096-read_end,s-03-0096,anon-0065-3,guide-remote,history-v1,read_end,2026-08-08T05:59:12+00:00,2026-08-08T13:59:18+08:00,home,mobile,browser,33,32,浙江
e-01-0178-page_view,s-01-0178,anon-0067-1,guide-device,history-v1,page_view,2026-08-06T17:52:27+08:00,2026-08-06T17:53:15+08:00,search,desktop,browser,,,北京
e-03-0050-read_end,s-03-0050,anon-0079-3,guide-remote,history-v1,read_end,2026-08-07T17:59:45+08:00,2026-08-07T09:59:46+00:00,search,desktop,browser,122,12,江苏
e-05-0097-read_end,s-05-0097,anon-0017-5,guide-permission,history-v1,read_end,2026-08-11T08:15:03+08:00,2026-08-11T08:15:34+08:00,home,mobile,browser,134,85,未知
e-00-0134-page_view,s-00-0134,anon-0051-0,guide-account,history-v1,page_view,2026-08-05T20:40:27+08:00,2026-08-05T12:40:53+00:00,home,desktop,browser,,,四川
e-04-0293-page_view,s-04-0293,anon-0031-4,guide-map,history-v1,page_view,2026-08-08T15:22:06+08:00,2026-08-08T07:23:13+00:00,direct,mobile,browser,,,北京
crawler-0176,crawl-176,,guide-map,history-v1,page_view,2026-08-08T16:38:08+00:00,2026-08-08T16:38:09+00:00,campaign,desktop,crawler,,,北京
e-03-0075-read_end,s-03-0075,anon-0069-3,guide-remote,history-v1,read_end,2026-08-01T02:54:00+00:00,2026-08-01T10:54:52+08:00,home,desktop,browser,159,52,江苏
e-06-0005-page_view,s-06-0005,anon-0005-6,guide-faq,history-v1,page_view,2026-08-07T18:48:52+08:00,2026-08-07T10:49:48+00:00,search,desktop,browser,,,浙江
e-04-0186-read_end,s-04-0186,anon-0094-4,guide-map,history-v1,read_end,2026-08-09T11:51:56+00:00,2026-08-09T19:52:14+08:00,search,desktop,browser,164,82,上海
e-04-0138-page_view,s-04-0138,anon-0084-4,guide-map,history-v1,page_view,2026-08-12T05:57:05+00:00,2026-08-12T13:58:35+08:00,campaign,desktop,browser,,,江苏
e-04-0135-page_view,s-04-0135,anon-0021-4,guide-map,history-v1,page_view,2026-08-01T21:10:35+00:00,2026-08-02T05:10:55+08:00,search,mobile,browser,,,北京
e-04-0171-read_end,s-04-0171,anon-0078-4,guide-map,history-v1,read_end,2026-08-07T17:58:36+00:00,2026-08-08T01:59:24+08:00,search,desktop,browser,3,27,四川
e-01-0066-page_view,s-01-0066,anon-0053-1,guide-device,history-v1,page_view,2026-08-06T06:25:00+00:00,2026-08-06T14:26:16+08:00,home,mobile,browser,,,未知
e-00-0216-read_end,s-00-0216,anon-0003-0,guide-account,history-v1,read_end,2026-08-09T17:01:09+00:00,2026-08-10T01:02:10+08:00,home,desktop,browser,54,5,浙江
e-02-0085-page_view,s-02-0085,anon-0023-2,guide-expense,history-v1,page_view,2026-08-11T12:04:31+08:00,2026-08-11T12:05:52+08:00,direct,mobile,browser,,,广东
e-00-0129-page_view,s-00-0129,anon-0046-0,guide-account,history-v1,page_view,2026-08-13T04:58:16+00:00,2026-08-13T12:59:24+08:00,search,desktop,browser,,,江苏
crawler-0018,crawl-18,,guide-map,history-v1,page_view,2026-08-08T16:03:54+00:00,2026-08-08T16:03:55+00:00,campaign,desktop,crawler,,,浙江
e-00-0045-read_end,s-00-0045,anon-0086-0,guide-account,history-v1,read_end,2026-08-02T03:18:40+00:00,2026-08-02T11:19:16+08:00,home,desktop,browser,205,14,未知
e-00-0191-page_view,s-00-0191,anon-0099-0,guide-account,history-v1,page_view,2026-08-08T20:29:50+08:00,2026-08-08T12:29:54+00:00,direct,mobile,browser,,,广东
crawler-0090,crawl-90,,guide-map,history-v1,page_view,2026-08-08T16:19:30+00:00,2026-08-08T16:19:31+00:00,campaign,desktop,crawler,,,江苏
e-05-0012-page_view,s-05-0012,anon-0036-5,guide-permission,history-v1,page_view,2026-08-07T06:34:33+00:00,2026-08-07T14:34:59+08:00,search,mobile,browser,,,四川
e-03-0006-page_view,s-03-0006,anon-0053-3,guide-remote,history-v1,page_view,2026-08-03T00:14:27+00:00,2026-08-03T08:14:54+08:00,home,mobile,browser,,,广东
e-00-0180-read_end,s-00-0180,anon-0006-0,guide-account,history-v1,read_end,2026-08-13T17:29:03+00:00,2026-08-14T01:29:24+08:00,direct,desktop,browser,8,74,江苏
e-07-0007-read_end,s-07-0007,anon-0003-7,guide-search,history-v1,read_end,2026-08-13T00:09:27+08:00,2026-08-13T00:10:53+08:00,direct,mobile,browser,122,49,浙江
e-04-0105-read_end,s-04-0105,anon-0047-4,guide-map,history-v1,read_end,2026-08-04T06:17:51+00:00,2026-08-04T14:18:42+08:00,direct,desktop,browser,155,24,浙江
e-03-0132-read_end,s-03-0132,anon-0074-3,guide-remote,history-v1,read_end,2026-08-03T12:01:23+00:00,2026-08-03T20:01:41+08:00,search,mobile,browser,21,29,江苏
e-02-0075-read_end,s-02-0075,anon-0015-2,guide-expense,history-v1,read_end,2026-08-10T13:27:03+00:00,2026-08-10T21:27:53+08:00,search,desktop,browser,183,91,江苏
e-02-0080-read_end,s-02-0080,anon-0039-2,guide-expense,history-v1,read_end,2026-08-11T01:16:45+08:00,2026-08-10T17:16:50+00:00,search,desktop,browser,111,87,江苏
e-00-0056-read_end,s-00-0056,anon-0067-0,guide-account,history-v1,read_end,2026-08-08T03:08:06+08:00,2026-08-07T19:09:31+00:00,search,desktop,browser,7,75,广东
e-00-0086-read_end,s-00-0086,anon-0061-0,guide-account,history-v1,read_end,2026-08-09T05:03:55+08:00,2026-08-08T21:05:06+00:00,home,desktop,browser,62,88,广东
e-02-0091-read_end,s-02-0091,anon-0018-2,guide-expense,history-v1,read_end,2026-08-03T04:12:51+08:00,2026-08-03T04:14:05+08:00,direct,mobile,browser,91,19,未知
e-05-0002-page_view,s-05-0002,,guide-permission,history-v1,page_view,2026-08-03T10:54:58+08:00,2026-08-03T02:56:22+00:00,search,mobile,browser,,,广东
e-04-0028-page_view,s-04-0028,anon-0049-4,guide-map,history-v1,page_view,2026-08-03T03:58:23+08:00,2026-08-03T03:59:19+08:00,search,desktop,browser,,,北京
e-04-0098-page_view,s-04-0098,anon-0007-4,guide-map,history-v1,page_view,2026-08-05T10:55:36+08:00,2026-08-05T02:56:07+00:00,search,mobile,browser,,,上海
e-04-0223-read_end,s-04-0223,anon-0094-4,guide-map,history-v1,read_end,2026-08-04T12:54:25+08:00,2026-08-04T12:55:14+08:00,direct,desktop,browser,185,82,上海
edge-02,s-00-0001,anon-0030-0,guide-account,history-v1,page_view,not-a-time,2026-08-05T23:39:16+08:00,search,mobile,browser,,,江苏
e-06-0010-read_end,s-06-0010,anon-0025-6,guide-faq,history-v1,read_end,2026-08-06T03:31:30+08:00,2026-08-06T03:31:58+08:00,search,mobile,browser,57,98,四川
e-04-0118-page_view,s-04-0118,anon-0078-4,guide-map,history-v1,page_view,2026-08-07T08:19:14+08:00,2026-08-07T08:19:49+08:00,search,mobile,browser,,,四川
e-02-0034-page_view,s-02-0034,anon-0020-2,guide-expense,history-v1,page_view,2026-08-13T04:43:01+08:00,2026-08-13T04:43:28+08:00,direct,desktop,browser,,,江苏
e-06-0012-read_end,s-06-0012,anon-0014-6,guide-faq,history-v1,read_end,2026-08-13T02:11:49+00:00,2026-08-13T10:12:10+08:00,direct,desktop,browser,36,77,江苏
e-00-0034-read_end,s-00-0034,anon-0096-0,guide-account,history-v1,read_end,2026-08-10T10:59:37+08:00,2026-08-10T11:00:57+08:00,search,mobile,browser,149,39,未知
e-00-0070-read_end,s-00-0070,anon-0055-0,guide-account,history-v1,read_end,2026-08-04T13:49:08+08:00,2026-08-04T13:49:38+08:00,search,mobile,browser,168,76,四川
e-04-0062-page_view,s-04-0062,anon-0036-4,guide-map,history-v1,page_view,2026-08-09T07:22:45+08:00,2026-08-08T23:24:07+00:00,search,desktop,browser,,,未知
e-03-0082-read_end,s-03-0082,anon-0024-3,guide-remote,history-v1,read_end,2026-08-01T22:19:20+08:00,2026-08-02T22:19:32+08:00,search,desktop,browser,122,54,未知
e-02-0045-page_view,s-02-0045,anon-0030-2,guide-expense,history-v1,page_view,2026-08-05T05:40:53+00:00,2026-08-05T13:41:36+08:00,search,desktop,browser,,,浙江
e-05-0088-read_end,s-05-0088,anon-0050-5,guide-permission,history-v1,read_end,2026-08-02T06:57:42+08:00,2026-08-02T06:57:53+08:00,direct,desktop,browser,217,79,浙江
e-01-0184-page_view,s-01-0184,anon-0068-1,guide-device,history-v1,page_view,2026-08-10T11:57:25+08:00,2026-08-10T11:58:54+08:00,search,desktop,browser,,,北京
e-04-0311-page_view,s-04-0311,anon-0134-4,guide-map,history-v1,page_view,2026-08-10T20:11:00+08:00,2026-08-10T12:12:15+00:00,home,mobile,browser,,,浙江
e-05-0015-read_end,s-05-0015,anon-0037-5,guide-permission,history-v1,read_end,2026-08-05T06:53:40+00:00,2026-08-05T14:54:51+08:00,search,desktop,browser,109,55,上海
e-00-0239-read_end,s-00-0239,anon-0035-0,guide-account,history-v1,read_end,2026-08-07T16:28:43+08:00,2026-08-07T08:28:44+00:00,search,mobile,browser,106,93,未知
e-00-0022-read_end,s-00-0022,anon-0056-0,guide-account,history-v1,read_end,2026-08-08T10:21:19+08:00,2026-08-08T10:22:37+08:00,home,mobile,browser,108,81,广东
e-01-0034-read_end,s-01-0034,anon-0044-1,guide-device,history-v1,read_end,2026-08-01T07:42:51+08:00,2026-08-01T07:43:03+08:00,home,mobile,browser,202,81,北京
e-00-0167-read_end,s-00-0167,anon-0081-0,guide-account,history-v1,read_end,2026-08-10T03:52:02+08:00,2026-08-09T19:53:13+00:00,search,mobile,browser,3,37,四川
e-03-0138-page_view,s-03-0138,anon-0044-3,guide-remote,history-v1,page_view,2026-08-13T09:17:21+00:00,2026-08-13T17:18:46+08:00,search,desktop,browser,,,四川
e-04-0251-read_end,s-04-0251,anon-0114-4,guide-map,history-v1,read_end,2026-08-01T19:32:15+08:00,2026-08-01T11:33:17+00:00,home,desktop,browser,117,90,四川
e-05-0037-page_view,s-05-0037,anon-0004-5,guide-permission,history-v1,page_view,2026-08-07T08:42:48+08:00,2026-08-07T08:43:06+08:00,campaign,desktop,browser,,,江苏
e-03-0004-page_view,s-03-0004,anon-0018-3,guide-remote,history-v1,page_view,2026-08-12T07:32:15+08:00,2026-08-12T07:32:50+08:00,search,mobile,browser,,,上海
e-02-0032-page_view,s-02-0032,anon-0000-2,guide-expense,history-v1,page_view,2026-08-04T02:28:31+08:00,2026-08-03T18:29:19+00:00,direct,desktop,browser,,,四川
e-00-0058-page_view,s-00-0058,anon-0063-0,guide-account,history-v1,page_view,2026-08-06T23:12:05+08:00,2026-08-06T23:13:14+08:00,home,desktop,browser,,,四川
e-01-0046-read_end,s-01-0046,anon-0016-1,guide-device,history-v1,read_end,2026-08-14T13:03:46+08:00,2026-08-14T13:04:20+08:00,home,desktop,browser,127,77,江苏
e-05-0080-read_end,s-05-0080,anon-0044-5,guide-permission,history-v1,read_end,2026-08-13T09:41:08+08:00,2026-08-13T01:41:30+00:00,search,desktop,browser,43,72,四川
e-04-0226-page_view,s-04-0226,anon-0025-4,guide-map,history-v1,page_view,2026-08-01T02:41:02+08:00,2026-08-01T02:41:36+08:00,home,desktop,browser,,,北京
e-04-0075-page_view,s-04-0075,anon-0052-4,guide-map,history-v1,page_view,2026-08-07T02:25:33+00:00,2026-08-07T10:26:23+08:00,campaign,desktop,browser,,,广东
e-02-0060-read_end,s-02-0060,anon-0012-2,guide-expense,history-v1,read_end,2026-08-12T09:20:34+00:00,2026-08-12T17:20:46+08:00,campaign,mobile,browser,84,98,四川
e-00-0248-page_view,s-00-0248,anon-0014-0,guide-account,history-v1,page_view,2026-08-09T00:51:59+08:00,2026-08-08T16:52:12+00:00,search,mobile,browser,,,北京
e-04-0141-read_end,s-04-0141,,guide-map,history-v1,read_end,2026-08-02T07:07:23+00:00,2026-08-02T15:07:58+08:00,search,desktop,browser,25,82,上海
e-04-0208-read_end,s-04-0208,anon-0143-4,guide-map,history-v1,read_end,2026-08-04T19:03:17+08:00,2026-08-04T19:04:40+08:00,search,desktop,browser,44,84,广东
e-01-0163-read_end,s-01-0163,,guide-device,history-v1,read_end,2026-08-12T01:29:08+08:00,2026-08-12T01:29:50+08:00,direct,desktop,browser,157,25,四川
e-01-0117-read_end,s-01-0117,anon-0068-1,guide-device,history-v1,read_end,2026-08-06T04:59:03+00:00,2026-08-06T13:00:04+08:00,search,desktop,browser,124,85,北京
crawler-0169,crawl-169,,guide-map,history-v1,page_view,2026-08-08T16:36:37+00:00,2026-08-08T16:36:38+00:00,campaign,desktop,crawler,,,广东
e-04-0301-read_end,s-04-0301,anon-0098-4,guide-map,history-v1,read_end,2026-08-05T15:16:34+08:00,2026-08-05T15:17:42+08:00,campaign,mobile,browser,96,83,北京
crawler-0068,crawl-68,,guide-map,history-v1,page_view,2026-08-08T16:14:44+00:00,2026-08-08T16:14:45+00:00,campaign,desktop,crawler,,,未知
e-06-0055-page_view,s-06-0055,anon-0008-6,guide-faq,history-v1,page_view,2026-08-04T15:48:14+08:00,2026-08-04T15:48:53+08:00,campaign,desktop,browser,,,四川
e-03-0117-read_end,s-03-0117,anon-0048-3,guide-remote,history-v1,read_end,2026-08-08T05:54:43+00:00,2026-08-08T13:55:02+08:00,direct,desktop,browser,107,51,上海
e-05-0104-read_end,s-05-0104,anon-0030-5,guide-permission,history-v1,read_end,2026-08-02T12:40:40+08:00,2026-08-02T04:41:30+00:00,home,desktop,browser,90,38,四川
e-07-0011-page_view,s-07-0011,anon-0000-7,guide-search,history-v1,page_view,2026-08-13T00:02:50+08:00,2026-08-12T16:03:13+00:00,search,desktop,browser,,,上海
e-04-0143-read_end,s-04-0143,anon-0066-4,guide-map,history-v1,read_end,2026-08-01T08:55:11+08:00,2026-08-01T00:55:16+00:00,home,mobile,browser,79,100,上海
e-03-0026-page_view,s-03-0026,anon-0035-3,guide-remote,history-v1,page_view,2026-08-03T02:17:59+08:00,2026-08-02T18:18:02+00:00,direct,desktop,browser,,,上海
e-05-0075-page_view,s-05-0075,anon-0023-5,guide-permission,history-v1,page_view,2026-08-03T17:49:16+00:00,2026-08-04T01:50:27+08:00,home,mobile,browser,,,广东
e-04-0262-read_end,s-04-0262,anon-0145-4,guide-map,history-v1,read_end,2026-08-08T04:14:22+08:00,2026-08-08T04:14:25+08:00,campaign,desktop,browser,21,26,上海
e-04-0118-read_end,s-04-0118,anon-0078-4,guide-map,history-v1,read_end,2026-08-07T08:19:25+08:00,2026-08-07T08:19:58+08:00,search,mobile,browser,11,74,四川
e-00-0115-page_view,s-00-0115,anon-0009-0,guide-account,history-v1,page_view,2026-08-06T05:48:28+08:00,2026-08-06T05:48:39+08:00,home,desktop,browser,,,上海
e-05-0053-page_view,s-05-0053,anon-0045-5,guide-permission,history-v1,page_view,2026-08-08T10:21:52+08:00,2026-08-08T02:22:15+00:00,search,mobile,browser,,,四川
e-04-0010-page_view,s-04-0010,anon-0156-4,guide-map,history-v1,page_view,2026-08-04T19:25:19+08:00,2026-08-04T19:26:05+08:00,home,mobile,browser,,,广东
e-03-0124-read_end,s-03-0124,anon-0051-3,guide-remote,history-v1,read_end,2026-08-06T13:22:00+08:00,2026-08-06T13:22:35+08:00,search,desktop,browser,136,86,北京
e-04-0327-read_end,s-04-0327,anon-0152-4,guide-map,history-v1,read_end,2026-08-06T16:03:58+00:00,2026-08-07T00:04:29+08:00,search,desktop,browser,150,91,四川
e-04-0130-read_end,s-04-0130,anon-0062-4,guide-map,history-v1,read_end,2026-08-09T08:58:04+08:00,2026-08-09T08:59:33+08:00,direct,desktop,browser,189,99,未知
crawler-0159,crawl-159,,guide-map,history-v1,page_view,2026-08-08T16:34:27+00:00,2026-08-08T16:34:28+00:00,campaign,desktop,crawler,,,广东
e-00-0075-page_view,s-00-0075,anon-0015-0,guide-account,history-v1,page_view,2026-08-04T02:13:28+00:00,2026-08-04T10:14:57+08:00,search,mobile,browser,,,北京
e-03-0108-page_view,s-03-0108,anon-0014-3,guide-remote,history-v1,page_view,2026-08-13T01:17:33+00:00,2026-08-13T09:17:47+08:00,search,desktop,browser,,,未知
e-01-0051-read_end,s-01-0051,anon-0049-1,guide-device,history-v1,read_end,2026-08-11T21:50:10+00:00,2026-08-12T05:51:04+08:00,home,desktop,browser,52,98,北京
e-03-0036-page_view,s-03-0036,anon-0047-3,guide-remote,history-v1,page_view,2026-08-08T16:07:36+00:00,2026-08-09T00:08:47+08:00,direct,mobile,browser,,,上海
crawler-0142,crawl-142,,guide-map,history-v1,page_view,2026-08-08T16:30:46+00:00,2026-08-08T16:30:47+00:00,campaign,desktop,crawler,,,未知
e-03-0058-read_end,s-03-0058,anon-0016-3,guide-remote,history-v1,read_end,2026-08-12T10:31:13+08:00,2026-08-12T10:31:42+08:00,search,desktop,browser,100,5,北京
e-01-0039-page_view,s-01-0039,anon-0040-1,guide-device,history-v1,page_view,2026-08-06T06:56:49+00:00,2026-08-06T14:57:22+08:00,home,desktop,browser,,,四川
e-05-0037-read_end,s-05-0037,anon-0004-5,guide-permission,history-v1,read_end,2026-08-07T08:42:52+08:00,2026-08-07T08:43:19+08:00,campaign,desktop,browser,4,20,江苏
e-03-0017-page_view,s-03-0017,anon-0041-3,guide-remote,history-v1,page_view,2026-08-14T22:15:29+08:00,2026-08-14T14:15:40+00:00,search,mobile,browser,,,上海
e-04-0127-page_view,s-04-0127,anon-0022-4,guide-map,history-v1,page_view,2026-08-05T17:30:01+08:00,2026-08-05T17:30:16+08:00,search,desktop,browser,,,浙江
e-02-0035-read_end,s-02-0035,anon-0019-2,guide-expense,history-v1,read_end,2026-08-10T22:30:41+08:00,2026-08-10T14:32:03+00:00,search,mobile,browser,115,83,四川
e-05-0073-read_end,s-05-0073,anon-0051-5,guide-permission,history-v1,read_end,2026-08-11T03:02:48+08:00,2026-08-11T03:03:10+08:00,campaign,desktop,browser,19,5,广东
e-01-0126-read_end,s-01-0126,anon-0076-1,guide-device,history-v1,read_end,2026-08-12T10:42:13+00:00,2026-08-12T18:42:43+08:00,search,desktop,browser,70,47,北京
e-03-0009-read_end,s-03-0009,anon-0060-3,guide-remote,history-v1,read_end,2026-08-01T04:40:11+00:00,2026-08-01T12:40:12+08:00,search,mobile,browser,23,19,北京
e-00-0164-page_view,s-00-0164,anon-0091-0,guide-account,history-v1,page_view,2026-08-13T19:04:21+08:00,2026-08-14T11:05:33+00:00,search,desktop,browser,,,江苏
e-06-0027-page_view,s-06-0027,anon-0027-6,guide-faq,history-v1,page_view,2026-08-05T19:20:40+00:00,2026-08-06T03:21:21+08:00,search,mobile,browser,,,北京
crawler-0009,crawl-9,,guide-map,history-v1,page_view,2026-08-08T16:01:57+00:00,2026-08-08T16:01:58+00:00,campaign,desktop,crawler,,,北京
e-06-0022-page_view,s-06-0022,anon-0007-6,guide-faq,history-v1,page_view,2026-08-06T00:32:26+08:00,2026-08-06T00:33:55+08:00,home,mobile,browser,,,未知
e-04-0311-read_end,s-04-0311,anon-0134-4,guide-map,history-v1,read_end,2026-08-10T20:12:51+08:00,2026-08-10T12:13:23+00:00,home,mobile,browser,111,24,浙江
e-00-0032-page_view,s-00-0032,anon-0052-0,guide-account,history-v1,page_view,2026-08-07T11:16:55+08:00,2026-08-07T03:17:41+00:00,direct,mobile,browser,,,江苏
e-03-0081-page_view,s-03-0081,anon-0077-3,guide-remote,history-v1,page_view,2026-08-13T14:32:44+00:00,2026-08-13T22:32:57+08:00,home,desktop,browser,,,未知
e-03-0123-read_end,s-03-0123,anon-0016-3,guide-remote,history-v1,read_end,2026-08-09T05:59:54+00:00,2026-08-10T14:00:54+08:00,search,desktop,browser,56,30,北京
e-02-0017-page_view,s-02-0017,anon-0017-2,guide-expense,history-v1,page_view,2026-08-06T19:26:20+08:00,2026-08-06T11:27:46+00:00,search,mobile,browser,,,四川
e-02-0010-page_view,s-02-0010,anon-0032-2,guide-expense,history-v1,page_view,2026-08-03T21:38:48+08:00,2026-08-03T21:39:33+08:00,home,desktop,browser,,,未知
e-04-0230-page_view,s-04-0230,anon-0099-4,guide-map,history-v1,page_view,2026-08-10T14:46:57+08:00,2026-08-10T06:47:19+00:00,campaign,desktop,browser,,,未知
e-02-0069-read_end,s-02-0069,anon-0010-2,guide-expense,history-v1,read_end,2026-08-01T05:53:53+00:00,2026-08-01T13:54:25+08:00,direct,mobile,browser,181,52,未知
e-04-0309-read_end,s-04-0309,anon-0061-4,guide-map,history-v1,read_end,2026-08-02T17:53:35+00:00,2026-08-03T01:53:47+08:00,direct,mobile,browser,111,95,四川
crawler-0148,crawl-148,,guide-map,history-v1,page_view,2026-08-08T16:32:04+00:00,2026-08-08T16:32:05+00:00,campaign,desktop,crawler,,,江苏
e-07-0010-read_end,s-07-0010,anon-0003-7,guide-search,history-v1,read_end,2026-08-14T23:46:53+08:00,2026-08-14T23:48:01+08:00,search,mobile,browser,12,74,浙江
crawler-0101,crawl-101,,guide-map,history-v1,page_view,2026-08-08T16:21:53+00:00,2026-08-08T16:21:54+00:00,campaign,desktop,crawler,,,北京
e-03-0100-page_view,s-03-0100,anon-0041-3,guide-remote,history-v1,page_view,2026-08-13T10:27:51+08:00,2026-08-13T10:28:52+08:00,direct,mobile,browser,,,上海
e-00-0202-page_view,s-00-0202,anon-0058-0,guide-account,history-v1,page_view,2026-08-06T08:22:46+08:00,2026-08-06T08:22:59+08:00,home,mobile,browser,,,江苏
e-07-0011-read_end,s-07-0011,anon-0000-7,guide-search,history-v1,read_end,2026-08-13T00:06:58+08:00,2026-08-12T16:07:09+00:00,search,desktop,browser,248,38,上海
e-06-0041-page_view,s-06-0041,anon-0028-6,guide-faq,history-v1,page_view,2026-08-12T22:59:07+08:00,2026-08-13T14:59:59+00:00,home,mobile,browser,,,北京
e-02-0086-page_view,s-02-0086,anon-0023-2,guide-expense,history-v1,page_view,2026-08-09T04:21:02+08:00,2026-08-08T20:22:12+00:00,search,desktop,browser,,,广东
e-05-0022-page_view,s-05-0022,,guide-permission,history-v1,page_view,2026-08-06T07:40:47+08:00,2026-08-06T07:42:00+08:00,direct,desktop,browser,,,北京
e-04-0221-page_view,s-04-0221,anon-0049-4,guide-map,history-v1,page_view,2026-08-11T22:42:00+08:00,2026-08-11T14:42:13+00:00,campaign,mobile,browser,,,北京
e-05-0000-read_end,s-05-0000,anon-0021-5,guide-permission,history-v1,read_end,2026-08-11T04:42:37+00:00,2026-08-12T12:42:45+08:00,home,desktop,browser,3,99,四川
e-00-0114-read_end,s-00-0114,anon-0020-0,guide-account,history-v1,read_end,2026-08-14T08:35:32+00:00,2026-08-14T16:36:12+08:00,home,desktop,browser,3,89,上海
e-03-0069-read_end,s-03-0069,anon-0032-3,guide-remote,history-v1,read_end,2026-08-05T16:58:11+00:00,2026-08-06T00:59:09+08:00,direct,mobile,browser,34,8,北京
e-04-0292-page_view,s-04-0292,anon-0032-4,guide-map,history-v1,page_view,2026-08-06T10:01:15+08:00,2026-08-06T10:01:50+08:00,search,mobile,browser,,,广东
e-01-0114-page_view,s-01-0114,,guide-device,history-v1,page_view,2026-08-10T10:08:47+00:00,2026-08-10T18:08:54+08:00,campaign,desktop,browser,,,四川
e-06-0008-page_view,s-06-0008,anon-0020-6,guide-faq,history-v1,page_view,2026-08-02T04:14:11+08:00,2026-08-01T20:14:32+00:00,home,desktop,browser,,,浙江
e-00-0046-page_view,s-00-0046,anon-0082-0,guide-account,history-v1,page_view,2026-08-03T02:57:46+08:00,2026-08-03T02:58:51+08:00,direct,desktop,browser,,,未知
crawler-0138,crawl-138,,guide-map,history-v1,page_view,2026-08-08T16:29:54+00:00,2026-08-08T16:29:55+00:00,campaign,desktop,crawler,,,上海
e-01-0063-page_view,s-01-0063,anon-0034-1,guide-device,history-v1,page_view,2026-08-02T09:53:51+00:00,2026-08-02T17:54:39+08:00,campaign,mobile,browser,,,浙江
e-00-0043-page_view,s-00-0043,anon-0090-0,guide-account,history-v1,page_view,2026-08-11T22:50:51+08:00,2026-08-11T22:51:22+08:00,home,mobile,browser,,,江苏
e-00-0192-page_view,s-00-0192,anon-0055-0,guide-account,history-v1,page_view,2026-08-12T22:14:11+00:00,2026-08-13T06:14:28+08:00,search,desktop,browser,,,四川
e-02-0092-page_view,s-02-0092,anon-0029-2,guide-expense,history-v1,page_view,2026-08-02T07:11:16+08:00,2026-08-01T23:11:56+00:00,search,mobile,browser,,,上海
e-00-0159-page_view,s-00-0159,,guide-account,history-v1,page_view,2026-08-13T13:16:41+00:00,2026-08-13T21:16:59+08:00,search,desktop,browser,,,未知
e-04-0149-read_end,s-04-0149,anon-0124-4,guide-map,history-v1,read_end,2026-08-04T20:23:51+08:00,2026-08-04T12:24:05+00:00,search,mobile,browser,3,83,未知
e-04-0247-read_end,s-04-0247,anon-0065-4,guide-map,history-v1,read_end,2026-08-10T12:56:34+08:00,2026-08-10T12:57:57+08:00,home,mobile,browser,136,94,未知
e-01-0084-read_end,s-01-0084,anon-0056-1,guide-device,history-v1,read_end,2026-08-06T01:33:15+00:00,2026-08-06T09:33:47+08:00,search,mobile,browser,127,95,未知
e-01-0079-read_end,s-01-0079,anon-0008-1,guide-device,history-v1,read_end,2026-08-08T16:04:48+08:00,2026-08-08T16:05:22+08:00,search,desktop,browser,3,98,浙江
e-06-0061-read_end,s-06-0061,anon-0004-6,guide-faq,history-v1,read_end,2026-08-02T07:11:23+08:00,2026-08-02T07:12:27+08:00,search,mobile,browser,241,73,未知
e-03-0156-read_end,s-03-0156,anon-0076-3,guide-remote,history-v1,read_end,2026-08-07T17:12:47+00:00,2026-08-08T01:13:01+08:00,search,desktop,browser,139,80,江苏
crawler-0162,crawl-162,,guide-map,history-v1,page_view,2026-08-08T16:35:06+00:00,2026-08-08T16:35:07+00:00,campaign,desktop,crawler,,,上海
crawler-0151,crawl-151,,guide-map,history-v1,page_view,2026-08-08T16:32:43+00:00,2026-08-08T16:32:44+00:00,campaign,desktop,crawler,,,浙江
e-01-0089-page_view,s-01-0089,anon-0084-1,guide-device,history-v1,page_view,2026-08-02T12:40:31+08:00,2026-08-02T04:41:32+00:00,home,desktop,browser,,,北京
e-00-0048-read_end,s-00-0048,anon-0026-0,guide-account,history-v1,read_end,2026-08-14T03:07:35+00:00,2026-08-14T11:08:08+08:00,search,desktop,browser,125,97,上海
e-03-0010-page_view,s-03-0010,anon-0050-3,guide-remote,history-v1,page_view,2026-08-04T20:13:01+08:00,2026-08-04T20:13:54+08:00,search,mobile,browser,,,广东
e-00-0248-read_end,s-00-0248,anon-0014-0,guide-account,history-v1,read_end,2026-08-09T00:53:03+08:00,2026-08-08T16:53:23+00:00,search,mobile,browser,64,89,北京
e-03-0145-page_view,s-03-0145,anon-0044-3,guide-remote,history-v1,page_view,2026-08-05T12:01:20+08:00,2026-08-05T12:02:27+08:00,home,desktop,browser,,,四川
e-03-0116-page_view,s-03-0116,anon-0016-3,guide-remote,history-v1,page_view,2026-08-13T07:18:23+08:00,2026-08-12T23:18:56+00:00,search,mobile,browser,,,北京
crawler-0147,crawl-147,,guide-map,history-v1,page_view,2026-08-08T16:31:51+00:00,2026-08-08T16:31:52+00:00,campaign,desktop,crawler,,,上海
e-04-0141-page_view,s-04-0141,,guide-map,history-v1,page_view,2026-08-02T07:06:58+00:00,2026-08-02T15:08:25+08:00,search,desktop,browser,,,上海
e-00-0002-read_end,s-00-0002,anon-0031-0,guide-account,history-v1,read_end,2026-08-05T04:53:01+08:00,2026-08-04T20:53:44+00:00,search,mobile,browser,91,72,北京
crawler-0135,crawl-135,,guide-map,history-v1,page_view,2026-08-08T16:29:15+00:00,2026-08-08T16:29:16+00:00,campaign,desktop,crawler,,,浙江
e-04-0222-read_end,s-04-0222,anon-0148-4,guide-map,history-v1,read_end,2026-08-02T15:18:58+00:00,2026-08-02T23:19:31+08:00,search,desktop,browser,111,82,四川
e-06-0060-page_view,s-06-0060,anon-0006-6,guide-faq,history-v1,page_view,2026-08-12T17:39:00+00:00,2026-08-13T01:39:56+08:00,search,mobile,browser,,,未知
e-01-0045-page_view,s-01-0045,anon-0053-1,guide-device,history-v1,page_view,2026-08-13T15:45:00+00:00,2026-08-13T23:46:07+08:00,search,desktop,browser,,,未知
e-05-0003-read_end,s-05-0003,anon-0025-5,guide-permission,history-v1,read_end,2026-08-02T22:27:18+00:00,2026-08-03T06:28:35+08:00,search,desktop,browser,40,96,北京
e-04-0056-page_view,s-04-0056,anon-0108-4,guide-map,history-v1,page_view,2026-08-04T11:30:52+08:00,2026-08-04T03:31:32+00:00,search,desktop,browser,,,北京
e-01-0055-page_view,s-01-0055,anon-0004-1,guide-device,history-v1,page_view,2026-08-13T20:27:02+08:00,2026-08-13T20:28:20+08:00,home,desktop,browser,,,江苏
e-06-0007-read_end,s-06-0007,anon-0001-6,guide-faq,history-v1,read_end,2026-08-03T19:17:12+08:00,2026-08-03T19:18:30+08:00,search,mobile,browser,91,80,上海
