event_id,session_id,anonymous_id,article_id,content_version,event_type,occurred_at,received_at,channel,device,client_agent,duration_seconds,scroll_percent
e-06-0061-page_view,s-06-0061,anon-0004-6,guide-faq,history-v1,page_view,2026-08-02T07:07:22+08:00,2026-08-02T07:08:00+08:00,search,mobile,browser,,
e-03-0106-read_end,s-03-0106,anon-0072-3,guide-remote,history-v1,read_end,2026-08-07T15:31:43+08:00,2026-08-07T15:33:06+08:00,direct,desktop,browser,181,94
e-00-0046-page_view,s-00-0046,anon-0082-0,guide-account,history-v1,page_view,2026-08-03T02:57:46+08:00,2026-08-03T02:58:51+08:00,direct,desktop,browser,,
e-05-0000-read_end,s-05-0000,anon-0021-5,guide-permission,history-v1,read_end,2026-08-11T04:42:37+00:00,2026-08-12T12:42:45+08:00,home,desktop,browser,3,99
e-00-0138-page_view,s-00-0138,anon-0107-0,guide-account,history-v1,page_view,2026-08-11T21:02:10+00:00,2026-08-12T05:03:14+08:00,home,desktop,browser,,
e-04-0116-read_end,s-04-0116,anon-0059-4,guide-map,history-v1,read_end,2026-08-04T06:13:45+08:00,2026-08-03T22:13:55+00:00,direct,mobile,browser,3,76
e-05-0008-page_view,s-05-0008,anon-0035-5,guide-permission,history-v1,page_view,2026-08-07T05:51:29+08:00,2026-08-06T21:51:43+00:00,search,mobile,browser,,
e-05-0078-read_end,s-05-0078,anon-0011-5,guide-permission,history-v1,read_end,2026-08-14T01:21:38+00:00,2026-08-14T09:21:39+08:00,home,desktop,browser,105,30
e-00-0238-page_view,s-00-0238,anon-0112-0,guide-account,history-v1,page_view,2026-08-05T13:41:33+08:00,2026-08-05T13:42:24+08:00,search,desktop,browser,,
e-04-0197-read_end,s-04-0197,anon-0016-4,guide-map,history-v1,read_end,2026-08-08T12:47:12+08:00,2026-08-08T04:48:20+00:00,direct,desktop,browser,3,31
e-00-0191-page_view,s-00-0191,anon-0099-0,guide-account,history-v1,page_view,2026-08-08T20:29:50+08:00,2026-08-08T12:29:54+00:00,direct,mobile,browser,,
e-05-0024-page_view,s-05-0024,anon-0029-5,guide-permission,history-v1,page_view,2026-08-13T17:04:18+00:00,2026-08-14T01:04:45+08:00,search,mobile,browser,,
e-04-0074-read_end,s-04-0074,anon-0074-4,guide-map,history-v1,read_end,2026-08-11T07:32:48+08:00,2026-08-10T23:32:56+00:00,campaign,mobile,browser,133,83
e-03-0078-read_end,s-03-0078,anon-0065-3,guide-remote,history-v1,read_end,2026-08-05T23:24:40+00:00,2026-08-06T07:25:48+08:00,direct,desktop,browser,86,13
e-07-0011-read_end,s-07-0011,anon-0000-7,guide-search,history-v1,read_end,2026-08-13T00:06:58+08:00,2026-08-12T16:07:09+00:00,search,desktop,browser,248,38
e-00-0002-read_end,s-00-0002,anon-0031-0,guide-account,history-v1,read_end,2026-08-05T04:53:01+08:00,2026-08-04T20:53:44+00:00,search,mobile,browser,91,72
e-04-0203-read_end,s-04-0203,anon-0124-4,guide-map,history-v1,read_end,2026-08-04T13:51:08+08:00,2026-08-04T05:51:59+00:00,campaign,mobile,browser,166,41
e-01-0154-read_end,s-01-0154,anon-0081-1,guide-device,history-v1,read_end,2026-08-09T13:20:55+08:00,2026-08-09T13:22:17+08:00,search,mobile,browser,65,86
crawler-0109,crawl-109,,guide-map,history-v1,page_view,2026-08-08T16:23:37+00:00,2026-08-08T16:23:38+00:00,campaign,desktop,crawler,,
e-00-0019-page_view,s-00-0019,anon-0108-0,guide-account,history-v1,page_view,2026-08-14T20:02:37+08:00,2026-08-14T20:03:42+08:00,direct,desktop,browser,,
e-02-0060-read_end,s-02-0060,anon-0012-2,guide-expense,history-v1,read_end,2026-08-12T09:20:34+00:00,2026-08-12T17:20:46+08:00,campaign,mobile,browser,84,98
e-00-0204-page_view,s-00-0204,anon-0040-0,guide-account,history-v1,page_view,2026-08-13T19:17:57+00:00,2026-08-14T03:19:22+08:00,search,desktop,browser,,
e-00-0234-page_view,s-00-0234,anon-0085-0,guide-account,history-v1,page_view,2026-08-06T06:50:47+00:00,2026-08-06T14:51:11+08:00,direct,desktop,browser,,
e-03-0005-read_end,s-03-0005,anon-0045-3,guide-remote,history-v1,read_end,2026-08-08T16:07:09+08:00,2026-08-08T08:07:30+00:00,search,mobile,browser,12,8
e-00-0106-page_view,s-00-0106,anon-0101-0,guide-account,history-v1,page_view,2026-08-13T06:07:08+08:00,2026-08-13T06:08:08+08:00,search,desktop,browser,,
e-00-0227-page_view,s-00-0227,anon-0064-0,guide-account,history-v1,page_view,2026-08-06T14:06:12+08:00,2026-08-06T06:06:31+00:00,search,desktop,browser,,
e-01-0114-page_view,s-01-0114,,guide-device,history-v1,page_view,2026-08-10T10:08:47+00:00,2026-08-10T18:08:54+08:00,campaign,desktop,browser,,
e-01-0109-page_view,s-01-0109,anon-0068-1,guide-device,history-v1,page_view,2026-08-02T20:13:33+08:00,2026-08-02T20:14:43+08:00,home,mobile,browser,,
e-01-0124-read_end,s-01-0124,anon-0038-1,guide-device,history-v1,read_end,2026-08-05T04:41:27+08:00,2026-08-05T04:41:40+08:00,search,desktop,browser,81,79
e-06-0012-page_view,s-06-0012,anon-0014-6,guide-faq,history-v1,page_view,2026-08-13T02:11:13+00:00,2026-08-13T10:12:37+08:00,direct,desktop,browser,,
e-03-0008-page_view,s-03-0008,anon-0017-3,guide-remote,history-v1,page_view,2026-08-13T00:23:02+08:00,2026-08-12T16:24:16+00:00,search,desktop,browser,,
e-01-0075-page_view,s-01-0075,anon-0003-1,guide-device,history-v1,page_view,2026-08-11T05:21:32+00:00,2026-08-11T13:21:40+08:00,direct,mobile,browser,,
e-04-0170-read_end,s-04-0170,anon-0138-4,guide-map,history-v1,read_end,2026-08-09T02:43:43+08:00,2026-08-08T18:43:49+00:00,direct,desktop,browser,123,27
e-04-0195-page_view,s-04-0195,anon-0100-4,guide-map,history-v1,page_view,2026-08-13T01:32:15+00:00,2026-08-13T09:32:52+08:00,campaign,mobile,browser,,
crawler-0121,crawl-121,,guide-map,history-v1,page_view,2026-08-08T16:26:13+00:00,2026-08-08T16:26:14+00:00,campaign,desktop,crawler,,
e-02-0082-read_end,s-02-0082,anon-0039-2,guide-expense,history-v1,read_end,2026-08-04T13:19:36+08:00,2026-08-05T13:20:55+08:00,home,mobile,browser,212,79
e-01-0152-page_view,s-01-0152,anon-0089-1,guide-device,history-v1,page_view,2026-08-10T06:58:14+08:00,2026-08-09T22:58:32+00:00,search,desktop,browser,,
e-04-0006-read_end,s-04-0006,anon-0103-4,guide-map,history-v1,read_end,2026-08-03T05:24:03+00:00,2026-08-03T13:25:28+08:00,campaign,mobile,browser,84,41
e-03-0150-page_view,s-03-0150,anon-0055-3,guide-remote,history-v1,page_view,2026-08-07T02:16:32+00:00,2026-08-07T10:17:37+08:00,home,desktop,browser,,
crawler-0114,crawl-114,,guide-map,history-v1,page_view,2026-08-08T16:24:42+00:00,2026-08-08T16:24:43+00:00,campaign,desktop,crawler,,
e-01-0166-read_end,s-01-0166,anon-0033-1,guide-device,history-v1,read_end,2026-08-11T04:44:44+08:00,2026-08-11T04:45:53+08:00,search,mobile,browser,130,90
crawler-0054,crawl-54,,guide-map,history-v1,page_view,2026-08-08T16:11:42+00:00,2026-08-08T16:11:43+00:00,campaign,desktop,crawler,,
e-05-0012-page_view,s-05-0012,anon-0036-5,guide-permission,history-v1,page_view,2026-08-07T06:34:33+00:00,2026-08-07T14:34:59+08:00,search,mobile,browser,,
e-00-0255-page_view,s-00-0255,anon-0065-0,guide-account,history-v1,page_view,2026-08-08T04:49:42+00:00,2026-08-08T12:50:25+08:00,search,desktop,browser,,
e-03-0079-page_view,s-03-0079,anon-0046-3,guide-remote,history-v1,page_view,2026-08-05T08:29:10+08:00,2026-08-05T08:29:42+08:00,direct,mobile,browser,,
e-05-0007-read_end,s-05-0007,anon-0036-5,guide-permission,history-v1,read_end,2026-08-02T07:22:21+08:00,2026-08-02T07:23:40+08:00,search,desktop,browser,121,96
e-00-0122-page_view,s-00-0122,anon-0115-0,guide-account,history-v1,page_view,2026-08-03T06:14:14+08:00,2026-08-02T22:15:19+00:00,home,desktop,browser,,
e-00-0013-read_end,s-00-0013,anon-0064-0,guide-account,history-v1,read_end,2026-08-04T07:18:54+08:00,2026-08-04T07:20:04+08:00,home,desktop,browser,142,80
e-02-0028-read_end,s-02-0028,,guide-expense,history-v1,read_end,2026-08-12T01:23:44+08:00,2026-08-12T01:24:35+08:00,home,desktop,browser,88,52
e-07-0009-read_end,s-07-0009,anon-0001-7,guide-search,history-v1,read_end,2026-08-13T04:18:27+00:00,2026-08-13T12:18:36+08:00,direct,mobile,browser,86,99
e-01-0007-read_end,s-01-0007,anon-0040-1,guide-device,history-v1,read_end,2026-08-01T20:35:57+08:00,2026-08-01T20:36:45+08:00,home,mobile,browser,166,78
e-00-0154-read_end,s-00-0154,anon-0076-0,guide-account,history-v1,read_end,2026-08-06T22:43:09+08:00,2026-08-06T22:43:32+08:00,home,desktop,browser,85,13
e-01-0014-read_end,s-01-0014,anon-0085-1,guide-device,history-v1,read_end,2026-08-02T16:46:54+08:00,2026-08-02T08:47:25+00:00,search,desktop,browser,97,93
e-01-0041-page_view,s-01-0041,anon-0071-1,guide-device,history-v1,page_view,2026-08-12T21:48:31+08:00,2026-08-13T13:48:59+00:00,search,desktop,browser,,
e-00-0229-page_view,s-00-0229,anon-0046-0,guide-account,history-v1,page_view,2026-08-07T09:15:57+08:00,2026-08-07T09:17:12+08:00,search,mobile,browser,,
e-01-0152-read_end,s-01-0152,anon-0089-1,guide-device,history-v1,read_end,2026-08-10T06:59:04+08:00,2026-08-09T22:59:10+00:00,search,desktop,browser,50,87
e-00-0249-page_view,s-00-0249,anon-0068-0,guide-account,history-v1,page_view,2026-08-01T02:29:22+00:00,2026-08-01T10:30:16+08:00,search,mobile,browser,,
e-04-0110-page_view,s-04-0110,anon-0155-4,guide-map,history-v1,page_view,2026-08-06T12:13:13+08:00,2026-08-06T04:13:44+00:00,campaign,mobile,browser,,
e-04-0009-page_view,s-04-0009,anon-0144-4,guide-map,history-v1,page_view,2026-08-11T13:45:21+00:00,2026-08-11T21:46:17+08:00,home,mobile,browser,,
e-04-0004-read_end,s-04-0004,anon-0064-4,guide-map,history-v1,read_end,2026-08-06T12:51:32+08:00,2026-08-06T12:52:11+08:00,search,desktop,browser,105,96
e-01-0005-page_view,s-01-0005,anon-0071-1,guide-device,history-v1,page_view,2026-08-01T22:37:46+08:00,2026-08-01T14:38:20+00:00,direct,desktop,browser,,
e-01-0150-page_view,s-01-0150,anon-0008-1,guide-device,history-v1,page_view,2026-08-01T14:03:48+00:00,2026-08-01T22:04:34+08:00,home,mobile,browser,,
e-00-0061-page_view,s-00-0061,anon-0110-0,guide-account,history-v1,page_view,2026-08-02T06:13:59+08:00,2026-08-02T06:14:36+08:00,search,mobile,browser,,
crawler-0031,crawl-31,,guide-map,history-v1,page_view,2026-08-08T16:06:43+00:00,2026-08-08T16:06:44+00:00,campaign,desktop,crawler,,
e-04-0181-page_view,s-04-0181,anon-0024-4,guide-map,history-v1,page_view,2026-08-03T09:07:52+08:00,2026-08-03T09:08:09+08:00,campaign,desktop,browser,,
e-04-0152-read_end,s-04-0152,anon-0052-4,guide-map,history-v1,read_end,2026-08-14T09:48:46+08:00,2026-08-14T01:50:05+00:00,home,desktop,browser,319,96
e-00-0146-page_view,s-00-0146,anon-0107-0,guide-account,history-v1,page_view,2026-08-06T18:05:21+08:00,2026-08-06T10:06:43+00:00,search,desktop,browser,,
e-02-0052-page_view,s-02-0052,anon-0014-2,guide-expense,history-v1,page_view,2026-08-11T19:27:54+08:00,2026-08-11T19:28:12+08:00,search,desktop,browser,,
e-04-0203-page_view,s-04-0203,anon-0124-4,guide-map,history-v1,page_view,2026-08-04T13:48:22+08:00,2026-08-04T05:49:18+00:00,campaign,mobile,browser,,
e-04-0014-page_view,s-04-0014,anon-0046-4,guide-map,history-v1,page_view,2026-08-11T22:07:07+08:00,2026-08-11T14:08:13+00:00,home,mobile,browser,,
e-03-0013-read_end,s-03-0013,anon-0056-3,guide-remote,history-v1,read_end,2026-08-02T16:20:51+08:00,2026-08-02T16:21:41+08:00,direct,desktop,browser,63,95
crawler-0010,crawl-10,,guide-map,history-v1,page_view,2026-08-08T16:02:10+00:00,2026-08-08T16:02:11+00:00,campaign,desktop,crawler,,
e-04-0079-read_end,s-04-0079,anon-0106-4,guide-map,history-v1,read_end,2026-08-14T12:23:37+08:00,2026-08-14T12:24:57+08:00,search,desktop,browser,67,82
e-04-0308-page_view,s-04-0308,anon-0124-4,guide-map,history-v1,page_view,2026-08-07T14:18:28+08:00,2026-08-07T06:18:41+00:00,search,desktop,browser,,
e-00-0130-read_end,s-00-0130,anon-0072-0,guide-account,history-v1,read_end,2026-08-08T18:20:48+08:00,2026-08-08T18:21:58+08:00,home,desktop,browser,126,77
e-04-0037-page_view,s-04-0037,anon-0003-4,guide-map,history-v1,page_view,2026-08-14T07:31:59+08:00,2026-08-14T07:32:10+08:00,campaign,mobile,browser,,
e-01-0108-page_view,s-01-0108,anon-0065-1,guide-device,history-v1,page_view,2026-08-01T00:27:53+00:00,2026-08-01T08:29:16+08:00,direct,desktop,browser,,
e-00-0100-read_end,s-00-0100,anon-0072-0,guide-account,history-v1,read_end,2026-08-12T06:10:07+08:00,2026-08-12T06:11:07+08:00,campaign,desktop,browser,119,47
crawler-0156,crawl-156,,guide-map,history-v1,page_view,2026-08-08T16:33:48+00:00,2026-08-08T16:33:49+00:00,campaign,desktop,crawler,,
crawler-0007,crawl-7,,guide-map,history-v1,page_view,2026-08-08T16:01:31+00:00,2026-08-08T16:01:32+00:00,campaign,desktop,crawler,,
e-03-0089-read_end,s-03-0089,anon-0064-3,guide-remote,history-v1,read_end,2026-08-12T12:20:29+08:00,2026-08-12T04:21:33+00:00,home,desktop,browser,201,7
e-00-0018-page_view,s-00-0018,anon-0013-0,guide-account,history-v1,page_view,2026-08-04T22:12:59+00:00,2026-08-05T06:14:09+08:00,search,desktop,browser,,
e-01-0101-read_end,s-01-0101,anon-0049-1,guide-device,history-v1,read_end,2026-08-10T08:37:06+08:00,2026-08-10T00:37:17+00:00,campaign,mobile,browser,154,27
e-01-0181-page_view,s-01-0181,anon-0085-1,guide-device,history-v1,page_view,2026-08-12T02:17:36+08:00,2026-08-12T02:18:49+08:00,search,desktop,browser,,
e-05-0099-page_view,s-05-0099,anon-0010-5,guide-permission,history-v1,page_view,2026-08-03T06:26:34+00:00,2026-08-03T14:27:47+08:00,search,desktop,browser,,
e-03-0118-page_view,s-03-0118,anon-0061-3,guide-remote,history-v1,page_view,2026-08-06T12:18:04+08:00,2026-08-06T12:19:16+08:00,home,mobile,browser,,
e-04-0166-page_view,s-04-0166,anon-0159-4,guide-map,history-v1,page_view,2026-08-03T17:14:27+08:00,2026-08-03T17:15:47+08:00,search,mobile,browser,,
e-03-0040-read_end,s-03-0040,anon-0066-3,guide-remote,history-v1,read_end,2026-08-08T17:44:02+08:00,2026-08-08T17:44:44+08:00,search,mobile,browser,13,30
e-06-0032-page_view,s-06-0032,anon-0023-6,guide-faq,history-v1,page_view,2026-08-13T23:55:58+08:00,2026-08-13T15:56:18+00:00,search,mobile,browser,,
e-04-0240-page_view,s-04-0240,anon-0020-4,guide-map,history-v1,page_view,2026-08-10T10:36:50+00:00,2026-08-10T18:37:39+08:00,search,desktop,browser,,
e-05-0048-page_view,s-05-0048,anon-0012-5,guide-permission,history-v1,page_view,2026-08-09T05:52:04+00:00,2026-08-09T13:53:16+08:00,search,desktop,browser,,
e-07-0000-read_end,s-07-0000,anon-0005-7,guide-search,history-v1,read_end,2026-08-13T21:31:16+00:00,2026-08-15T05:31:55+08:00,home,desktop,browser,26,8
e-02-0047-page_view,s-02-0047,anon-0018-2,guide-expense,history-v1,page_view,2026-08-02T09:38:41+08:00,2026-08-02T01:39:02+00:00,home,desktop,browser,,
e-00-0199-read_end,s-00-0199,anon-0118-0,guide-account,history-v1,read_end,2026-08-11T01:19:33+08:00,2026-08-11T01:19:55+08:00,campaign,desktop,browser,236,25
e-03-0028-read_end,s-03-0028,anon-0048-3,guide-remote,history-v1,read_end,2026-08-04T17:24:15+08:00,2026-08-04T17:25:02+08:00,search,mobile,browser,35,20
e-00-0172-read_end,s-00-0172,,guide-account,history-v1,read_end,2026-08-03T11:10:48+08:00,2026-08-03T11:12:04+08:00,search,desktop,browser,120,94
e-00-0255-read_end,s-00-0255,anon-0065-0,guide-account,history-v1,read_end,2026-08-08T04:51:35+00:00,2026-08-08T12:53:04+08:00,search,desktop,browser,113,12
crawler-0170,crawl-170,,guide-map,history-v1,page_view,2026-08-08T16:36:50+00:00,2026-08-08T16:36:51+00:00,campaign,desktop,crawler,,
e-04-0313-read_end,s-04-0313,anon-0125-4,guide-map,history-v1,read_end,2026-08-01T02:16:59+08:00,2026-08-01T02:17:31+08:00,search,mobile,browser,129,87
crawler-0076,crawl-76,,guide-map,history-v1,page_view,2026-08-08T16:16:28+00:00,2026-08-08T16:16:29+00:00,campaign,desktop,crawler,,
e-04-0065-read_end,s-04-0065,anon-0035-4,guide-map,history-v1,read_end,2026-08-08T21:37:34+08:00,2026-08-08T13:37:43+00:00,campaign,mobile,browser,104,73
e-03-0016-page_view,s-03-0016,anon-0076-3,guide-remote,history-v1,page_view,2026-08-06T03:53:58+08:00,2026-08-06T03:54:38+08:00,search,desktop,browser,,
e-01-0010-page_view,s-01-0010,anon-0046-1,guide-device,history-v1,page_view,2026-08-09T01:09:06+08:00,2026-08-09T01:09:23+08:00,home,desktop,browser,,
e-00-0171-read_end,s-00-0171,anon-0074-0,guide-account,history-v1,read_end,2026-08-08T10:44:35+00:00,2026-08-08T18:45:51+08:00,campaign,desktop,browser,88,89
e-04-0308-read_end,s-04-0308,anon-0124-4,guide-map,history-v1,read_end,2026-08-07T14:20:11+08:00,2026-08-07T06:21:40+00:00,search,desktop,browser,103,43
crawler-0111,crawl-111,,guide-map,history-v1,page_view,2026-08-08T16:24:03+00:00,2026-08-08T16:24:04+00:00,campaign,desktop,crawler,,
e-00-0141-page_view,s-00-0141,anon-0078-0,guide-account,history-v1,page_view,2026-08-12T02:20:16+00:00,2026-08-12T10:20:36+08:00,home,mobile,browser,,
e-04-0002-page_view,s-04-0002,anon-0157-4,guide-map,history-v1,page_view,2026-08-09T21:22:11+08:00,2026-08-09T13:23:03+00:00,search,desktop,browser,,
e-01-0027-read_end,s-01-0027,anon-0086-1,guide-device,history-v1,read_end,2026-08-13T20:43:44+00:00,2026-08-14T04:44:32+08:00,search,desktop,browser,3,21
e-00-0072-page_view,s-00-0072,,guide-account,history-v1,page_view,2026-08-08T06:03:12+00:00,2026-08-08T14:03:14+08:00,home,mobile,browser,,
e-05-0026-page_view,s-05-0026,anon-0022-5,guide-permission,history-v1,page_view,2026-08-11T00:32:16+08:00,2026-08-10T16:32:59+00:00,search,mobile,browser,,
e-01-0129-page_view,s-01-0129,anon-0004-1,guide-device,history-v1,page_view,2026-08-11T13:03:18+00:00,2026-08-11T21:03:50+08:00,home,mobile,browser,,
e-05-0024-read_end,s-05-0024,anon-0029-5,guide-permission,history-v1,read_end,2026-08-13T17:05:28+00:00,2026-08-14T01:05:29+08:00,search,mobile,browser,70,34
crawler-0075,crawl-75,,guide-map,history-v1,page_view,2026-08-08T16:16:15+00:00,2026-08-08T16:16:16+00:00,campaign,desktop,crawler,,
e-00-0034-page_view,s-00-0034,anon-0096-0,guide-account,history-v1,page_view,2026-08-10T10:57:08+08:00,2026-08-10T10:57:17+08:00,search,mobile,browser,,
e-06-0022-read_end,s-06-0022,anon-0007-6,guide-faq,history-v1,read_end,2026-08-06T00:34:03+08:00,2026-08-06T00:35:12+08:00,home,mobile,browser,97,25
e-04-0015-page_view,s-04-0015,anon-0026-4,guide-map,history-v1,page_view,2026-08-06T19:59:54+00:00,2026-08-07T04:00:11+08:00,direct,mobile,browser,,
e-01-0188-page_view,s-01-0188,anon-0027-1,guide-device,history-v1,page_view,2026-08-04T02:51:05+08:00,2026-08-03T18:51:21+00:00,search,desktop,browser,,
e-04-0070-page_view,s-04-0070,anon-0059-4,guide-map,history-v1,page_view,2026-08-07T17:11:55+08:00,2026-08-07T17:12:29+08:00,search,mobile,browser,,
e-03-0097-read_end,s-03-0097,anon-0001-3,guide-remote,history-v1,read_end,2026-08-09T20:41:01+08:00,2026-08-09T20:41:10+08:00,search,mobile,browser,6,11
e-01-0168-page_view,s-01-0168,anon-0060-1,guide-device,history-v1,page_view,2026-08-05T18:55:24+00:00,2026-08-06T02:56:50+08:00,home,desktop,browser,,
e-06-0015-read_end,s-06-0015,anon-0021-6,guide-faq,history-v1,read_end,2026-08-13T09:12:13+00:00,2026-08-13T17:12:16+08:00,search,desktop,browser,45,80
e-05-0051-page_view,s-05-0051,anon-0037-5,guide-permission,history-v1,page_view,2026-08-03T15:25:56+00:00,2026-08-03T23:27:26+08:00,search,desktop,browser,,
e-04-0106-page_view,s-04-0106,anon-0081-4,guide-map,history-v1,page_view,2026-08-14T17:34:16+08:00,2026-08-14T17:34:38+08:00,search,desktop,browser,,
e-04-0074-page_view,s-04-0074,anon-0074-4,guide-map,history-v1,page_view,2026-08-11T07:30:35+08:00,2026-08-10T23:30:46+00:00,campaign,mobile,browser,,
e-03-0088-read_end,s-03-0088,anon-0038-3,guide-remote,history-v1,read_end,2026-08-11T16:02:52+08:00,2026-08-11T16:03:20+08:00,home,mobile,browser,9,28
e-01-0074-read_end,s-01-0074,anon-0080-1,guide-device,history-v1,read_end,2026-08-02T15:14:26+08:00,2026-08-02T07:14:47+00:00,home,mobile,browser,44,75
e-04-0284-page_view,s-04-0284,anon-0063-4,guide-map,history-v1,page_view,2026-08-05T02:29:49+08:00,2026-08-04T18:30:18+00:00,campaign,mobile,browser,,
e-01-0057-page_view,s-01-0057,anon-0063-1,guide-device,history-v1,page_view,2026-08-14T09:48:30+00:00,2026-08-14T17:49:25+08:00,home,mobile,browser,,
e-04-0061-read_end,s-04-0061,anon-0082-4,guide-map,history-v1,read_end,2026-08-12T06:33:19+08:00,2026-08-12T06:33:57+08:00,home,mobile,browser,210,93
e-01-0165-page_view,s-01-0165,anon-0018-1,guide-device,history-v1,page_view,2026-08-03T01:28:42+00:00,2026-08-03T09:29:08+08:00,search,mobile,browser,,
e-06-0052-page_view,s-06-0052,anon-0031-6,guide-faq,history-v1,page_view,2026-08-13T08:40:28+08:00,2026-08-13T08:41:17+08:00,home,desktop,browser,,
e-02-0082-page_view,s-02-0082,anon-0039-2,guide-expense,history-v1,page_view,2026-08-04T13:16:04+08:00,2026-08-05T13:16:56+08:00,home,mobile,browser,,
e-04-0245-read_end,s-04-0245,anon-0016-4,guide-map,history-v1,read_end,2026-08-08T02:20:56+08:00,2026-08-07T18:21:39+00:00,campaign,mobile,browser,188,79
e-04-0021-page_view,s-04-0021,anon-0017-4,guide-map,history-v1,page_view,2026-08-06T15:45:10+00:00,2026-08-06T23:46:23+08:00,campaign,desktop,browser,,
e-04-0084-page_view,s-04-0084,anon-0161-4,guide-map,history-v1,page_view,2026-08-01T03:40:12+00:00,2026-08-01T11:41:09+08:00,campaign,desktop,browser,,
e-04-0286-page_view,s-04-0286,anon-0071-4,guide-map,history-v1,page_view,2026-08-01T16:10:18+08:00,2026-08-01T16:11:34+08:00,search,mobile,browser,,
e-00-0204-read_end,s-00-0204,anon-0040-0,guide-account,history-v1,read_end,2026-08-13T19:21:49+00:00,2026-08-14T03:22:31+08:00,search,desktop,browser,232,94
e-03-0025-page_view,s-03-0025,anon-0055-3,guide-remote,history-v1,page_view,2026-08-01T20:06:12+08:00,2026-08-01T20:06:50+08:00,direct,desktop,browser,,
e-02-0043-read_end,s-02-0043,anon-0030-2,guide-expense,history-v1,read_end,2026-08-03T16:22:46+08:00,2026-08-03T16:23:41+08:00,direct,desktop,browser,170,94
e-04-0120-read_end,s-04-0120,anon-0038-4,guide-map,history-v1,read_end,2026-08-11T01:29:36+00:00,2026-08-11T09:30:05+08:00,search,mobile,browser,197,86
e-02-0070-page_view,s-02-0070,anon-0026-2,guide-expense,history-v1,page_view,2026-08-03T15:00:05+08:00,2026-08-03T15:01:01+08:00,direct,desktop,browser,,
e-04-0004-page_view,s-04-0004,anon-0064-4,guide-map,history-v1,page_view,2026-08-06T12:49:47+08:00,2026-08-06T12:49:54+08:00,search,desktop,browser,,
e-00-0122-read_end,s-00-0122,anon-0115-0,guide-account,history-v1,read_end,2026-08-03T06:15:52+08:00,2026-08-02T22:15:58+00:00,home,desktop,browser,98,9
e-00-0001-read_end,s-00-0001,anon-0030-0,guide-account,history-v1,read_end,2026-08-05T23:40:41+08:00,2026-08-05T23:41:08+08:00,search,mobile,browser,140,95
edge-05,s-00-0002,anon-0031-0,guide-account,history-v1,heartbeat,2026-08-05T04:53:01+08:00,2026-08-04T20:53:44+00:00,search,mobile,browser,91,72
e-00-0229-read_end,s-00-0229,anon-0046-0,guide-account,history-v1,read_end,2026-08-07T09:18:01+08:00,2026-08-07T09:19:08+08:00,search,mobile,browser,124,11
e-01-0107-read_end,s-01-0107,anon-0065-1,guide-device,history-v1,read_end,2026-08-04T23:35:46+08:00,2026-08-04T15:36:47+00:00,search,desktop,browser,114,72
e-04-0003-read_end,s-04-0003,anon-0123-4,guide-map,history-v1,read_end,2026-08-09T12:31:35+00:00,2026-08-09T20:32:38+08:00,search,mobile,browser,149,79
e-04-0024-page_view,s-04-0024,anon-0096-4,guide-map,history-v1,page_view,2026-08-12T12:34:44+00:00,2026-08-12T20:35:44+08:00,campaign,desktop,browser,,
e-03-0121-page_view,s-03-0121,anon-0059-3,guide-remote,history-v1,page_view,2026-08-10T06:05:42+08:00,2026-08-10T06:07:05+08:00,home,mobile,browser,,
e-00-0136-read_end,s-00-0136,,guide-account,history-v1,read_end,2026-08-09T19:07:32+08:00,2026-08-09T19:08:50+08:00,search,desktop,browser,121,36
e-04-0034-read_end,s-04-0034,anon-0034-4,guide-map,history-v1,read_end,2026-08-02T10:24:20+08:00,2026-08-02T10:25:41+08:00,direct,desktop,browser,143,81
e-01-0030-read_end,s-01-0030,anon-0089-1,guide-device,history-v1,read_end,2026-08-09T13:13:18+00:00,2026-08-09T21:14:35+08:00,search,desktop,browser,22,89
e-05-0038-page_view,s-05-0038,anon-0024-5,guide-permission,history-v1,page_view,2026-08-03T11:16:11+08:00,2026-08-03T03:16:14+00:00,search,mobile,browser,,
e-02-0007-read_end,s-02-0007,anon-0010-2,guide-expense,history-v1,read_end,2026-08-10T13:57:42+08:00,2026-08-10T13:58:19+08:00,home,desktop,browser,82,95
e-06-0035-page_view,s-06-0035,anon-0024-6,guide-faq,history-v1,page_view,2026-08-14T17:56:35+08:00,2026-08-14T09:57:04+00:00,search,desktop,browser,,
e-04-0229-page_view,s-04-0229,anon-0059-4,guide-map,history-v1,page_view,2026-08-10T15:29:16+08:00,2026-08-10T15:29:17+08:00,search,desktop,browser,,
e-06-0038-page_view,s-06-0038,anon-0013-6,guide-faq,history-v1,page_view,2026-08-01T17:46:50+08:00,2026-08-01T09:47:32+00:00,search,mobile,browser,,
e-04-0098-read_end,s-04-0098,anon-0007-4,guide-map,history-v1,read_end,2026-08-05T10:58:17+08:00,2026-08-05T02:59:17+00:00,search,mobile,browser,161,73
e-05-0078-page_view,s-05-0078,anon-0011-5,guide-permission,history-v1,page_view,2026-08-14T01:19:53+00:00,2026-08-14T09:20:11+08:00,home,desktop,browser,,
e-06-0007-page_view,s-06-0007,anon-0001-6,guide-faq,history-v1,page_view,2026-08-03T19:15:41+08:00,2026-08-03T19:16:25+08:00,search,mobile,browser,,
e-06-0020-page_view,s-06-0020,anon-0027-6,guide-faq,history-v1,page_view,2026-08-01T01:53:42+08:00,2026-07-31T17:55:04+00:00,search,desktop,browser,,
edge-07,s-00-0003,anon-0094-0,guide-account,,read_end,2026-08-02T11:36:57+00:00,2026-08-02T19:37:01+08:00,home,desktop,browser,139,78
e-04-0223-page_view,s-04-0223,anon-0094-4,guide-map,history-v1,page_view,2026-08-04T12:51:20+08:00,2026-08-04T12:51:37+08:00,direct,desktop,browser,,
e-04-0150-page_view,s-04-0150,anon-0083-4,guide-map,history-v1,page_view,2026-07-31T16:02:37+00:00,2026-08-01T00:02:46+08:00,home,desktop,browser,,
e-04-0237-page_view,s-04-0237,anon-0081-4,guide-map,history-v1,page_view,2026-08-10T14:34:15+00:00,2026-08-10T22:35:01+08:00,search,desktop,browser,,
e-07-0010-page_view,s-07-0010,anon-0003-7,guide-search,history-v1,page_view,2026-08-14T23:46:41+08:00,2026-08-14T23:46:44+08:00,search,mobile,browser,,
e-05-0089-read_end,s-05-0089,anon-0050-5,guide-permission,history-v1,read_end,2026-08-12T00:59:47+08:00,2026-08-11T17:00:57+00:00,home,desktop,browser,146,30
e-00-0131-read_end,s-00-0131,anon-0041-0,guide-account,history-v1,read_end,2026-08-12T01:52:13+08:00,2026-08-11T17:53:24+00:00,search,desktop,browser,174,32
e-04-0175-read_end,s-04-0175,anon-0101-4,guide-map,history-v1,read_end,2026-08-07T05:00:24+08:00,2026-08-07T05:01:53+08:00,direct,mobile,browser,220,89
e-01-0001-read_end,s-01-0001,anon-0086-1,guide-device,history-v1,read_end,2026-08-11T04:00:34+08:00,2026-08-11T04:01:56+08:00,search,desktop,browser,115,84
e-03-0070-read_end,s-03-0070,anon-0023-3,guide-remote,history-v1,read_end,2026-08-04T07:27:52+08:00,2026-08-04T07:28:14+08:00,search,desktop,browser,199,72
e-03-0038-page_view,s-03-0038,anon-0079-3,guide-remote,history-v1,page_view,2026-08-05T15:15:01+08:00,2026-08-05T07:15:10+00:00,search,mobile,browser,,
e-04-0174-read_end,s-04-0174,anon-0139-4,guide-map,history-v1,read_end,2026-08-02T09:25:09+00:00,2026-08-02T17:25:39+08:00,home,mobile,browser,85,76
e-00-0152-page_view,s-00-0152,anon-0001-0,guide-account,history-v1,page_view,2026-08-06T09:27:22+08:00,2026-08-06T01:28:29+00:00,direct,desktop,browser,,
e-03-0044-read_end,s-03-0044,anon-0003-3,guide-remote,history-v1,read_end,2026-08-13T07:25:59+08:00,2026-08-12T23:27:02+00:00,direct,desktop,browser,147,9
crawler-0023,crawl-23,,guide-map,history-v1,page_view,2026-08-08T16:04:59+00:00,2026-08-08T16:05:00+00:00,campaign,desktop,crawler,,
e-04-0233-read_end,s-04-0233,anon-0075-4,guide-map,history-v1,read_end,2026-08-13T15:25:08+08:00,2026-08-13T07:26:37+00:00,campaign,mobile,browser,106,100
e-01-0091-read_end,s-01-0091,anon-0050-1,guide-device,history-v1,read_end,2026-08-14T01:39:02+08:00,2026-08-14T01:40:27+08:00,search,desktop,browser,41,7
e-05-0102-page_view,s-05-0102,anon-0035-5,guide-permission,history-v1,page_view,2026-08-02T23:57:15+00:00,2026-08-03T07:57:42+08:00,home,mobile,browser,,
e-04-0100-read_end,s-04-0100,anon-0134-4,guide-map,history-v1,read_end,2026-08-07T10:05:09+08:00,2026-08-07T10:05:17+08:00,search,mobile,browser,135,49
e-03-0016-read_end,s-03-0016,anon-0076-3,guide-remote,history-v1,read_end,2026-08-06T03:54:59+08:00,2026-08-06T03:55:44+08:00,search,desktop,browser,61,32
e-04-0052-read_end,s-04-0052,anon-0064-4,guide-map,history-v1,read_end,2026-08-02T10:38:46+08:00,2026-08-02T10:38:57+08:00,campaign,desktop,browser,134,99
e-04-0268-read_end,s-04-0268,anon-0002-4,guide-map,history-v1,read_end,2026-08-09T16:26:34+08:00,2026-08-09T16:26:53+08:00,campaign,desktop,browser,69,80
e-04-0066-page_view,s-04-0066,anon-0038-4,guide-map,history-v1,page_view,2026-08-07T23:10:39+00:00,2026-08-08T07:10:55+08:00,direct,desktop,browser,,
e-04-0323-page_view,s-04-0323,anon-0093-4,guide-map,history-v1,page_view,2026-08-13T15:10:11+08:00,2026-08-13T07:10:38+00:00,search,desktop,browser,,
e-01-0040-page_view,s-01-0040,anon-0015-1,guide-device,history-v1,page_view,2026-08-02T02:43:47+08:00,2026-08-02T02:44:17+08:00,home,mobile,browser,,
e-02-0002-read_end,s-02-0002,,guide-expense,history-v1,read_end,2026-08-06T14:54:35+08:00,2026-08-06T06:55:20+00:00,search,desktop,browser,103,81
e-04-0270-read_end,s-04-0270,anon-0002-4,guide-map,history-v1,read_end,2026-08-02T13:06:03+00:00,2026-08-02T21:06:13+08:00,search,mobile,browser,135,84
e-00-0170-page_view,s-00-0170,anon-0050-0,guide-account,history-v1,page_view,2026-08-09T21:07:27+08:00,2026-08-09T13:08:32+00:00,search,mobile,browser,,
crawler-0098,crawl-98,,guide-map,history-v1,page_view,2026-08-08T16:21:14+00:00,2026-08-08T16:21:15+00:00,campaign,desktop,crawler,,
e-01-0102-page_view,s-01-0102,anon-0064-1,guide-device,history-v1,page_view,2026-08-05T08:26:23+00:00,2026-08-05T16:27:03+08:00,search,desktop,browser,,
e-04-0073-page_view,s-04-0073,anon-0112-4,guide-map,history-v1,page_view,2026-08-04T03:54:16+08:00,2026-08-04T03:55:14+08:00,search,desktop,browser,,
e-00-0251-page_view,s-00-0251,anon-0073-0,guide-account,history-v1,page_view,2026-08-13T22:50:13+08:00,2026-08-13T14:51:19+00:00,home,desktop,browser,,
e-04-0140-read_end,s-04-0140,,guide-map,history-v1,read_end,2026-08-12T19:39:40+08:00,2026-08-12T11:40:53+00:00,home,desktop,browser,98,72
crawler-0133,crawl-133,,guide-map,history-v1,page_view,2026-08-08T16:28:49+00:00,2026-08-08T16:28:50+00:00,campaign,desktop,crawler,,
e-03-0015-read_end,s-03-0015,anon-0027-3,guide-remote,history-v1,read_end,2026-08-08T06:54:59+00:00,2026-08-08T14:56:07+08:00,search,desktop,browser,81,53
e-04-0148-read_end,s-04-0148,,guide-map,history-v1,read_end,2026-08-08T00:20:14+08:00,2026-08-08T00:21:02+08:00,search,mobile,browser,70,5
e-00-0177-page_view,s-00-0177,anon-0021-0,guide-account,history-v1,page_view,2026-08-08T11:08:11+00:00,2026-08-08T19:09:19+08:00,direct,mobile,browser,,
crawler-0126,crawl-126,,guide-map,history-v1,page_view,2026-08-08T16:27:18+00:00,2026-08-08T16:27:19+00:00,campaign,desktop,crawler,,
e-02-0026-read_end,s-02-0026,anon-0027-2,guide-expense,history-v1,read_end,2026-08-14T10:35:39+08:00,2026-08-14T02:36:24+00:00,search,desktop,browser,163,47
e-00-0156-read_end,s-00-0156,anon-0004-0,guide-account,history-v1,read_end,2026-08-08T18:28:06+00:00,2026-08-09T02:28:24+08:00,search,mobile,browser,62,85
e-00-0185-read_end,s-00-0185,anon-0013-0,guide-account,history-v1,read_end,2026-08-14T18:21:39+08:00,2026-08-14T10:22:45+00:00,home,desktop,browser,37,27
e-00-0076-page_view,s-00-0076,anon-0105-0,guide-account,history-v1,page_view,2026-08-13T02:24:51+08:00,2026-08-13T02:25:16+08:00,search,desktop,browser,,
e-06-0025-page_view,s-06-0025,anon-0015-6,guide-faq,history-v1,page_view,2026-08-12T08:30:21+08:00,2026-08-12T08:31:34+08:00,search,mobile,browser,,
e-04-0235-page_view,s-04-0235,anon-0107-4,guide-map,history-v1,page_view,2026-08-12T00:09:11+08:00,2026-08-12T00:10:37+08:00,direct,mobile,browser,,
e-01-0128-read_end,s-01-0128,anon-0049-1,guide-device,history-v1,read_end,2026-08-07T03:16:20+08:00,2026-08-06T19:17:30+00:00,home,desktop,browser,199,82
e-01-0107-page_view,s-01-0107,anon-0065-1,guide-device,history-v1,page_view,2026-08-04T23:33:52+08:00,2026-08-04T15:34:35+00:00,search,desktop,browser,,
e-03-0128-page_view,s-03-0128,anon-0001-3,guide-remote,history-v1,page_view,2026-08-11T04:26:14+08:00,2026-08-10T20:27:33+00:00,home,desktop,browser,,
e-04-0210-page_view,s-04-0210,anon-0005-4,guide-map,history-v1,page_view,2026-08-10T12:27:27+00:00,2026-08-10T20:27:42+08:00,home,desktop,browser,,
crawler-0103,crawl-103,,guide-map,history-v1,page_view,2026-08-08T16:22:19+00:00,2026-08-08T16:22:20+00:00,campaign,desktop,crawler,,
e-05-0046-read_end,s-05-0046,anon-0027-5,guide-permission,history-v1,read_end,2026-08-04T21:57:00+08:00,2026-08-04T21:58:18+08:00,home,mobile,browser,158,34
e-00-0111-page_view,s-00-0111,anon-0091-0,guide-account,history-v1,page_view,2026-08-02T20:30:06+00:00,2026-08-03T04:31:32+08:00,home,desktop,browser,,
e-03-0118-read_end,s-03-0118,anon-0061-3,guide-remote,history-v1,read_end,2026-08-06T12:18:26+08:00,2026-08-06T12:18:59+08:00,home,mobile,browser,22,22
e-06-0035-read_end,s-06-0035,anon-0024-6,guide-faq,history-v1,read_end,2026-08-14T18:00:06+08:00,2026-08-14T10:00:33+00:00,search,desktop,browser,211,80
e-01-0086-read_end,s-01-0086,anon-0005-1,guide-device,history-v1,read_end,2026-08-06T03:32:44+08:00,2026-08-05T19:33:29+00:00,search,mobile,browser,113,98
e-04-0129-page_view,s-04-0129,,guide-map,history-v1,page_view,2026-08-07T10:33:50+00:00,2026-08-07T18:34:28+08:00,direct,desktop,browser,,
e-04-0257-page_view,s-04-0257,anon-0064-4,guide-map,history-v1,page_view,2026-08-12T12:40:27+08:00,2026-08-12T04:41:19+00:00,home,desktop,browser,,
crawler-0128,crawl-128,,guide-map,history-v1,page_view,2026-08-08T16:27:44+00:00,2026-08-08T16:27:45+00:00,campaign,desktop,crawler,,
e-00-0038-read_end,s-00-0038,anon-0005-0,guide-account,history-v1,read_end,2026-08-11T08:06:39+08:00,2026-08-11T00:07:53+00:00,home,mobile,browser,68,53
e-04-0128-read_end,s-04-0128,anon-0031-4,guide-map,history-v1,read_end,2026-08-04T02:41:47+08:00,2026-08-03T18:41:57+00:00,search,desktop,browser,148,85
e-04-0093-page_view,s-04-0093,anon-0053-4,guide-map,history-v1,page_view,2026-08-12T02:01:47+00:00,2026-08-12T10:02:19+08:00,search,desktop,browser,,
e-04-0281-read_end,s-04-0281,anon-0007-4,guide-map,history-v1,read_end,2026-08-04T02:03:16+08:00,2026-08-03T18:03:50+00:00,campaign,desktop,browser,9,93
e-00-0233-read_end,s-00-0233,anon-0077-0,guide-account,history-v1,read_end,2026-08-14T03:36:39+08:00,2026-08-13T19:36:48+00:00,home,desktop,browser,98,84
e-04-0132-page_view,s-04-0132,anon-0032-4,guide-map,history-v1,page_view,2026-08-14T09:18:06+00:00,2026-08-14T17:18:18+08:00,search,mobile,browser,,
e-01-0017-page_view,s-01-0017,anon-0066-1,guide-device,history-v1,page_view,2026-08-11T12:48:36+08:00,2026-08-11T04:49:15+00:00,search,mobile,browser,,
e-02-0011-page_view,s-02-0011,anon-0036-2,guide-expense,history-v1,page_view,2026-08-12T21:30:40+08:00,2026-08-12T13:32:05+00:00,search,mobile,browser,,
crawler-0146,crawl-146,,guide-map,history-v1,page_view,2026-08-08T16:31:38+00:00,2026-08-08T16:31:39+00:00,campaign,desktop,crawler,,
e-03-0010-read_end,s-03-0010,anon-0050-3,guide-remote,history-v1,read_end,2026-08-04T20:13:10+08:00,2026-08-04T20:13:24+08:00,search,mobile,browser,9,29
e-04-0117-read_end,s-04-0117,anon-0163-4,guide-map,history-v1,read_end,2026-08-11T02:25:56+00:00,2026-08-11T10:26:37+08:00,direct,mobile,browser,183,80
e-02-0072-read_end,s-02-0072,anon-0016-2,guide-expense,history-v1,read_end,2026-08-05T04:02:45+00:00,2026-08-05T12:03:16+08:00,search,mobile,browser,75,82
e-00-0067-read_end,s-00-0067,anon-0000-0,guide-account,history-v1,read_end,2026-08-05T05:48:45+08:00,2026-08-05T05:49:02+08:00,home,mobile,browser,74,32
e-04-0048-page_view,s-04-0048,anon-0095-4,guide-map,history-v1,page_view,2026-08-07T03:46:12+00:00,2026-08-07T11:47:28+08:00,search,mobile,browser,,
e-05-0015-page_view,s-05-0015,anon-0037-5,guide-permission,history-v1,page_view,2026-08-05T06:51:51+00:00,2026-08-05T14:53:04+08:00,search,desktop,browser,,
e-04-0124-page_view,s-04-0124,,guide-map,history-v1,page_view,2026-08-14T19:50:12+08:00,2026-08-14T19:50:38+08:00,campaign,mobile,browser,,
e-02-0045-read_end,s-02-0045,anon-0030-2,guide-expense,history-v1,read_end,2026-08-05T05:45:00+00:00,2026-08-05T13:45:01+08:00,search,desktop,browser,247,91
e-00-0217-read_end,s-00-0217,anon-0020-0,guide-account,history-v1,read_end,2026-08-09T17:34:35+08:00,2026-08-09T17:35:15+08:00,home,desktop,browser,168,96
e-06-0053-read_end,s-06-0053,anon-0020-6,guide-faq,history-v1,read_end,2026-08-08T03:54:26+08:00,2026-08-07T19:55:42+00:00,home,desktop,browser,78,78
e-00-0029-read_end,s-00-0029,anon-0110-0,guide-account,history-v1,read_end,2026-08-14T00:44:52+08:00,2026-08-13T16:45:05+00:00,search,mobile,browser,33,90
e-02-0043-page_view,s-02-0043,anon-0030-2,guide-expense,history-v1,page_view,2026-08-03T16:19:56+08:00,2026-08-03T16:20:53+08:00,direct,desktop,browser,,
e-00-0142-read_end,s-00-0142,anon-0089-0,guide-account,history-v1,read_end,2026-08-11T03:56:07+08:00,2026-08-11T03:56:17+08:00,search,desktop,browser,135,19
e-04-0094-page_view,s-04-0094,anon-0015-4,guide-map,history-v1,page_view,2026-08-01T04:21:43+08:00,2026-08-01T04:21:55+08:00,home,mobile,browser,,
e-00-0127-page_view,s-00-0127,anon-0107-0,guide-account,history-v1,page_view,2026-08-01T02:19:34+08:00,2026-08-01T02:21:04+08:00,home,desktop,browser,,
e-01-0089-read_end,s-01-0089,anon-0084-1,guide-device,history-v1,read_end,2026-08-02T12:41:31+08:00,2026-08-02T04:42:04+00:00,home,desktop,browser,60,31
e-01-0090-read_end,s-01-0090,anon-0086-1,guide-device,history-v1,read_end,2026-08-10T17:31:46+00:00,2026-08-11T01:33:04+08:00,search,mobile,browser,125,90
e-01-0146-read_end,s-01-0146,anon-0072-1,guide-device,history-v1,read_end,2026-08-14T11:54:58+08:00,2026-08-14T03:55:01+00:00,search,mobile,browser,246,81
e-06-0019-read_end,s-06-0019,anon-0009-6,guide-faq,history-v1,read_end,2026-08-04T23:15:54+08:00,2026-08-04T23:15:56+08:00,search,mobile,browser,3,95
e-00-0003-page_view,s-00-0003,anon-0094-0,guide-account,history-v1,page_view,2026-08-02T11:34:38+00:00,2026-08-02T19:35:31+08:00,home,desktop,browser,,
e-04-0319-read_end,s-04-0319,anon-0079-4,guide-map,history-v1,read_end,2026-08-06T16:29:59+08:00,2026-08-06T16:30:15+08:00,campaign,desktop,browser,91,88
e-05-0081-page_view,s-05-0081,anon-0031-5,guide-permission,history-v1,page_view,2026-08-09T03:30:52+00:00,2026-08-09T11:31:08+08:00,home,desktop,browser,,
e-04-0276-page_view,s-04-0276,anon-0150-4,guide-map,history-v1,page_view,2026-08-03T00:47:22+00:00,2026-08-03T08:48:24+08:00,search,desktop,browser,,
crawler-0002,crawl-2,,guide-map,history-v1,page_view,2026-08-08T16:00:26+00:00,2026-08-08T16:00:27+00:00,campaign,desktop,crawler,,
crawler-0001,crawl-1,,guide-map,history-v1,page_view,2026-08-08T16:00:13+00:00,2026-08-08T16:00:14+00:00,campaign,desktop,crawler,,
crawler-0029,crawl-29,,guide-map,history-v1,page_view,2026-08-08T16:06:17+00:00,2026-08-08T16:06:18+00:00,campaign,desktop,crawler,,
e-04-0208-page_view,s-04-0208,anon-0143-4,guide-map,history-v1,page_view,2026-08-04T19:02:33+08:00,2026-08-04T19:03:09+08:00,search,desktop,browser,,
e-01-0041-read_end,s-01-0041,anon-0071-1,guide-device,history-v1,read_end,2026-08-12T21:53:11+08:00,2026-08-13T13:53:35+00:00,search,desktop,browser,280,55
e-01-0110-page_view,s-01-0110,anon-0029-1,guide-device,history-v1,page_view,2026-08-14T22:44:03+08:00,2026-08-14T14:44:50+00:00,direct,desktop,browser,,
crawler-0125,crawl-125,,guide-map,history-v1,page_view,2026-08-08T16:27:05+00:00,2026-08-08T16:27:06+00:00,campaign,desktop,crawler,,
e-01-0111-page_view,s-01-0111,anon-0013-1,guide-device,history-v1,page_view,2026-08-01T06:38:49+00:00,2026-08-01T14:38:50+08:00,direct,desktop,browser,,
e-00-0215-page_view,s-00-0215,anon-0066-0,guide-account,history-v1,page_view,2026-08-02T04:43:13+08:00,2026-08-01T20:44:17+00:00,search,mobile,browser,,
e-06-0057-read_end,s-06-0057,anon-0005-6,guide-faq,history-v1,read_end,2026-08-08T21:59:03+00:00,2026-08-09T06:00:27+08:00,search,mobile,browser,50,85
e-00-0006-page_view,s-00-0006,anon-0073-0,guide-account,history-v1,page_view,2026-08-03T22:39:32+00:00,2026-08-04T06:40:15+08:00,search,desktop,browser,,
crawler-0074,crawl-74,,guide-map,history-v1,page_view,2026-08-08T16:16:02+00:00,2026-08-08T16:16:03+00:00,campaign,desktop,crawler,,
e-04-0310-page_view,s-04-0310,anon-0011-4,guide-map,history-v1,page_view,2026-08-14T11:48:33+08:00,2026-08-14T11:49:20+08:00,search,desktop,browser,,
e-03-0081-read_end,s-03-0081,anon-0077-3,guide-remote,history-v1,read_end,2026-08-13T14:35:52+00:00,2026-08-13T22:37:05+08:00,home,desktop,browser,188,13
crawler-0080,crawl-80,,guide-map,history-v1,page_view,2026-08-08T16:17:20+00:00,2026-08-08T16:17:21+00:00,campaign,desktop,crawler,,
e-03-0056-page_view,s-03-0056,anon-0044-3,guide-remote,history-v1,page_view,2026-08-06T06:41:15+08:00,2026-08-05T22:42:15+00:00,search,desktop,browser,,
e-05-0052-page_view,s-05-0052,anon-0036-5,guide-permission,history-v1,page_view,2026-08-03T03:03:55+08:00,2026-08-03T03:05:21+08:00,direct,mobile,browser,,
e-03-0037-page_view,s-03-0037,anon-0066-3,guide-remote,history-v1,page_view,2026-08-02T17:24:06+08:00,2026-08-02T17:24:52+08:00,search,mobile,browser,,
crawler-0139,crawl-139,,guide-map,history-v1,page_view,2026-08-08T16:30:07+00:00,2026-08-08T16:30:08+00:00,campaign,desktop,crawler,,
e-05-0054-page_view,s-05-0054,anon-0053-5,guide-permission,history-v1,page_view,2026-08-02T12:40:28+00:00,2026-08-02T20:41:53+08:00,search,mobile,browser,,
e-01-0127-read_end,s-01-0127,anon-0085-1,guide-device,history-v1,read_end,2026-08-02T00:25:26+08:00,2026-08-02T00:26:06+08:00,search,desktop,browser,15,87
e-01-0138-read_end,s-01-0138,anon-0081-1,guide-device,history-v1,read_end,2026-08-04T02:56:43+00:00,2026-08-04T10:57:58+08:00,search,desktop,browser,23,51
e-00-0201-read_end,s-00-0201,anon-0089-0,guide-account,history-v1,read_end,2026-08-12T04:26:12+00:00,2026-08-12T12:26:17+08:00,search,mobile,browser,206,94
e-02-0051-page_view,s-02-0051,anon-0029-2,guide-expense,history-v1,page_view,2026-08-06T23:26:15+00:00,2026-08-07T07:27:45+08:00,search,desktop,browser,,
e-04-0002-read_end,s-04-0002,anon-0157-4,guide-map,history-v1,read_end,2026-08-09T21:23:35+08:00,2026-08-09T13:24:29+00:00,search,desktop,browser,84,72
e-03-0007-read_end,s-03-0007,anon-0025-3,guide-remote,history-v1,read_end,2026-08-14T02:34:19+08:00,2026-08-14T02:34:54+08:00,home,desktop,browser,111,86
e-02-0089-page_view,s-02-0089,anon-0009-2,guide-expense,history-v1,page_view,2026-08-14T12:24:45+08:00,2026-08-14T04:25:30+00:00,search,mobile,browser,,
e-01-0182-read_end,s-01-0182,anon-0053-1,guide-device,history-v1,read_end,2026-08-02T01:27:10+08:00,2026-08-01T17:28:37+00:00,campaign,desktop,browser,84,77
e-03-0041-read_end,s-03-0041,anon-0036-3,guide-remote,history-v1,read_end,2026-08-01T21:47:30+08:00,2026-08-02T13:48:08+00:00,search,mobile,browser,32,31
e-01-0126-page_view,s-01-0126,anon-0076-1,guide-device,history-v1,page_view,2026-08-12T10:41:03+00:00,2026-08-12T18:42:23+08:00,search,desktop,browser,,
e-05-0007-page_view,s-05-0007,anon-0036-5,guide-permission,history-v1,page_view,2026-08-02T07:20:20+08:00,2026-08-02T07:21:24+08:00,search,desktop,browser,,
e-04-0163-page_view,s-04-0163,anon-0092-4,guide-map,history-v1,page_view,2026-08-08T05:53:39+08:00,2026-08-08T05:54:45+08:00,direct,mobile,browser,,
e-04-0175-page_view,s-04-0175,anon-0101-4,guide-map,history-v1,page_view,2026-08-07T04:56:44+08:00,2026-08-07T04:57:14+08:00,direct,mobile,browser,,
e-01-0076-page_view,s-01-0076,,guide-device,history-v1,page_view,2026-08-08T02:16:22+08:00,2026-08-08T02:17:29+08:00,campaign,mobile,browser,,
e-03-0057-page_view,s-03-0057,anon-0042-3,guide-remote,history-v1,page_view,2026-08-02T19:39:18+00:00,2026-08-03T03:40:02+08:00,search,mobile,browser,,
e-05-0072-page_view,s-05-0072,anon-0048-5,guide-permission,history-v1,page_view,2026-08-06T21:01:37+00:00,2026-08-07T05:03:07+08:00,home,desktop,browser,,
crawler-0021,crawl-21,,guide-map,history-v1,page_view,2026-08-08T16:04:33+00:00,2026-08-08T16:04:34+00:00,campaign,desktop,crawler,,
e-00-0045-page_view,s-00-0045,anon-0086-0,guide-account,history-v1,page_view,2026-08-02T03:15:15+00:00,2026-08-02T11:15:16+08:00,home,desktop,browser,,
crawler-0140,crawl-140,,guide-map,history-v1,page_view,2026-08-08T16:30:20+00:00,2026-08-08T16:30:21+00:00,campaign,desktop,crawler,,
e-05-0051-read_end,s-05-0051,anon-0037-5,guide-permission,history-v1,read_end,2026-08-03T15:26:26+00:00,2026-08-03T23:27:43+08:00,search,desktop,browser,30,14
e-01-0132-read_end,s-01-0132,anon-0069-1,guide-device,history-v1,read_end,2026-08-04T10:58:47+00:00,2026-08-04T18:59:39+08:00,search,desktop,browser,171,84
e-00-0092-page_view,s-00-0092,anon-0121-0,guide-account,history-v1,page_view,2026-08-05T11:55:01+08:00,2026-08-05T03:55:47+00:00,direct,desktop,browser,,
e-02-0014-page_view,s-02-0014,anon-0018-2,guide-expense,history-v1,page_view,2026-08-08T20:58:36+08:00,2026-08-08T12:59:06+00:00,search,mobile,browser,,
e-01-0088-read_end,s-01-0088,anon-0047-1,guide-device,history-v1,read_end,2026-08-07T15:27:40+08:00,2026-08-07T15:28:49+08:00,search,desktop,browser,67,90
e-01-0005-read_end,s-01-0005,anon-0071-1,guide-device,history-v1,read_end,2026-08-01T22:41:36+08:00,2026-08-01T14:42:12+00:00,direct,desktop,browser,230,88
e-04-0324-page_view,s-04-0324,anon-0160-4,guide-map,history-v1,page_view,2026-08-01T06:03:26+00:00,2026-08-01T14:03:44+08:00,search,desktop,browser,,
e-00-0246-page_view,s-00-0246,anon-0053-0,guide-account,history-v1,page_view,2026-08-07T15:52:37+00:00,2026-08-08T23:53:22+08:00,search,mobile,browser,,
e-03-0104-read_end,s-03-0104,anon-0044-3,guide-remote,history-v1,read_end,2026-08-04T19:07:33+08:00,2026-08-04T11:08:03+00:00,home,desktop,browser,137,95
e-03-0045-page_view,s-03-0045,anon-0074-3,guide-remote,history-v1,page_view,2026-08-05T15:27:41+00:00,2026-08-05T23:28:54+08:00,home,mobile,browser,,
e-06-0045-page_view,s-06-0045,anon-0005-6,guide-faq,history-v1,page_view,2026-08-12T00:07:28+00:00,2026-08-12T08:08:58+08:00,search,desktop,browser,,
e-00-0052-read_end,s-00-0052,anon-0095-0,guide-account,history-v1,read_end,2026-08-01T15:10:39+08:00,2026-08-01T15:11:58+08:00,home,desktop,browser,58,87
e-01-0102-read_end,s-01-0102,anon-0064-1,guide-device,history-v1,read_end,2026-08-05T08:28:13+00:00,2026-08-05T16:29:16+08:00,search,desktop,browser,110,93
e-00-0257-read_end,s-00-0257,anon-0089-0,guide-account,history-v1,read_end,2026-08-10T16:24:08+08:00,2026-08-10T08:25:21+00:00,search,mobile,browser,97,72
e-02-0064-page_view,s-02-0064,anon-0027-2,guide-expense,history-v1,page_view,2026-08-07T00:16:41+08:00,2026-08-07T00:17:26+08:00,direct,desktop,browser,,
e-04-0031-read_end,s-04-0031,anon-0073-4,guide-map,history-v1,read_end,2026-08-05T11:46:42+08:00,2026-08-05T11:48:11+08:00,campaign,desktop,browser,152,74
e-04-0142-read_end,s-04-0142,anon-0070-4,guide-map,history-v1,read_end,2026-08-04T11:18:54+08:00,2026-08-04T11:20:20+08:00,direct,desktop,browser,140,92
e-03-0029-read_end,s-03-0029,anon-0046-3,guide-remote,history-v1,read_end,2026-08-08T16:20:25+08:00,2026-08-08T08:21:50+00:00,direct,desktop,browser,128,82
e-04-0206-read_end,s-04-0206,anon-0122-4,guide-map,history-v1,read_end,2026-08-01T12:15:30+08:00,2026-08-01T04:16:00+00:00,search,desktop,browser,99,96
e-04-0067-read_end,s-04-0067,anon-0073-4,guide-map,history-v1,read_end,2026-08-02T05:15:54+08:00,2026-08-02T05:16:03+08:00,search,desktop,browser,135,92
e-04-0078-page_view,s-04-0078,anon-0137-4,guide-map,history-v1,page_view,2026-08-01T06:31:40+00:00,2026-08-01T14:33:10+08:00,search,mobile,browser,,
e-00-0148-read_end,s-00-0148,,guide-account,history-v1,read_end,2026-08-05T09:36:02+08:00,2026-08-05T09:37:02+08:00,search,desktop,browser,141,39
e-01-0148-page_view,s-01-0148,anon-0010-1,guide-device,history-v1,page_view,2026-08-02T08:24:06+08:00,2026-08-02T08:24:28+08:00,search,desktop,browser,,
e-00-0039-page_view,s-00-0039,anon-0118-0,guide-account,history-v1,page_view,2026-08-13T01:47:48+00:00,2026-08-13T09:48:43+08:00,home,mobile,browser,,
edge-04,s-00-0002,anon-0031-0,guide-account,history-v1,read_end,2026-08-05T04:51:30+08:00,2026-08-04T20:51:50+00:00,search,mobile,browser,,140
e-04-0306-page_view,s-04-0306,,guide-map,history-v1,page_view,2026-08-04T15:53:39+00:00,2026-08-04T23:54:48+08:00,home,mobile,browser,,
e-01-0172-page_view,s-01-0172,anon-0083-1,guide-device,history-v1,page_view,2026-08-06T14:30:01+08:00,2026-08-06T14:31:13+08:00,search,mobile,browser,,
e-04-0189-page_view,s-04-0189,anon-0112-4,guide-map,history-v1,page_view,2026-08-03T06:00:37+00:00,2026-08-03T14:00:46+08:00,home,desktop,browser,,
e-04-0190-read_end,s-04-0190,anon-0096-4,guide-map,history-v1,read_end,2026-08-13T13:25:05+08:00,2026-08-13T13:25:29+08:00,campaign,desktop,browser,141,73
e-03-0098-read_end,s-03-0098,anon-0035-3,guide-remote,history-v1,read_end,2026-08-08T10:00:42+08:00,2026-08-08T02:00:57+00:00,direct,desktop,browser,96,82
e-06-0004-read_end,s-06-0004,anon-0006-6,guide-faq,history-v1,read_end,2026-08-08T19:31:08+08:00,2026-08-08T19:32:16+08:00,search,mobile,browser,28,39
e-00-0015-read_end,s-00-0015,anon-0066-0,guide-account,history-v1,read_end,2026-08-08T20:22:25+00:00,2026-08-09T04:23:01+08:00,search,mobile,browser,93,48
e-01-0042-page_view,s-01-0042,anon-0082-1,guide-device,history-v1,page_view,2026-08-06T23:42:11+00:00,2026-08-07T07:42:19+08:00,search,mobile,browser,,
e-06-0049-page_view,s-06-0049,anon-0021-6,guide-faq,history-v1,page_view,2026-08-11T07:22:08+08:00,2026-08-11T07:23:13+08:00,home,desktop,browser,,
e-00-0015-page_view,s-00-0015,anon-0066-0,guide-account,history-v1,page_view,2026-08-08T20:20:52+00:00,2026-08-09T04:22:13+08:00,search,mobile,browser,,
e-05-0032-page_view,s-05-0032,,guide-permission,history-v1,page_view,2026-08-13T01:07:15+08:00,2026-08-12T17:08:09+00:00,search,mobile,browser,,
e-04-0170-page_view,s-04-0170,anon-0138-4,guide-map,history-v1,page_view,2026-08-09T02:41:40+08:00,2026-08-08T18:41:50+00:00,direct,desktop,browser,,
e-04-0285-read_end,s-04-0285,,guide-map,history-v1,read_end,2026-08-02T17:51:00+00:00,2026-08-03T01:51:55+08:00,home,desktop,browser,121,91
e-01-0144-page_view,s-01-0144,anon-0056-1,guide-device,history-v1,page_view,2026-08-09T03:04:06+00:00,2026-08-09T11:05:26+08:00,search,mobile,browser,,
e-07-0004-read_end,s-07-0004,anon-0003-7,guide-search,history-v1,read_end,2026-08-13T07:12:33+08:00,2026-08-13T07:12:41+08:00,home,mobile,browser,250,97
e-01-0085-page_view,s-01-0085,anon-0074-1,guide-device,history-v1,page_view,2026-08-03T15:06:04+08:00,2026-08-03T15:07:10+08:00,home,mobile,browser,,
e-04-0272-page_view,s-04-0272,anon-0070-4,guide-map,history-v1,page_view,2026-08-03T09:48:28+08:00,2026-08-03T01:49:13+00:00,home,mobile,browser,,
e-03-0029-page_view,s-03-0029,anon-0046-3,guide-remote,history-v1,page_view,2026-08-08T16:18:17+08:00,2026-08-08T08:18:48+00:00,direct,desktop,browser,,
e-00-0056-page_view,s-00-0056,anon-0067-0,guide-account,history-v1,page_view,2026-08-08T03:07:59+08:00,2026-08-07T19:09:09+00:00,search,desktop,browser,,
e-04-0303-read_end,s-04-0303,anon-0028-4,guide-map,history-v1,read_end,2026-08-01T01:04:29+00:00,2026-08-01T09:05:24+08:00,campaign,desktop,browser,111,84
e-01-0072-read_end,s-01-0072,anon-0043-1,guide-device,history-v1,read_end,2026-08-14T01:26:31+00:00,2026-08-14T09:26:50+08:00,search,desktop,browser,31,88
e-00-0234-read_end,s-00-0234,anon-0085-0,guide-account,history-v1,read_end,2026-08-06T06:51:47+00:00,2026-08-06T14:51:59+08:00,direct,desktop,browser,60,26
e-00-0010-read_end,s-00-0010,anon-0042-0,guide-account,history-v1,read_end,2026-08-04T08:53:59+08:00,2026-08-04T08:55:08+08:00,home,mobile,browser,146,40
e-06-0003-page_view,s-06-0003,anon-0017-6,guide-faq,history-v1,page_view,2026-08-07T20:50:36+00:00,2026-08-08T04:52:02+08:00,search,mobile,browser,,
e-03-0137-read_end,s-03-0137,anon-0067-3,guide-remote,history-v1,read_end,2026-08-07T17:20:56+08:00,2026-08-07T09:21:16+00:00,search,desktop,browser,57,33
e-04-0252-read_end,s-04-0252,anon-0041-4,guide-map,history-v1,read_end,2026-08-01T12:46:51+00:00,2026-08-01T20:47:46+08:00,campaign,mobile,browser,75,92
e-05-0074-read_end,s-05-0074,anon-0014-5,guide-permission,history-v1,read_end,2026-08-06T06:54:07+08:00,2026-08-05T22:54:19+00:00,search,mobile,browser,69,16
e-02-0007-page_view,s-02-0007,anon-0010-2,guide-expense,history-v1,page_view,2026-08-10T13:56:20+08:00,2026-08-10T13:57:32+08:00,home,desktop,browser,,
e-06-0062-page_view,s-06-0062,anon-0019-6,guide-faq,history-v1,page_view,2026-08-05T06:46:21+08:00,2026-08-04T22:46:58+00:00,home,mobile,browser,,
e-04-0236-read_end,s-04-0236,anon-0091-4,guide-map,history-v1,read_end,2026-08-14T21:22:37+08:00,2026-08-14T13:23:43+00:00,search,desktop,browser,164,93
e-03-0122-page_view,s-03-0122,anon-0052-3,guide-remote,history-v1,page_view,2026-08-08T05:14:41+08:00,2026-08-07T21:15:45+00:00,search,desktop,browser,,
e-01-0183-page_view,s-01-0183,anon-0013-1,guide-device,history-v1,page_view,2026-08-07T14:56:25+00:00,2026-08-07T22:57:37+08:00,home,mobile,browser,,
e-07-0007-page_view,s-07-0007,anon-0003-7,guide-search,history-v1,page_view,2026-08-13T00:07:25+08:00,2026-08-13T00:07:55+08:00,direct,mobile,browser,,
e-04-0249-page_view,s-04-0249,anon-0056-4,guide-map,history-v1,page_view,2026-08-08T07:40:15+00:00,2026-08-08T15:40:23+08:00,direct,mobile,browser,,
e-00-0196-page_view,s-00-0196,anon-0030-0,guide-account,history-v1,page_view,2026-08-14T11:29:17+08:00,2026-08-14T11:30:27+08:00,campaign,desktop,browser,,
e-00-0105-read_end,s-00-0105,anon-0089-0,guide-account,history-v1,read_end,2026-08-07T12:54:50+00:00,2026-08-07T20:55:16+08:00,home,desktop,browser,133,24
e-04-0179-page_view,s-04-0179,anon-0033-4,guide-map,history-v1,page_view,2026-08-13T07:38:26+08:00,2026-08-12T23:39:30+00:00,home,mobile,browser,,
e-01-0157-page_view,s-01-0157,anon-0004-1,guide-device,history-v1,page_view,2026-08-11T08:09:04+08:00,2026-08-11T08:09:29+08:00,home,mobile,browser,,
e-00-0154-page_view,s-00-0154,anon-0076-0,guide-account,history-v1,page_view,2026-08-06T22:41:44+08:00,2026-08-06T22:42:52+08:00,home,desktop,browser,,
e-01-0082-page_view,s-01-0082,anon-0003-1,guide-device,history-v1,page_view,2026-08-06T04:47:12+08:00,2026-08-07T04:47:14+08:00,search,desktop,browser,,
e-06-0048-read_end,s-06-0048,anon-0007-6,guide-faq,history-v1,read_end,2026-08-08T20:40:35+00:00,2026-08-09T04:41:22+08:00,campaign,mobile,browser,48,73
e-03-0111-page_view,s-03-0111,anon-0049-3,guide-remote,history-v1,page_view,2026-08-01T19:41:37+00:00,2026-08-02T03:41:50+08:00,search,desktop,browser,,
e-04-0161-read_end,s-04-0161,anon-0023-4,guide-map,history-v1,read_end,2026-08-10T14:48:19+08:00,2026-08-10T06:49:46+00:00,search,desktop,browser,60,83
e-04-0016-read_end,s-04-0016,anon-0049-4,guide-map,history-v1,read_end,2026-08-03T14:10:47+08:00,2026-08-03T14:11:47+08:00,campaign,mobile,browser,158,100
e-05-0013-page_view,s-05-0013,anon-0028-5,guide-permission,history-v1,page_view,2026-08-10T21:05:40+08:00,2026-08-10T21:05:51+08:00,search,desktop,browser,,
e-01-0119-page_view,s-01-0119,anon-0058-1,guide-device,history-v1,page_view,2026-08-03T22:15:35+08:00,2026-08-03T14:16:18+00:00,search,mobile,browser,,
e-01-0120-read_end,s-01-0120,anon-0015-1,guide-device,history-v1,read_end,2026-08-07T07:16:22+00:00,2026-08-07T15:17:27+08:00,home,desktop,browser,176,29
e-06-0028-page_view,s-06-0028,anon-0029-6,guide-faq,history-v1,page_view,2026-08-10T12:46:53+08:00,2026-08-10T12:47:31+08:00,home,desktop,browser,,
e-00-0044-page_view,s-00-0044,anon-0072-0,guide-account,history-v1,page_view,2026-08-04T13:17:22+08:00,2026-08-04T05:18:10+00:00,search,mobile,browser,,
e-05-0049-page_view,s-05-0049,anon-0028-5,guide-permission,history-v1,page_view,2026-08-12T02:56:38+08:00,2026-08-12T02:57:19+08:00,search,desktop,browser,,
e-03-0104-page_view,s-03-0104,anon-0044-3,guide-remote,history-v1,page_view,2026-08-04T19:05:16+08:00,2026-08-04T11:05:18+00:00,home,desktop,browser,,
e-04-0288-read_end,s-04-0288,anon-0160-4,guide-map,history-v1,read_end,2026-08-03T19:56:46+00:00,2026-08-04T03:57:12+08:00,search,desktop,browser,210,92
e-00-0221-page_view,s-00-0221,anon-0055-0,guide-account,history-v1,page_view,2026-08-11T11:57:14+08:00,2026-08-11T03:58:40+00:00,direct,desktop,browser,,
e-04-0228-read_end,s-04-0228,anon-0038-4,guide-map,history-v1,read_end,2026-08-07T14:56:02+00:00,2026-08-07T22:57:32+08:00,search,desktop,browser,49,79
e-04-0013-page_view,s-04-0013,anon-0164-4,guide-map,history-v1,page_view,2026-08-08T16:45:10+08:00,2026-08-08T16:45:45+08:00,home,desktop,browser,,
e-00-0226-page_view,s-00-0226,anon-0054-0,guide-account,history-v1,page_view,2026-08-10T12:56:57+08:00,2026-08-10T12:57:29+08:00,home,desktop,browser,,
e-00-0007-page_view,s-00-0007,anon-0022-0,guide-account,history-v1,page_view,2026-08-09T01:19:18+08:00,2026-08-09T01:20:41+08:00,campaign,desktop,browser,,
e-04-0017-page_view,s-04-0017,anon-0104-4,guide-map,history-v1,page_view,2026-08-08T14:39:45+08:00,2026-08-08T06:40:18+00:00,direct,desktop,browser,,
e-00-0027-page_view,s-00-0027,anon-0094-0,guide-account,history-v1,page_view,2026-08-12T04:36:25+00:00,2026-08-12T12:37:25+08:00,search,desktop,browser,,
e-01-0038-page_view,s-01-0038,anon-0028-1,guide-device,history-v1,page_view,2026-08-09T20:58:49+08:00,2026-08-09T12:59:04+00:00,search,mobile,browser,,
e-06-0024-page_view,s-06-0024,anon-0012-6,guide-faq,history-v1,page_view,2026-08-07T03:03:12+00:00,2026-08-07T11:03:48+08:00,search,desktop,browser,,
e-01-0033-page_view,s-01-0033,anon-0028-1,guide-device,history-v1,page_view,2026-08-11T17:01:11+00:00,2026-08-12T01:01:57+08:00,home,mobile,browser,,
e-01-0109-read_end,s-01-0109,anon-0068-1,guide-device,history-v1,read_end,2026-08-02T20:16:29+08:00,2026-08-02T20:16:51+08:00,home,mobile,browser,176,52
crawler-0157,crawl-157,,guide-map,history-v1,page_view,2026-08-08T16:34:01+00:00,2026-08-08T16:34:02+00:00,campaign,desktop,crawler,,
e-03-0139-page_view,s-03-0139,anon-0038-3,guide-remote,history-v1,page_view,2026-08-14T23:19:48+08:00,2026-08-14T23:20:07+08:00,home,desktop,browser,,
crawler-0095,crawl-95,,guide-map,history-v1,page_view,2026-08-08T16:20:35+00:00,2026-08-08T16:20:36+00:00,campaign,desktop,crawler,,
e-04-0187-read_end,s-04-0187,anon-0036-4,guide-map,history-v1,read_end,2026-08-10T19:56:47+08:00,2026-08-10T19:57:07+08:00,campaign,desktop,browser,232,38
e-04-0286-read_end,s-04-0286,anon-0071-4,guide-map,history-v1,read_end,2026-08-01T16:13:13+08:00,2026-08-01T16:13:55+08:00,search,mobile,browser,175,78
e-00-0237-page_view,s-00-0237,anon-0041-0,guide-account,history-v1,page_view,2026-08-07T00:22:25+00:00,2026-08-07T08:22:35+08:00,search,desktop,browser,,
e-03-0027-page_view,s-03-0027,anon-0042-3,guide-remote,history-v1,page_view,2026-08-07T15:14:28+00:00,2026-08-07T23:15:16+08:00,search,desktop,browser,,
e-00-0241-page_view,s-00-0241,anon-0013-0,guide-account,history-v1,page_view,2026-08-14T11:01:22+08:00,2026-08-14T11:02:03+08:00,home,desktop,browser,,
crawler-0056,crawl-56,,guide-map,history-v1,page_view,2026-08-08T16:12:08+00:00,2026-08-08T16:12:09+00:00,campaign,desktop,crawler,,
e-04-0193-read_end,s-04-0193,anon-0014-4,guide-map,history-v1,read_end,2026-08-03T13:48:42+08:00,2026-08-03T13:49:13+08:00,search,mobile,browser,92,83
e-03-0101-page_view,s-03-0101,anon-0015-3,guide-remote,history-v1,page_view,2026-08-02T14:04:58+08:00,2026-08-02T06:05:00+00:00,search,desktop,browser,,
e-00-0011-read_end,s-00-0011,anon-0038-0,guide-account,history-v1,read_end,2026-08-03T09:57:02+08:00,2026-08-03T01:58:05+00:00,search,mobile,browser,3,40
e-06-0064-read_end,s-06-0064,anon-0014-6,guide-faq,history-v1,read_end,2026-08-03T10:02:57+08:00,2026-08-03T10:03:54+08:00,search,mobile,browser,162,78
e-01-0069-read_end,s-01-0069,anon-0015-1,guide-device,history-v1,read_end,2026-08-09T17:45:24+00:00,2026-08-10T01:46:41+08:00,search,desktop,browser,158,11
e-03-0127-page_view,s-03-0127,anon-0051-3,guide-remote,history-v1,page_view,2026-08-01T20:46:00+08:00,2026-08-01T20:46:41+08:00,search,desktop,browser,,
e-04-0057-read_end,s-04-0057,anon-0125-4,guide-map,history-v1,read_end,2026-08-04T17:10:53+00:00,2026-08-05T01:12:05+08:00,search,desktop,browser,115,72
crawler-0123,crawl-123,,guide-map,history-v1,page_view,2026-08-08T16:26:39+00:00,2026-08-08T16:26:40+00:00,campaign,desktop,crawler,,
e-04-0095-read_end,s-04-0095,anon-0093-4,guide-map,history-v1,read_end,2026-08-04T09:21:23+08:00,2026-08-04T01:22:47+00:00,direct,desktop,browser,66,74
e-03-0148-page_view,s-03-0148,anon-0004-3,guide-remote,history-v1,page_view,2026-08-02T09:02:38+08:00,2026-08-02T09:02:51+08:00,home,mobile,browser,,
crawler-0026,crawl-26,,guide-map,history-v1,page_view,2026-08-08T16:05:38+00:00,2026-08-08T16:05:39+00:00,campaign,desktop,crawler,,
e-03-0077-page_view,s-03-0077,anon-0008-3,guide-remote,history-v1,page_view,2026-08-01T10:47:32+08:00,2026-08-01T02:48:39+00:00,search,mobile,browser,,
e-05-0066-page_view,s-05-0066,anon-0042-5,guide-permission,history-v1,page_view,2026-08-06T05:36:20+00:00,2026-08-06T13:37:38+08:00,home,desktop,browser,,
e-00-0184-read_end,s-00-0184,anon-0107-0,guide-account,history-v1,read_end,2026-08-01T08:47:26+08:00,2026-08-01T08:48:19+08:00,search,desktop,browser,221,32
e-02-0090-page_view,s-02-0090,anon-0039-2,guide-expense,history-v1,page_view,2026-08-12T18:17:15+00:00,2026-08-13T02:17:17+08:00,search,mobile,browser,,
e-01-0077-read_end,s-01-0077,anon-0032-1,guide-device,history-v1,read_end,2026-08-11T14:35:10+08:00,2026-08-11T06:36:24+00:00,campaign,desktop,browser,162,95
e-05-0063-read_end,s-05-0063,,guide-permission,history-v1,read_end,2026-08-12T15:36:15+00:00,2026-08-12T23:37:24+08:00,search,mobile,browser,162,12
e-04-0313-page_view,s-04-0313,anon-0125-4,guide-map,history-v1,page_view,2026-08-01T02:14:50+08:00,2026-08-01T02:15:07+08:00,search,mobile,browser,,
crawler-0087,crawl-87,,guide-map,history-v1,page_view,2026-08-08T16:18:51+00:00,2026-08-08T16:18:52+00:00,campaign,desktop,crawler,,
e-00-0017-read_end,s-00-0017,anon-0081-0,guide-account,history-v1,read_end,2026-08-04T16:53:56+08:00,2026-08-04T08:54:58+00:00,search,mobile,browser,154,47
e-03-0003-page_view,s-03-0003,anon-0014-3,guide-remote,history-v1,page_view,2026-08-09T22:51:44+00:00,2026-08-10T06:51:50+08:00,search,desktop,browser,,
e-00-0112-page_view,s-00-0112,anon-0075-0,guide-account,history-v1,page_view,2026-08-07T04:02:05+08:00,2026-08-07T04:02:06+08:00,home,mobile,browser,,
e-04-0031-page_view,s-04-0031,anon-0073-4,guide-map,history-v1,page_view,2026-08-05T11:44:10+08:00,2026-08-05T11:44:14+08:00,campaign,desktop,browser,,
e-05-0102-read_end,s-05-0102,anon-0035-5,guide-permission,history-v1,read_end,2026-08-02T23:57:48+00:00,2026-08-03T07:58:47+08:00,home,mobile,browser,33,88
e-00-0033-read_end,s-00-0033,anon-0082-0,guide-account,history-v1,read_end,2026-08-11T11:23:08+00:00,2026-08-11T19:23:41+08:00,search,desktop,browser,44,11
e-01-0061-read_end,s-01-0061,anon-0025-1,guide-device,history-v1,read_end,2026-08-10T16:19:04+08:00,2026-08-10T16:20:14+08:00,search,desktop,browser,108,33
e-04-0178-read_end,s-04-0178,,guide-map,history-v1,read_end,2026-08-14T15:05:25+08:00,2026-08-14T15:05:54+08:00,campaign,mobile,browser,119,95
e-03-0090-read_end,s-03-0090,anon-0035-3,guide-remote,history-v1,read_end,2026-08-07T16:13:17+00:00,2026-08-08T00:13:37+08:00,search,desktop,browser,33,17
e-01-0173-page_view,s-01-0173,anon-0066-1,guide-device,history-v1,page_view,2026-08-06T07:06:05+08:00,2026-08-05T23:06:32+00:00,home,mobile,browser,,
e-04-0080-page_view,s-04-0080,anon-0024-4,guide-map,history-v1,page_view,2026-08-03T20:49:16+08:00,2026-08-03T12:49:31+00:00,search,desktop,browser,,
crawler-0173,crawl-173,,guide-map,history-v1,page_view,2026-08-08T16:37:29+00:00,2026-08-08T16:37:30+00:00,campaign,desktop,crawler,,
e-04-0193-page_view,s-04-0193,anon-0014-4,guide-map,history-v1,page_view,2026-08-03T13:47:10+08:00,2026-08-03T13:48:27+08:00,search,mobile,browser,,
e-01-0009-read_end,s-01-0009,anon-0001-1,guide-device,history-v1,read_end,2026-08-12T16:50:48+00:00,2026-08-13T00:51:10+08:00,direct,desktop,browser,153,30
e-04-0239-page_view,s-04-0239,anon-0059-4,guide-map,history-v1,page_view,2026-08-07T00:15:35+08:00,2026-08-06T16:15:38+00:00,search,desktop,browser,,
e-01-0103-page_view,s-01-0103,anon-0019-1,guide-device,history-v1,page_view,2026-08-03T05:42:57+08:00,2026-08-03T05:44:26+08:00,direct,desktop,browser,,
e-02-0000-read_end,s-02-0000,anon-0011-2,guide-expense,history-v1,read_end,2026-08-02T11:28:19+00:00,2026-08-03T19:29:14+08:00,search,desktop,browser,141,75
e-02-0025-page_view,s-02-0025,anon-0033-2,guide-expense,history-v1,page_view,2026-08-11T09:37:18+08:00,2026-08-11T09:38:10+08:00,search,desktop,browser,,
e-01-0147-page_view,s-01-0147,anon-0051-1,guide-device,history-v1,page_view,2026-08-02T15:07:27+00:00,2026-08-02T23:08:24+08:00,home,mobile,browser,,
crawler-0137,crawl-137,,guide-map,history-v1,page_view,2026-08-08T16:29:41+00:00,2026-08-08T16:29:42+00:00,campaign,desktop,crawler,,
e-03-0053-page_view,s-03-0053,anon-0036-3,guide-remote,history-v1,page_view,2026-08-07T01:18:05+08:00,2026-08-06T17:18:55+00:00,home,desktop,browser,,
e-03-0078-page_view,s-03-0078,anon-0065-3,guide-remote,history-v1,page_view,2026-08-05T23:23:14+00:00,2026-08-06T07:24:32+08:00,direct,desktop,browser,,
e-04-0080-read_end,s-04-0080,anon-0024-4,guide-map,history-v1,read_end,2026-08-03T20:51:20+08:00,2026-08-03T12:52:49+00:00,search,desktop,browser,124,97
e-01-0108-read_end,s-01-0108,anon-0065-1,guide-device,history-v1,read_end,2026-08-01T00:29:21+00:00,2026-08-01T08:30:13+08:00,direct,desktop,browser,88,95
e-04-0003-page_view,s-04-0003,anon-0123-4,guide-map,history-v1,page_view,2026-08-09T12:29:06+00:00,2026-08-09T20:30:05+08:00,search,mobile,browser,,
e-01-0143-read_end,s-01-0143,anon-0002-1,guide-device,history-v1,read_end,2026-08-09T14:06:22+08:00,2026-08-09T06:07:13+00:00,home,desktop,browser,26,25
e-03-0052-page_view,s-03-0052,,guide-remote,history-v1,page_view,2026-08-04T03:57:17+08:00,2026-08-04T03:57:18+08:00,direct,desktop,browser,,
e-06-0038-read_end,s-06-0038,anon-0013-6,guide-faq,history-v1,read_end,2026-08-01T17:49:37+08:00,2026-08-01T09:49:53+00:00,search,mobile,browser,167,80
e-05-0082-read_end,s-05-0082,anon-0005-5,guide-permission,history-v1,read_end,2026-08-07T12:02:36+08:00,2026-08-08T12:02:42+08:00,campaign,desktop,browser,182,9
e-00-0007-read_end,s-00-0007,anon-0022-0,guide-account,history-v1,read_end,2026-08-09T01:21:43+08:00,2026-08-09T01:21:47+08:00,campaign,desktop,browser,145,84
e-02-0084-page_view,s-02-0084,anon-0002-2,guide-expense,history-v1,page_view,2026-08-05T00:46:23+00:00,2026-08-05T08:46:30+08:00,direct,desktop,browser,,
e-04-0275-page_view,s-04-0275,anon-0097-4,guide-map,history-v1,page_view,2026-08-04T16:23:25+08:00,2026-08-04T08:24:37+00:00,direct,desktop,browser,,
e-01-0028-read_end,s-01-0028,anon-0086-1,guide-device,history-v1,read_end,2026-08-02T09:09:54+08:00,2026-08-02T09:10:22+08:00,direct,desktop,browser,3,78
e-05-0105-page_view,s-05-0105,anon-0009-5,guide-permission,history-v1,page_view,2026-08-01T14:03:25+00:00,2026-08-01T22:03:39+08:00,search,mobile,browser,,
e-01-0167-page_view,s-01-0167,anon-0040-1,guide-device,history-v1,page_view,2026-08-14T01:29:50+08:00,2026-08-13T17:30:02+00:00,home,desktop,browser,,
e-04-0183-page_view,s-04-0183,anon-0089-4,guide-map,history-v1,page_view,2026-08-12T23:15:06+00:00,2026-08-13T07:15:56+08:00,home,desktop,browser,,
e-00-0247-page_view,s-00-0247,anon-0076-0,guide-account,history-v1,page_view,2026-08-13T21:12:02+08:00,2026-08-13T21:13:28+08:00,search,mobile,browser,,
e-02-0068-read_end,s-02-0068,anon-0029-2,guide-expense,history-v1,read_end,2026-08-14T11:51:55+08:00,2026-08-14T03:52:59+00:00,home,mobile,browser,86,10
e-01-0038-read_end,s-01-0038,anon-0028-1,guide-device,history-v1,read_end,2026-08-09T21:01:07+08:00,2026-08-09T13:01:32+00:00,search,mobile,browser,138,79
e-02-0039-page_view,s-02-0039,anon-0038-2,guide-expense,history-v1,page_view,2026-08-09T12:19:09+00:00,2026-08-09T20:20:13+08:00,search,desktop,browser,,
e-06-0054-read_end,s-06-0054,anon-0011-6,guide-faq,history-v1,read_end,2026-08-07T15:45:50+00:00,2026-08-07T23:46:15+08:00,home,mobile,browser,155,100
e-04-0322-read_end,s-04-0322,anon-0160-4,guide-map,history-v1,read_end,2026-08-10T07:28:03+08:00,2026-08-10T07:29:33+08:00,campaign,mobile,browser,217,77
e-03-0140-page_view,s-03-0140,anon-0034-3,guide-remote,history-v1,page_view,2026-08-02T04:47:33+08:00,2026-08-01T20:48:08+00:00,search,mobile,browser,,
e-06-0046-read_end,s-06-0046,anon-0018-6,guide-faq,history-v1,read_end,2026-08-10T22:17:57+08:00,2026-08-10T22:19:24+08:00,search,mobile,browser,179,79
e-04-0256-read_end,s-04-0256,anon-0114-4,guide-map,history-v1,read_end,2026-08-06T02:03:04+08:00,2026-08-06T02:04:13+08:00,search,mobile,browser,48,81
e-04-0252-page_view,s-04-0252,anon-0041-4,guide-map,history-v1,page_view,2026-08-01T12:45:36+00:00,2026-08-01T20:45:50+08:00,campaign,mobile,browser,,
crawler-0106,crawl-106,,guide-map,history-v1,page_view,2026-08-08T16:22:58+00:00,2026-08-08T16:22:59+00:00,campaign,desktop,crawler,,
e-04-0008-page_view,s-04-0008,,guide-map,history-v1,page_view,2026-08-05T12:18:29+08:00,2026-08-05T04:19:00+00:00,home,mobile,browser,,
e-01-0148-read_end,s-01-0148,anon-0010-1,guide-device,history-v1,read_end,2026-08-02T08:28:37+08:00,2026-08-02T08:29:48+08:00,search,desktop,browser,271,47
e-04-0266-page_view,s-04-0266,anon-0145-4,guide-map,history-v1,page_view,2026-08-14T14:02:12+08:00,2026-08-14T06:03:22+00:00,direct,desktop,browser,,
e-05-0080-page_view,s-05-0080,anon-0044-5,guide-permission,history-v1,page_view,2026-08-13T09:40:25+08:00,2026-08-13T01:41:08+00:00,search,desktop,browser,,
e-04-0294-page_view,s-04-0294,anon-0013-4,guide-map,history-v1,page_view,2026-08-01T10:30:39+00:00,2026-08-01T18:31:38+08:00,search,desktop,browser,,
e-00-0222-page_view,s-00-0222,anon-0088-0,guide-account,history-v1,page_view,2026-08-14T12:31:02+00:00,2026-08-14T20:32:15+08:00,direct,mobile,browser,,
e-03-0143-read_end,s-03-0143,anon-0030-3,guide-remote,history-v1,read_end,2026-08-06T05:12:49+08:00,2026-08-05T21:13:25+00:00,direct,desktop,browser,144,98
e-02-0069-page_view,s-02-0069,anon-0010-2,guide-expense,history-v1,page_view,2026-08-01T05:50:52+00:00,2026-08-01T13:52:08+08:00,direct,mobile,browser,,
e-06-0033-read_end,s-06-0033,anon-0008-6,guide-faq,history-v1,read_end,2026-08-01T09:51:01+00:00,2026-08-01T17:51:43+08:00,search,mobile,browser,73,83
e-00-0144-page_view,s-00-0144,anon-0114-0,guide-account,history-v1,page_view,2026-08-02T15:05:48+00:00,2026-08-02T23:06:40+08:00,direct,mobile,browser,,
e-04-0162-page_view,s-04-0162,anon-0020-4,guide-map,history-v1,page_view,2026-08-02T16:26:06+00:00,2026-08-03T00:26:25+08:00,campaign,mobile,browser,,
e-03-0159-read_end,s-03-0159,anon-0056-3,guide-remote,history-v1,read_end,2026-08-10T08:30:42+00:00,2026-08-10T16:32:11+08:00,search,desktop,browser,79,53
e-05-0087-page_view,s-05-0087,anon-0031-5,guide-permission,history-v1,page_view,2026-08-04T17:31:45+00:00,2026-08-05T01:32:02+08:00,search,mobile,browser,,
e-03-0110-read_end,s-03-0110,anon-0031-3,guide-remote,history-v1,read_end,2026-08-06T11:36:52+08:00,2026-08-06T03:37:23+00:00,home,desktop,browser,146,5
e-04-0102-read_end,s-04-0102,anon-0020-4,guide-map,history-v1,read_end,2026-08-04T01:32:25+00:00,2026-08-04T09:32:47+08:00,direct,mobile,browser,3,92
e-01-0058-read_end,s-01-0058,anon-0048-1,guide-device,history-v1,read_end,2026-08-04T19:11:39+08:00,2026-08-04T19:11:45+08:00,direct,desktop,browser,137,54
e-04-0005-page_view,s-04-0005,,guide-map,history-v1,page_view,2026-08-10T23:13:47+08:00,2026-08-10T15:15:16+00:00,direct,desktop,browser,,
e-02-0022-page_view,s-02-0022,anon-0016-2,guide-expense,history-v1,page_view,2026-08-13T15:41:54+08:00,2026-08-13T15:41:58+08:00,campaign,mobile,browser,,
e-00-0140-read_end,s-00-0140,anon-0064-0,guide-account,history-v1,read_end,2026-08-14T09:48:31+08:00,2026-08-14T01:49:42+00:00,search,mobile,browser,39,6
e-00-0217-page_view,s-00-0217,anon-0020-0,guide-account,history-v1,page_view,2026-08-09T17:31:47+08:00,2026-08-09T17:33:07+08:00,home,desktop,browser,,
e-04-0190-page_view,s-04-0190,anon-0096-4,guide-map,history-v1,page_view,2026-08-13T13:22:44+08:00,2026-08-13T13:23:53+08:00,campaign,desktop,browser,,
e-00-0158-read_end,s-00-0158,,guide-account,history-v1,read_end,2026-08-06T22:51:22+08:00,2026-08-06T14:51:40+00:00,search,desktop,browser,47,21
e-05-0039-page_view,s-05-0039,anon-0005-5,guide-permission,history-v1,page_view,2026-08-07T05:27:57+00:00,2026-08-07T13:28:32+08:00,direct,desktop,browser,,
e-00-0124-page_view,s-00-0124,anon-0068-0,guide-account,history-v1,page_view,2026-08-09T07:46:15+08:00,2026-08-09T07:46:26+08:00,home,desktop,browser,,
e-03-0066-read_end,s-03-0066,anon-0037-3,guide-remote,history-v1,read_end,2026-08-01T03:48:29+00:00,2026-08-01T11:49:08+08:00,campaign,mobile,browser,18,30
e-03-0001-read_end,s-03-0001,,guide-remote,history-v1,read_end,2026-08-05T15:44:03+08:00,2026-08-05T15:44:28+08:00,search,desktop,browser,90,35
e-03-0125-page_view,s-03-0125,anon-0050-3,guide-remote,history-v1,page_view,2026-08-12T10:36:12+08:00,2026-08-12T02:37:06+00:00,search,desktop,browser,,
e-03-0156-page_view,s-03-0156,anon-0076-3,guide-remote,history-v1,page_view,2026-08-07T17:10:28+00:00,2026-08-08T01:11:04+08:00,search,desktop,browser,,
e-02-0072-page_view,s-02-0072,anon-0016-2,guide-expense,history-v1,page_view,2026-08-05T04:01:30+00:00,2026-08-05T12:01:47+08:00,search,mobile,browser,,
e-00-0195-read_end,s-00-0195,anon-0096-0,guide-account,history-v1,read_end,2026-08-11T10:03:24+00:00,2026-08-11T18:03:33+08:00,search,mobile,browser,130,99
e-00-0101-read_end,s-00-0101,anon-0076-0,guide-account,history-v1,read_end,2026-08-14T12:07:41+08:00,2026-08-14T04:08:01+00:00,direct,desktop,browser,3,81
e-03-0057-read_end,s-03-0057,anon-0042-3,guide-remote,history-v1,read_end,2026-08-02T19:39:35+00:00,2026-08-03T03:41:02+08:00,search,mobile,browser,17,16
e-04-0184-page_view,s-04-0184,anon-0127-4,guide-map,history-v1,page_view,2026-08-13T03:10:48+08:00,2026-08-13T03:12:09+08:00,home,mobile,browser,,
e-03-0142-page_view,s-03-0142,anon-0059-3,guide-remote,history-v1,page_view,2026-08-07T04:18:42+08:00,2026-08-07T04:20:07+08:00,search,desktop,browser,,
crawler-0107,crawl-107,,guide-map,history-v1,page_view,2026-08-08T16:23:11+00:00,2026-08-08T16:23:12+00:00,campaign,desktop,crawler,,
e-04-0139-read_end,s-04-0139,anon-0011-4,guide-map,history-v1,read_end,2026-08-10T07:36:26+08:00,2026-08-10T07:37:36+08:00,search,desktop,browser,106,32
e-04-0167-read_end,s-04-0167,anon-0126-4,guide-map,history-v1,read_end,2026-08-07T18:40:12+08:00,2026-08-07T10:40:49+00:00,home,desktop,browser,128,19
e-05-0042-read_end,s-05-0042,anon-0033-5,guide-permission,history-v1,read_end,2026-08-14T12:47:32+00:00,2026-08-14T20:48:49+08:00,search,desktop,browser,3,89
e-05-0039-read_end,s-05-0039,anon-0005-5,guide-permission,history-v1,read_end,2026-08-07T05:30:03+00:00,2026-08-07T13:31:04+08:00,direct,desktop,browser,126,11
e-01-0008-read_end,s-01-0008,anon-0057-1,guide-device,history-v1,read_end,2026-08-14T21:19:17+08:00,2026-08-14T13:19:47+00:00,search,desktop,browser,207,81
e-05-0086-read_end,s-05-0086,anon-0035-5,guide-permission,history-v1,read_end,2026-08-04T11:04:53+08:00,2026-08-04T03:05:32+00:00,home,mobile,browser,19,78
e-01-0121-read_end,s-01-0121,anon-0007-1,guide-device,history-v1,read_end,2026-08-09T08:27:47+08:00,2026-08-09T08:28:45+08:00,search,mobile,browser,113,21
e-00-0195-page_view,s-00-0195,anon-0096-0,guide-account,history-v1,page_view,2026-08-11T10:01:14+00:00,2026-08-11T18:02:05+08:00,search,mobile,browser,,
crawler-0177,crawl-177,,guide-map,history-v1,page_view,2026-08-08T16:38:21+00:00,2026-08-08T16:38:22+00:00,campaign,desktop,crawler,,
e-03-0077-read_end,s-03-0077,anon-0008-3,guide-remote,history-v1,read_end,2026-08-01T10:47:39+08:00,2026-08-01T02:48:42+00:00,search,mobile,browser,7,6
e-03-0147-page_view,s-03-0147,anon-0075-3,guide-remote,history-v1,page_view,2026-08-10T08:54:00+00:00,2026-08-10T16:54:37+08:00,search,mobile,browser,,
e-04-0326-read_end,s-04-0326,anon-0108-4,guide-map,history-v1,read_end,2026-08-08T12:46:19+08:00,2026-08-08T04:46:50+00:00,campaign,mobile,browser,193,72
e-03-0107-read_end,s-03-0107,anon-0040-3,guide-remote,history-v1,read_end,2026-08-06T09:58:06+08:00,2026-08-06T01:59:13+00:00,home,mobile,browser,8,19
e-01-0149-page_view,s-01-0149,anon-0086-1,guide-device,history-v1,page_view,2026-08-09T08:52:25+08:00,2026-08-09T00:53:02+00:00,search,desktop,browser,,
e-04-0277-page_view,s-04-0277,anon-0101-4,guide-map,history-v1,page_view,2026-08-12T12:44:26+08:00,2026-08-12T12:45:14+08:00,search,desktop,browser,,
e-00-0132-page_view,s-00-0132,anon-0056-0,guide-account,history-v1,page_view,2026-08-11T20:36:39+00:00,2026-08-12T04:37:18+08:00,search,mobile,browser,,
e-00-0137-read_end,s-00-0137,anon-0109-0,guide-account,history-v1,read_end,2026-08-12T15:39:43+08:00,2026-08-12T07:40:06+00:00,search,desktop,browser,160,80
e-05-0044-read_end,s-05-0044,anon-0023-5,guide-permission,history-v1,read_end,2026-08-12T13:24:37+08:00,2026-08-12T05:26:02+00:00,direct,desktop,browser,198,50
e-01-0026-page_view,s-01-0026,anon-0069-1,guide-device,history-v1,page_view,2026-08-12T03:12:10+08:00,2026-08-11T19:12:44+00:00,home,mobile,browser,,
e-05-0009-read_end,s-05-0009,,guide-permission,history-v1,read_end,2026-08-09T16:55:00+00:00,2026-08-10T00:55:04+08:00,home,mobile,browser,126,93
e-04-0041-page_view,s-04-0041,anon-0017-4,guide-map,history-v1,page_view,2026-08-13T04:59:22+08:00,2026-08-13T21:00:41+00:00,campaign,mobile,browser,,
e-06-0002-page_view,s-06-0002,anon-0013-6,guide-faq,history-v1,page_view,2026-08-09T12:50:11+08:00,2026-08-09T04:51:19+00:00,search,desktop,browser,,
e-01-0033-read_end,s-01-0033,anon-0028-1,guide-device,history-v1,read_end,2026-08-11T17:04:23+00:00,2026-08-12T01:04:27+08:00,home,mobile,browser,192,72
e-00-0200-page_view,s-00-0200,anon-0085-0,guide-account,history-v1,page_view,2026-08-13T11:02:37+08:00,2026-08-13T03:03:17+00:00,home,desktop,browser,,
e-00-0116-read_end,s-00-0116,anon-0037-0,guide-account,history-v1,read_end,2026-08-02T17:36:24+08:00,2026-08-02T09:37:30+00:00,campaign,desktop,browser,3,95
e-00-0101-page_view,s-00-0101,anon-0076-0,guide-account,history-v1,page_view,2026-08-14T12:07:38+08:00,2026-08-14T04:08:42+00:00,direct,desktop,browser,,
e-03-0122-read_end,s-03-0122,anon-0052-3,guide-remote,history-v1,read_end,2026-08-08T05:16:39+08:00,2026-08-07T21:17:40+00:00,search,desktop,browser,118,24
e-01-0079-page_view,s-01-0079,anon-0008-1,guide-device,history-v1,page_view,2026-08-08T16:04:45+08:00,2026-08-08T16:04:55+08:00,search,desktop,browser,,
e-00-0148-page_view,s-00-0148,,guide-account,history-v1,page_view,2026-08-05T09:33:41+08:00,2026-08-05T09:33:56+08:00,search,desktop,browser,,
e-04-0115-page_view,s-04-0115,,guide-map,history-v1,page_view,2026-08-07T01:26:19+08:00,2026-08-07T01:27:16+08:00,home,mobile,browser,,
e-01-0176-page_view,s-01-0176,anon-0074-1,guide-device,history-v1,page_view,2026-08-02T13:12:36+08:00,2026-08-02T05:14:06+00:00,search,desktop,browser,,
e-03-0053-read_end,s-03-0053,anon-0036-3,guide-remote,history-v1,read_end,2026-08-07T01:19:06+08:00,2026-08-06T17:19:16+00:00,home,desktop,browser,61,80
e-01-0026-read_end,s-01-0026,anon-0069-1,guide-device,history-v1,read_end,2026-08-12T03:13:27+08:00,2026-08-11T19:14:13+00:00,home,mobile,browser,77,93
e-00-0107-read_end,s-00-0107,anon-0014-0,guide-account,history-v1,read_end,2026-08-02T22:30:17+08:00,2026-08-02T14:30:20+00:00,search,desktop,browser,87,98
e-04-0265-page_view,s-04-0265,anon-0076-4,guide-map,history-v1,page_view,2026-08-12T20:21:52+08:00,2026-08-12T20:22:38+08:00,campaign,desktop,browser,,
e-06-0029-read_end,s-06-0029,anon-0004-6,guide-faq,history-v1,read_end,2026-08-05T05:59:19+08:00,2026-08-04T22:00:38+00:00,direct,desktop,browser,15,98
e-01-0156-read_end,s-01-0156,anon-0087-1,guide-device,history-v1,read_end,2026-08-12T11:27:22+00:00,2026-08-12T19:28:33+08:00,home,mobile,browser,178,36
e-00-0181-page_view,s-00-0181,anon-0019-0,guide-account,history-v1,page_view,2026-08-07T13:32:37+08:00,2026-08-07T13:33:26+08:00,home,desktop,browser,,
e-00-0179-page_view,s-00-0179,anon-0015-0,guide-account,history-v1,page_view,2026-08-06T07:18:22+08:00,2026-08-05T23:18:23+00:00,search,mobile,browser,,
e-05-0093-read_end,s-05-0093,anon-0011-5,guide-permission,history-v1,read_end,2026-08-09T05:12:45+00:00,2026-08-09T13:13:01+08:00,search,desktop,browser,119,83
e-02-0002-page_view,s-02-0002,,guide-expense,history-v1,page_view,2026-08-06T14:52:52+08:00,2026-08-06T06:54:18+00:00,search,desktop,browser,,
e-00-0188-read_end,s-00-0188,anon-0005-0,guide-account,history-v1,read_end,2026-08-12T14:11:14+08:00,2026-08-12T06:12:16+00:00,direct,mobile,browser,3,96
e-04-0329-read_end,s-04-0329,anon-0150-4,guide-map,history-v1,read_end,2026-08-09T14:25:59+08:00,2026-08-09T06:27:02+00:00,campaign,desktop,browser,108,6
e-04-0183-read_end,s-04-0183,anon-0089-4,guide-map,history-v1,read_end,2026-08-12T23:15:21+00:00,2026-08-13T07:16:22+08:00,home,desktop,browser,15,85
e-04-0213-page_view,s-04-0213,anon-0089-4,guide-map,history-v1,page_view,2026-08-13T20:16:47+00:00,2026-08-14T04:18:16+08:00,direct,desktop,browser,,
e-00-0250-read_end,s-00-0250,,guide-account,history-v1,read_end,2026-08-08T09:22:10+08:00,2026-08-08T09:22:39+08:00,direct,desktop,browser,79,10
e-04-0182-page_view,s-04-0182,anon-0101-4,guide-map,history-v1,page_view,2026-08-04T17:35:23+08:00,2026-08-04T09:35:33+00:00,campaign,mobile,browser,,
crawler-0061,crawl-61,,guide-map,history-v1,page_view,2026-08-08T16:13:13+00:00,2026-08-08T16:13:14+00:00,campaign,desktop,crawler,,
crawler-0028,crawl-28,,guide-map,history-v1,page_view,2026-08-08T16:06:04+00:00,2026-08-08T16:06:05+00:00,campaign,desktop,crawler,,
e-01-0105-page_view,s-01-0105,anon-0081-1,guide-device,history-v1,page_view,2026-08-02T21:09:24+00:00,2026-08-03T05:10:06+08:00,search,mobile,browser,,
e-00-0240-read_end,s-00-0240,anon-0000-0,guide-account,history-v1,read_end,2026-08-10T17:26:27+00:00,2026-08-11T01:27:54+08:00,search,desktop,browser,119,26
e-00-0183-read_end,s-00-0183,anon-0094-0,guide-account,history-v1,read_end,2026-08-04T14:44:09+00:00,2026-08-04T22:44:59+08:00,search,mobile,browser,136,76
e-07-0002-read_end,s-07-0002,anon-0006-7,guide-search,history-v1,read_end,2026-08-13T12:07:58+08:00,2026-08-13T04:09:06+00:00,search,desktop,browser,58,78
e-01-0134-page_view,s-01-0134,anon-0035-1,guide-device,history-v1,page_view,2026-08-10T15:14:03+08:00,2026-08-10T07:14:18+00:00,home,mobile,browser,,
e-04-0328-page_view,s-04-0328,anon-0157-4,guide-map,history-v1,page_view,2026-08-13T04:04:40+08:00,2026-08-14T04:05:37+08:00,search,mobile,browser,,
e-04-0210-read_end,s-04-0210,anon-0005-4,guide-map,history-v1,read_end,2026-08-10T12:30:18+00:00,2026-08-10T20:30:58+08:00,home,desktop,browser,171,6
e-06-0051-page_view,s-06-0051,anon-0008-6,guide-faq,history-v1,page_view,2026-08-14T08:47:28+00:00,2026-08-14T16:48:31+08:00,home,desktop,browser,,
e-04-0246-page_view,s-04-0246,anon-0009-4,guide-map,history-v1,page_view,2026-08-01T15:58:33+00:00,2026-08-02T23:59:21+08:00,campaign,mobile,browser,,
crawler-0096,crawl-96,,guide-map,history-v1,page_view,2026-08-08T16:20:48+00:00,2026-08-08T16:20:49+00:00,campaign,desktop,crawler,,
e-05-0068-read_end,s-05-0068,anon-0024-5,guide-permission,history-v1,read_end,2026-08-09T15:39:09+08:00,2026-08-09T07:40:21+00:00,search,desktop,browser,125,46
e-05-0047-read_end,s-05-0047,anon-0005-5,guide-permission,history-v1,read_end,2026-08-08T22:24:06+08:00,2026-08-08T14:24:10+00:00,search,desktop,browser,18,86
e-05-0027-read_end,s-05-0027,anon-0014-5,guide-permission,history-v1,read_end,2026-08-13T09:25:31+00:00,2026-08-13T17:25:48+08:00,search,desktop,browser,34,94
e-00-0225-page_view,s-00-0225,anon-0049-0,guide-account,history-v1,page_view,2026-08-14T05:55:21+00:00,2026-08-14T13:56:26+08:00,home,desktop,browser,,
e-01-0161-read_end,s-01-0161,anon-0068-1,guide-device,history-v1,read_end,2026-08-12T17:54:07+08:00,2026-08-12T09:54:48+00:00,home,mobile,browser,58,46
e-01-0118-read_end,s-01-0118,anon-0055-1,guide-device,history-v1,read_end,2026-08-11T02:09:52+08:00,2026-08-11T02:10:05+08:00,search,desktop,browser,129,82
e-03-0070-page_view,s-03-0070,anon-0023-3,guide-remote,history-v1,page_view,2026-08-04T07:24:33+08:00,2026-08-04T07:24:37+08:00,search,desktop,browser,,
e-03-0102-read_end,s-03-0102,anon-0037-3,guide-remote,history-v1,read_end,2026-08-03T04:26:57+00:00,2026-08-03T12:26:59+08:00,search,desktop,browser,139,87
e-02-0087-read_end,s-02-0087,anon-0035-2,guide-expense,history-v1,read_end,2026-08-13T07:44:09+00:00,2026-08-13T15:44:19+08:00,search,desktop,browser,96,90
e-03-0052-read_end,s-03-0052,,guide-remote,history-v1,read_end,2026-08-04T03:58:01+08:00,2026-08-04T03:58:02+08:00,direct,desktop,browser,44,77
e-04-0091-page_view,s-04-0091,anon-0152-4,guide-map,history-v1,page_view,2026-08-02T15:58:12+08:00,2026-08-02T15:59:36+08:00,search,mobile,browser,,
e-01-0019-page_view,s-01-0019,anon-0087-1,guide-device,history-v1,page_view,2026-08-02T16:45:23+08:00,2026-08-02T16:46:40+08:00,search,desktop,browser,,
e-01-0057-read_end,s-01-0057,anon-0063-1,guide-device,history-v1,read_end,2026-08-14T09:50:01+00:00,2026-08-14T17:50:16+08:00,home,mobile,browser,91,30
e-01-0101-page_view,s-01-0101,anon-0049-1,guide-device,history-v1,page_view,2026-08-10T08:34:32+08:00,2026-08-10T00:35:40+00:00,campaign,mobile,browser,,
e-00-0014-page_view,s-00-0014,anon-0050-0,guide-account,history-v1,page_view,2026-08-02T08:21:48+08:00,2026-08-02T00:22:03+00:00,search,mobile,browser,,
e-01-0071-page_view,s-01-0071,anon-0009-1,guide-device,history-v1,page_view,2026-08-14T00:35:42+08:00,2026-08-13T16:36:41+00:00,campaign,desktop,browser,,
e-00-0111-read_end,s-00-0111,anon-0091-0,guide-account,history-v1,read_end,2026-08-02T20:31:42+00:00,2026-08-03T04:33:04+08:00,home,desktop,browser,96,29
e-01-0022-page_view,s-01-0022,anon-0025-1,guide-device,history-v1,page_view,2026-08-07T11:35:02+08:00,2026-08-07T11:35:08+08:00,search,mobile,browser,,
e-05-0070-page_view,s-05-0070,anon-0050-5,guide-permission,history-v1,page_view,2026-08-03T03:11:48+08:00,2026-08-03T03:12:32+08:00,search,desktop,browser,,
e-05-0093-page_view,s-05-0093,anon-0011-5,guide-permission,history-v1,page_view,2026-08-09T05:10:46+00:00,2026-08-09T13:11:01+08:00,search,desktop,browser,,
e-04-0097-page_view,s-04-0097,anon-0164-4,guide-map,history-v1,page_view,2026-08-11T12:25:31+08:00,2026-08-11T12:26:30+08:00,search,desktop,browser,,
e-04-0027-page_view,s-04-0027,anon-0130-4,guide-map,history-v1,page_view,2026-08-02T20:26:29+00:00,2026-08-03T04:27:04+08:00,direct,mobile,browser,,
e-05-0092-page_view,s-05-0092,anon-0015-5,guide-permission,history-v1,page_view,2026-08-05T14:39:44+08:00,2026-08-05T06:41:12+00:00,direct,mobile,browser,,
e-04-0140-page_view,s-04-0140,,guide-map,history-v1,page_view,2026-08-12T19:38:02+08:00,2026-08-12T11:39:11+00:00,home,desktop,browser,,
e-00-0087-read_end,s-00-0087,anon-0019-0,guide-account,history-v1,read_end,2026-08-13T10:54:21+00:00,2026-08-13T18:55:16+08:00,search,mobile,browser,203,13
e-01-0091-page_view,s-01-0091,anon-0050-1,guide-device,history-v1,page_view,2026-08-14T01:38:21+08:00,2026-08-14T01:39:18+08:00,search,desktop,browser,,
e-04-0273-page_view,s-04-0273,anon-0028-4,guide-map,history-v1,page_view,2026-08-08T10:08:09+00:00,2026-08-08T18:08:16+08:00,home,mobile,browser,,
e-06-0017-read_end,s-06-0017,anon-0010-6,guide-faq,history-v1,read_end,2026-08-04T22:04:56+08:00,2026-08-04T14:04:57+00:00,search,desktop,browser,148,19
e-00-0000-read_end,s-00-0000,anon-0033-0,guide-account,history-v1,read_end,2026-08-11T13:05:01+00:00,2026-08-12T21:05:22+08:00,home,mobile,browser,151,84
e-04-0047-page_view,s-04-0047,anon-0133-4,guide-map,history-v1,page_view,2026-08-03T00:27:53+08:00,2026-08-02T16:29:20+00:00,home,desktop,browser,,
e-04-0316-read_end,s-04-0316,anon-0097-4,guide-map,history-v1,read_end,2026-08-02T21:11:52+08:00,2026-08-02T21:12:53+08:00,campaign,desktop,browser,3,93
e-01-0162-page_view,s-01-0162,anon-0003-1,guide-device,history-v1,page_view,2026-07-31T17:31:30+00:00,2026-08-01T01:32:33+08:00,search,desktop,browser,,
e-06-0016-page_view,s-06-0016,anon-0008-6,guide-faq,history-v1,page_view,2026-08-04T00:46:04+08:00,2026-08-04T00:46:48+08:00,search,desktop,browser,,
e-05-0109-read_end,s-05-0109,anon-0039-5,guide-permission,history-v1,read_end,2026-08-09T21:36:39+08:00,2026-08-09T21:37:32+08:00,search,mobile,browser,69,21
e-04-0196-page_view,s-04-0196,anon-0105-4,guide-map,history-v1,page_view,2026-08-11T03:18:29+08:00,2026-08-11T03:18:46+08:00,campaign,mobile,browser,,
e-05-0041-page_view,s-05-0041,anon-0047-5,guide-permission,history-v1,page_view,2026-08-07T13:46:03+08:00,2026-08-08T05:47:23+00:00,direct,mobile,browser,,
e-02-0066-page_view,s-02-0066,anon-0030-2,guide-expense,history-v1,page_view,2026-08-09T02:29:48+00:00,2026-08-09T10:30:42+08:00,home,mobile,browser,,
e-01-0098-read_end,s-01-0098,anon-0070-1,guide-device,history-v1,read_end,2026-08-09T14:16:14+08:00,2026-08-09T06:17:17+00:00,home,mobile,browser,49,21
e-04-0317-page_view,s-04-0317,anon-0096-4,guide-map,history-v1,page_view,2026-08-11T16:54:46+08:00,2026-08-11T08:55:08+00:00,search,mobile,browser,,
e-03-0080-page_view,s-03-0080,anon-0065-3,guide-remote,history-v1,page_view,2026-08-06T15:06:59+08:00,2026-08-06T07:07:51+00:00,search,mobile,browser,,
e-01-0002-page_view,s-01-0002,anon-0020-1,guide-device,history-v1,page_view,2026-08-10T06:03:11+08:00,2026-08-09T22:04:35+00:00,search,mobile,browser,,
crawler-0094,crawl-94,,guide-map,history-v1,page_view,2026-08-08T16:20:22+00:00,2026-08-08T16:20:23+00:00,campaign,desktop,crawler,,
e-03-0147-read_end,s-03-0147,anon-0075-3,guide-remote,history-v1,read_end,2026-08-10T08:54:11+00:00,2026-08-10T16:55:05+08:00,search,mobile,browser,11,32
e-06-0062-read_end,s-06-0062,anon-0019-6,guide-faq,history-v1,read_end,2026-08-05T06:48:58+08:00,2026-08-04T22:49:03+00:00,home,mobile,browser,157,84
e-06-0028-read_end,s-06-0028,anon-0029-6,guide-faq,history-v1,read_end,2026-08-10T12:47:46+08:00,2026-08-10T12:48:02+08:00,home,desktop,browser,53,95
e-04-0018-page_view,s-04-0018,anon-0119-4,guide-map,history-v1,page_view,2026-08-02T17:29:44+00:00,2026-08-03T01:31:06+08:00,direct,desktop,browser,,
e-02-0088-page_view,s-02-0088,anon-0035-2,guide-expense,history-v1,page_view,2026-08-13T00:26:01+08:00,2026-08-13T00:27:06+08:00,search,mobile,browser,,
e-03-0115-read_end,s-03-0115,anon-0062-3,guide-remote,history-v1,read_end,2026-08-10T00:31:26+08:00,2026-08-10T00:32:56+08:00,search,desktop,browser,126,20
e-03-0074-read_end,s-03-0074,anon-0079-3,guide-remote,history-v1,read_end,2026-08-02T11:34:45+08:00,2026-08-02T03:36:02+00:00,search,desktop,browser,45,80
e-01-0078-read_end,s-01-0078,anon-0074-1,guide-device,history-v1,read_end,2026-08-10T18:44:08+00:00,2026-08-11T02:45:05+08:00,search,mobile,browser,77,45
e-00-0067-page_view,s-00-0067,anon-0000-0,guide-account,history-v1,page_view,2026-08-05T05:47:31+08:00,2026-08-05T05:48:59+08:00,home,mobile,browser,,
e-02-0061-read_end,s-02-0061,anon-0031-2,guide-expense,history-v1,read_end,2026-08-04T21:01:31+08:00,2026-08-04T21:02:59+08:00,search,mobile,browser,82,89
e-04-0127-read_end,s-04-0127,anon-0022-4,guide-map,history-v1,read_end,2026-08-05T17:31:59+08:00,2026-08-05T17:32:28+08:00,search,desktop,browser,118,54
e-03-0054-page_view,s-03-0054,anon-0017-3,guide-remote,history-v1,page_view,2026-08-11T06:43:58+00:00,2026-08-11T14:44:14+08:00,direct,mobile,browser,,
e-03-0095-read_end,s-03-0095,anon-0067-3,guide-remote,history-v1,read_end,2026-08-01T01:20:35+08:00,2026-07-31T17:21:08+00:00,home,mobile,browser,23,14
e-04-0232-page_view,s-04-0232,,guide-map,history-v1,page_view,2026-08-11T03:41:37+08:00,2026-08-11T03:42:53+08:00,campaign,desktop,browser,,
e-07-0000-page_view,s-07-0000,anon-0005-7,guide-search,history-v1,page_view,2026-08-13T21:30:50+00:00,2026-08-15T05:31:26+08:00,home,desktop,browser,,
e-05-0100-page_view,s-05-0100,anon-0043-5,guide-permission,history-v1,page_view,2026-08-02T00:35:42+08:00,2026-08-02T00:37:11+08:00,search,desktop,browser,,
e-03-0020-page_view,s-03-0020,anon-0018-3,guide-remote,history-v1,page_view,2026-08-01T11:26:45+08:00,2026-08-01T03:27:54+00:00,campaign,mobile,browser,,
e-04-0112-read_end,s-04-0112,,guide-map,history-v1,read_end,2026-08-04T19:06:18+08:00,2026-08-04T19:06:58+08:00,search,desktop,browser,149,49
e-05-0097-page_view,s-05-0097,anon-0017-5,guide-permission,history-v1,page_view,2026-08-11T08:12:49+08:00,2026-08-11T08:13:45+08:00,home,mobile,browser,,
e-00-0063-page_view,s-00-0063,anon-0113-0,guide-account,history-v1,page_view,2026-08-14T01:22:59+00:00,2026-08-14T09:24:18+08:00,home,mobile,browser,,
e-07-0008-read_end,s-07-0008,anon-0001-7,guide-search,history-v1,read_end,2026-08-14T17:39:53+08:00,2026-08-14T09:40:43+00:00,search,mobile,browser,3,83
e-00-0023-read_end,s-00-0023,anon-0003-0,guide-account,history-v1,read_end,2026-08-11T14:40:58+08:00,2026-08-11T06:41:46+00:00,home,mobile,browser,8,94
e-01-0003-page_view,s-01-0003,anon-0025-1,guide-device,history-v1,page_view,2026-08-01T15:09:58+00:00,2026-08-01T23:11:25+08:00,search,mobile,browser,,
crawler-0167,crawl-167,,guide-map,history-v1,page_view,2026-08-08T16:36:11+00:00,2026-08-08T16:36:12+00:00,campaign,desktop,crawler,,
e-04-0133-read_end,s-04-0133,anon-0011-4,guide-map,history-v1,read_end,2026-08-10T01:23:57+08:00,2026-08-10T01:24:02+08:00,direct,desktop,browser,103,98
e-04-0038-page_view,s-04-0038,anon-0143-4,guide-map,history-v1,page_view,2026-08-04T08:16:14+08:00,2026-08-04T00:17:18+00:00,direct,desktop,browser,,
e-04-0287-read_end,s-04-0287,anon-0010-4,guide-map,history-v1,read_end,2026-08-12T17:19:49+08:00,2026-08-13T09:21:03+00:00,campaign,mobile,browser,277,89
e-01-0165-read_end,s-01-0165,anon-0018-1,guide-device,history-v1,read_end,2026-08-03T01:28:49+00:00,2026-08-03T09:28:52+08:00,search,mobile,browser,7,97
e-03-0086-read_end,s-03-0086,anon-0030-3,guide-remote,history-v1,read_end,2026-08-11T11:59:57+08:00,2026-08-11T04:00:53+00:00,home,desktop,browser,83,45
edge-10,,anon-0101-0,guide-account,history-v1,page_view,2026-08-04T22:32:43+08:00,2026-08-04T14:33:00+00:00,campaign,mobile,browser,,
e-00-0199-page_view,s-00-0199,anon-0118-0,guide-account,history-v1,page_view,2026-08-11T01:15:37+08:00,2026-08-11T01:16:37+08:00,campaign,desktop,browser,,
e-03-0031-page_view,s-03-0031,anon-0020-3,guide-remote,history-v1,page_view,2026-08-05T22:21:27+08:00,2026-08-05T22:21:44+08:00,search,desktop,browser,,
e-06-0002-read_end,s-06-0002,anon-0013-6,guide-faq,history-v1,read_end,2026-08-09T12:53:15+08:00,2026-08-09T04:53:36+00:00,search,desktop,browser,184,74
e-05-0031-page_view,s-05-0031,anon-0008-5,guide-permission,history-v1,page_view,2026-08-08T03:28:05+08:00,2026-08-08T03:28:43+08:00,search,desktop,browser,,
crawler-0108,crawl-108,,guide-map,history-v1,page_view,2026-08-08T16:23:24+00:00,2026-08-08T16:23:25+00:00,campaign,desktop,crawler,,
e-04-0073-read_end,s-04-0073,anon-0112-4,guide-map,history-v1,read_end,2026-08-04T03:55:27+08:00,2026-08-04T03:55:35+08:00,search,desktop,browser,71,89
e-06-0005-read_end,s-06-0005,anon-0005-6,guide-faq,history-v1,read_end,2026-08-07T18:50:01+08:00,2026-08-07T10:50:15+00:00,search,desktop,browser,69,96
e-04-0024-read_end,s-04-0024,anon-0096-4,guide-map,history-v1,read_end,2026-08-12T12:37:40+00:00,2026-08-12T20:38:54+08:00,campaign,desktop,browser,176,25
e-05-0095-page_view,s-05-0095,anon-0043-5,guide-permission,history-v1,page_view,2026-08-06T05:37:24+08:00,2026-08-05T21:38:43+00:00,campaign,desktop,browser,,
e-03-0112-page_view,s-03-0112,anon-0037-3,guide-remote,history-v1,page_view,2026-08-01T10:45:49+08:00,2026-08-01T10:45:56+08:00,search,desktop,browser,,
e-00-0026-read_end,s-00-0026,anon-0114-0,guide-account,history-v1,read_end,2026-08-12T18:02:31+08:00,2026-08-12T10:04:01+00:00,search,mobile,browser,101,92
e-00-0228-page_view,s-00-0228,anon-0042-0,guide-account,history-v1,page_view,2026-08-14T03:34:11+00:00,2026-08-14T11:35:07+08:00,campaign,mobile,browser,,
e-04-0280-read_end,s-04-0280,anon-0046-4,guide-map,history-v1,read_end,2026-08-06T23:21:55+08:00,2026-08-06T23:22:18+08:00,home,desktop,browser,181,90
e-04-0280-page_view,s-04-0280,anon-0046-4,guide-map,history-v1,page_view,2026-08-06T23:18:54+08:00,2026-08-06T23:19:48+08:00,home,desktop,browser,,
e-00-0096-read_end,s-00-0096,anon-0083-0,guide-account,history-v1,read_end,2026-08-04T14:53:43+00:00,2026-08-04T22:53:53+08:00,home,desktop,browser,92,76
e-01-0024-read_end,s-01-0024,anon-0037-1,guide-device,history-v1,read_end,2026-08-02T10:43:34+00:00,2026-08-02T18:43:50+08:00,search,desktop,browser,200,72
e-00-0009-page_view,s-00-0009,anon-0007-0,guide-account,history-v1,page_view,2026-08-09T16:40:01+00:00,2026-08-10T00:40:22+08:00,home,desktop,browser,,
e-01-0054-read_end,s-01-0054,anon-0004-1,guide-device,history-v1,read_end,2026-08-07T15:38:10+00:00,2026-08-07T23:38:58+08:00,home,desktop,browser,14,87
e-05-0083-page_view,s-05-0083,anon-0031-5,guide-permission,history-v1,page_view,2026-08-11T11:09:46+08:00,2026-08-11T03:10:25+00:00,search,mobile,browser,,
e-00-0054-read_end,s-00-0054,anon-0034-0,guide-account,history-v1,read_end,2026-08-01T10:42:34+00:00,2026-08-01T18:43:55+08:00,home,desktop,browser,103,86
e-02-0016-read_end,s-02-0016,anon-0003-2,guide-expense,history-v1,read_end,2026-08-02T19:59:24+08:00,2026-08-02T20:00:25+08:00,search,mobile,browser,92,75
e-03-0141-page_view,s-03-0141,anon-0047-3,guide-remote,history-v1,page_view,2026-08-02T22:51:39+00:00,2026-08-03T06:53:05+08:00,search,desktop,browser,,
e-05-0067-page_view,s-05-0067,anon-0029-5,guide-permission,history-v1,page_view,2026-08-06T21:24:38+08:00,2026-08-06T21:26:01+08:00,search,mobile,browser,,
e-04-0019-read_end,s-04-0019,anon-0064-4,guide-map,history-v1,read_end,2026-08-11T04:38:03+08:00,2026-08-11T04:39:23+08:00,search,desktop,browser,81,95
e-05-0062-read_end,s-05-0062,anon-0054-5,guide-permission,history-v1,read_end,2026-08-06T07:43:35+08:00,2026-08-05T23:44:21+00:00,search,mobile,browser,3,52
e-03-0131-page_view,s-03-0131,anon-0057-3,guide-remote,history-v1,page_view,2026-08-14T22:42:43+08:00,2026-08-14T14:42:45+00:00,home,mobile,browser,,
e-03-0058-page_view,s-03-0058,anon-0016-3,guide-remote,history-v1,page_view,2026-08-12T10:29:33+08:00,2026-08-12T10:30:40+08:00,search,desktop,browser,,
e-01-0097-page_view,s-01-0097,,guide-device,history-v1,page_view,2026-08-05T02:15:22+08:00,2026-08-05T02:15:59+08:00,search,mobile,browser,,
e-03-0072-read_end,s-03-0072,anon-0008-3,guide-remote,history-v1,read_end,2026-08-14T06:10:40+00:00,2026-08-14T14:11:06+08:00,home,desktop,browser,173,50
e-04-0154-read_end,s-04-0154,anon-0098-4,guide-map,history-v1,read_end,2026-08-14T15:30:33+08:00,2026-08-14T15:31:09+08:00,home,mobile,browser,183,84
e-00-0167-page_view,s-00-0167,anon-0081-0,guide-account,history-v1,page_view,2026-08-10T03:51:59+08:00,2026-08-09T19:52:37+00:00,search,mobile,browser,,
e-06-0016-read_end,s-06-0016,anon-0008-6,guide-faq,history-v1,read_end,2026-08-04T00:49:13+08:00,2026-08-04T00:49:42+08:00,search,desktop,browser,189,89
e-01-0043-page_view,s-01-0043,anon-0046-1,guide-device,history-v1,page_view,2026-08-14T22:18:54+08:00,2026-08-14T22:19:14+08:00,home,desktop,browser,,
e-03-0136-read_end,s-03-0136,anon-0057-3,guide-remote,history-v1,read_end,2026-08-04T20:32:34+08:00,2026-08-04T20:33:41+08:00,campaign,desktop,browser,91,31
crawler-0099,crawl-99,,guide-map,history-v1,page_view,2026-08-08T16:21:27+00:00,2026-08-08T16:21:28+00:00,campaign,desktop,crawler,,
crawler-0112,crawl-112,,guide-map,history-v1,page_view,2026-08-08T16:24:16+00:00,2026-08-08T16:24:17+00:00,campaign,desktop,crawler,,
e-03-0032-read_end,s-03-0032,anon-0028-3,guide-remote,history-v1,read_end,2026-08-02T07:50:47+08:00,2026-08-01T23:51:02+00:00,direct,desktop,browser,23,89
e-00-0135-read_end,s-00-0135,anon-0049-0,guide-account,history-v1,read_end,2026-08-03T21:06:10+00:00,2026-08-04T05:06:21+08:00,search,mobile,browser,77,44
e-03-0024-page_view,s-03-0024,anon-0063-3,guide-remote,history-v1,page_view,2026-08-06T06:39:12+00:00,2026-08-06T14:39:39+08:00,search,desktop,browser,,
e-01-0076-read_end,s-01-0076,,guide-device,history-v1,read_end,2026-08-08T02:16:48+08:00,2026-08-08T02:16:55+08:00,campaign,mobile,browser,26,89
e-04-0261-read_end,s-04-0261,anon-0016-4,guide-map,history-v1,read_end,2026-08-13T18:43:23+00:00,2026-08-14T02:43:50+08:00,search,mobile,browser,3,76
e-07-0008-page_view,s-07-0008,anon-0001-7,guide-search,history-v1,page_view,2026-08-14T17:39:50+08:00,2026-08-14T09:40:22+00:00,search,mobile,browser,,
crawler-0040,crawl-40,,guide-map,history-v1,page_view,2026-08-08T16:08:40+00:00,2026-08-08T16:08:41+00:00,campaign,desktop,crawler,,
e-01-0014-page_view,s-01-0014,anon-0085-1,guide-device,history-v1,page_view,2026-08-02T16:45:17+08:00,2026-08-02T08:46:24+00:00,search,desktop,browser,,
e-02-0051-read_end,s-02-0051,anon-0029-2,guide-expense,history-v1,read_end,2026-08-06T23:27:55+00:00,2026-08-07T07:28:06+08:00,search,desktop,browser,100,45
e-04-0187-page_view,s-04-0187,anon-0036-4,guide-map,history-v1,page_view,2026-08-10T19:52:55+08:00,2026-08-10T19:53:09+08:00,campaign,desktop,browser,,
e-00-0232-page_view,s-00-0232,anon-0106-0,guide-account,history-v1,page_view,2026-08-12T07:12:21+08:00,2026-08-12T07:12:43+08:00,home,mobile,browser,,
e-05-0084-page_view,s-05-0084,anon-0005-5,guide-permission,history-v1,page_view,2026-08-12T02:23:27+00:00,2026-08-12T10:24:57+08:00,search,mobile,browser,,
e-01-0088-page_view,s-01-0088,anon-0047-1,guide-device,history-v1,page_view,2026-08-07T15:26:33+08:00,2026-08-07T15:27:22+08:00,search,desktop,browser,,
e-01-0004-page_view,s-01-0004,anon-0014-1,guide-device,history-v1,page_view,2026-08-08T05:13:57+08:00,2026-08-08T05:14:59+08:00,home,desktop,browser,,
e-04-0159-read_end,s-04-0159,anon-0075-4,guide-map,history-v1,read_end,2026-08-08T11:31:58+00:00,2026-08-08T19:33:15+08:00,home,desktop,browser,44,19
e-05-0098-page_view,s-05-0098,anon-0029-5,guide-permission,history-v1,page_view,2026-08-03T07:15:15+08:00,2026-08-02T23:16:20+00:00,search,desktop,browser,,
e-04-0177-read_end,s-04-0177,anon-0049-4,guide-map,history-v1,read_end,2026-08-07T01:22:33+00:00,2026-08-07T09:23:01+08:00,campaign,mobile,browser,58,73
e-04-0312-read_end,s-04-0312,anon-0157-4,guide-map,history-v1,read_end,2026-08-12T01:37:25+00:00,2026-08-12T09:37:30+08:00,campaign,mobile,browser,101,88
e-00-0059-read_end,s-00-0059,anon-0080-0,guide-account,history-v1,read_end,2026-08-09T06:20:16+08:00,2026-08-08T22:20:33+00:00,direct,desktop,browser,82,77
e-00-0134-read_end,s-00-0134,anon-0051-0,guide-account,history-v1,read_end,2026-08-05T20:41:23+08:00,2026-08-05T12:42:42+00:00,home,desktop,browser,56,86
e-00-0093-read_end,s-00-0093,anon-0086-0,guide-account,history-v1,read_end,2026-08-12T14:13:48+00:00,2026-08-12T22:14:56+08:00,home,mobile,browser,79,23
e-00-0031-page_view,s-00-0031,,guide-account,history-v1,page_view,2026-08-04T12:32:06+08:00,2026-08-04T12:32:29+08:00,home,mobile,browser,,
e-03-0085-read_end,s-03-0085,anon-0049-3,guide-remote,history-v1,read_end,2026-08-05T16:51:23+08:00,2026-08-05T16:52:13+08:00,search,mobile,browser,11,5
e-04-0216-page_view,s-04-0216,anon-0164-4,guide-map,history-v1,page_view,2026-08-14T00:27:27+00:00,2026-08-14T08:27:31+08:00,search,mobile,browser,,
e-00-0155-read_end,s-00-0155,anon-0042-0,guide-account,history-v1,read_end,2026-08-02T14:11:33+08:00,2026-08-02T06:11:45+00:00,direct,desktop,browser,111,45
e-02-0063-page_view,s-02-0063,anon-0022-2,guide-expense,history-v1,page_view,2026-08-07T15:12:52+00:00,2026-08-07T23:13:15+08:00,search,mobile,browser,,
e-01-0009-page_view,s-01-0009,anon-0001-1,guide-device,history-v1,page_view,2026-08-12T16:48:15+00:00,2026-08-13T00:48:44+08:00,direct,desktop,browser,,
e-05-0000-page_view,s-05-0000,anon-0021-5,guide-permission,history-v1,page_view,2026-08-11T04:42:34+00:00,2026-08-12T12:42:35+08:00,home,desktop,browser,,
e-00-0137-page_view,s-00-0137,anon-0109-0,guide-account,history-v1,page_view,2026-08-12T15:37:03+08:00,2026-08-12T07:37:23+00:00,search,desktop,browser,,
e-03-0153-read_end,s-03-0153,,guide-remote,history-v1,read_end,2026-08-10T01:59:26+00:00,2026-08-10T09:59:54+08:00,search,mobile,browser,5,21
e-02-0081-page_view,s-02-0081,anon-0004-2,guide-expense,history-v1,page_view,2026-08-11T11:40:12+00:00,2026-08-11T19:40:35+08:00,search,mobile,browser,,
e-03-0145-read_end,s-03-0145,anon-0044-3,guide-remote,history-v1,read_end,2026-08-05T12:03:55+08:00,2026-08-05T12:04:37+08:00,home,desktop,browser,155,42
e-00-0055-page_view,s-00-0055,anon-0055-0,guide-account,history-v1,page_view,2026-08-04T00:45:57+08:00,2026-08-04T00:46:37+08:00,search,desktop,browser,,
e-03-0154-page_view,s-03-0154,anon-0028-3,guide-remote,history-v1,page_view,2026-08-10T12:50:42+08:00,2026-08-10T12:51:27+08:00,direct,desktop,browser,,
e-04-0117-page_view,s-04-0117,anon-0163-4,guide-map,history-v1,page_view,2026-08-11T02:22:53+00:00,2026-08-11T10:24:03+08:00,direct,mobile,browser,,
crawler-0163,crawl-163,,guide-map,history-v1,page_view,2026-08-08T16:35:19+00:00,2026-08-08T16:35:20+00:00,campaign,desktop,crawler,,
e-03-0064-read_end,s-03-0064,anon-0010-3,guide-remote,history-v1,read_end,2026-08-02T02:56:01+08:00,2026-08-02T02:57:09+08:00,direct,mobile,browser,22,17
e-00-0083-read_end,s-00-0083,anon-0046-0,guide-account,history-v1,read_end,2026-08-02T20:02:59+08:00,2026-08-02T12:03:16+00:00,search,mobile,browser,172,28
e-04-0240-read_end,s-04-0240,anon-0020-4,guide-map,history-v1,read_end,2026-08-10T10:38:51+00:00,2026-08-10T18:39:31+08:00,search,desktop,browser,121,75
e-03-0005-page_view,s-03-0005,anon-0045-3,guide-remote,history-v1,page_view,2026-08-08T16:06:57+08:00,2026-08-08T08:08:09+00:00,search,mobile,browser,,
e-00-0242-read_end,s-00-0242,anon-0063-0,guide-account,history-v1,read_end,2026-08-05T09:43:10+08:00,2026-08-05T01:43:14+00:00,search,mobile,browser,3,19
crawler-0174,crawl-174,,guide-map,history-v1,page_view,2026-08-08T16:37:42+00:00,2026-08-08T16:37:43+00:00,campaign,desktop,crawler,,
e-04-0016-page_view,s-04-0016,anon-0049-4,guide-map,history-v1,page_view,2026-08-03T14:08:09+08:00,2026-08-03T14:08:55+08:00,campaign,mobile,browser,,
e-03-0123-page_view,s-03-0123,anon-0016-3,guide-remote,history-v1,page_view,2026-08-09T05:58:58+00:00,2026-08-10T14:00:02+08:00,search,desktop,browser,,
e-01-0081-page_view,s-01-0081,anon-0014-1,guide-device,history-v1,page_view,2026-08-12T13:59:47+00:00,2026-08-12T22:00:13+08:00,campaign,desktop,browser,,
e-04-0026-read_end,s-04-0026,anon-0100-4,guide-map,history-v1,read_end,2026-08-13T10:55:57+08:00,2026-08-13T02:56:38+00:00,direct,desktop,browser,88,29
e-05-0060-page_view,s-05-0060,anon-0018-5,guide-permission,history-v1,page_view,2026-08-06T15:47:46+00:00,2026-08-06T23:48:36+08:00,search,mobile,browser,,
crawler-0008,crawl-8,,guide-map,history-v1,page_view,2026-08-08T16:01:44+00:00,2026-08-08T16:01:45+00:00,campaign,desktop,crawler,,
e-04-0142-page_view,s-04-0142,anon-0070-4,guide-map,history-v1,page_view,2026-08-04T11:16:34+08:00,2026-08-04T11:17:49+08:00,direct,desktop,browser,,
crawler-0053,crawl-53,,guide-map,history-v1,page_view,2026-08-08T16:11:29+00:00,2026-08-08T16:11:30+00:00,campaign,desktop,crawler,,
e-01-0136-page_view,s-01-0136,anon-0039-1,guide-device,history-v1,page_view,2026-08-13T06:22:04+08:00,2026-08-13T06:22:40+08:00,search,mobile,browser,,
e-00-0024-read_end,s-00-0024,anon-0108-0,guide-account,history-v1,read_end,2026-08-02T13:25:03+00:00,2026-08-02T21:25:52+08:00,home,desktop,browser,3,88
e-05-0063-page_view,s-05-0063,,guide-permission,history-v1,page_view,2026-08-12T15:33:33+00:00,2026-08-12T23:34:59+08:00,search,mobile,browser,,
e-05-0020-read_end,s-05-0020,anon-0040-5,guide-permission,history-v1,read_end,2026-08-08T17:56:50+08:00,2026-08-08T09:58:05+00:00,home,desktop,browser,116,22
e-00-0155-page_view,s-00-0155,anon-0042-0,guide-account,history-v1,page_view,2026-08-02T14:09:42+08:00,2026-08-02T06:11:11+00:00,direct,desktop,browser,,
e-04-0234-page_view,s-04-0234,anon-0095-4,guide-map,history-v1,page_view,2026-08-10T03:17:57+00:00,2026-08-10T11:18:47+08:00,search,mobile,browser,,
e-04-0272-read_end,s-04-0272,anon-0070-4,guide-map,history-v1,read_end,2026-08-03T09:50:12+08:00,2026-08-03T01:51:02+00:00,home,mobile,browser,104,83
e-06-0057-page_view,s-06-0057,anon-0005-6,guide-faq,history-v1,page_view,2026-08-08T21:58:13+00:00,2026-08-09T05:59:32+08:00,search,mobile,browser,,
crawler-0013,crawl-13,,guide-map,history-v1,page_view,2026-08-08T16:02:49+00:00,2026-08-08T16:02:50+00:00,campaign,desktop,crawler,,
e-00-0174-read_end,s-00-0174,anon-0006-0,guide-account,history-v1,read_end,2026-07-31T23:13:57+00:00,2026-08-01T07:15:11+08:00,search,desktop,browser,53,78
e-04-0058-page_view,s-04-0058,anon-0107-4,guide-map,history-v1,page_view,2026-08-11T18:58:41+08:00,2026-08-11T19:00:07+08:00,search,desktop,browser,,
e-04-0150-read_end,s-04-0150,anon-0083-4,guide-map,history-v1,read_end,2026-07-31T16:03:37+00:00,2026-08-01T00:03:40+08:00,home,desktop,browser,60,72
e-04-0238-read_end,s-04-0238,anon-0102-4,guide-map,history-v1,read_end,2026-08-05T12:14:05+08:00,2026-08-05T12:15:30+08:00,home,desktop,browser,107,81
crawler-0171,crawl-171,,guide-map,history-v1,page_view,2026-08-08T16:37:03+00:00,2026-08-08T16:37:04+00:00,campaign,desktop,crawler,,
crawler-0065,crawl-65,,guide-map,history-v1,page_view,2026-08-08T16:14:05+00:00,2026-08-08T16:14:06+00:00,campaign,desktop,crawler,,
e-05-0074-page_view,s-05-0074,anon-0014-5,guide-permission,history-v1,page_view,2026-08-06T06:52:58+08:00,2026-08-05T22:54:01+00:00,search,mobile,browser,,
e-04-0307-page_view,s-04-0307,anon-0015-4,guide-map,history-v1,page_view,2026-08-05T17:48:05+08:00,2026-08-05T17:49:11+08:00,search,mobile,browser,,
e-00-0054-page_view,s-00-0054,anon-0034-0,guide-account,history-v1,page_view,2026-08-01T10:40:51+00:00,2026-08-01T18:41:20+08:00,home,desktop,browser,,
e-04-0220-read_end,s-04-0220,anon-0154-4,guide-map,history-v1,read_end,2026-08-03T05:02:07+08:00,2026-08-03T05:03:08+08:00,direct,desktop,browser,128,72
e-04-0048-read_end,s-04-0048,anon-0095-4,guide-map,history-v1,read_end,2026-08-07T03:48:05+00:00,2026-08-07T11:48:32+08:00,search,mobile,browser,113,100
e-00-0047-page_view,s-00-0047,anon-0035-0,guide-account,history-v1,page_view,2026-08-09T02:56:50+08:00,2026-08-08T18:57:38+00:00,direct,desktop,browser,,
crawler-0115,crawl-115,,guide-map,history-v1,page_view,2026-08-08T16:24:55+00:00,2026-08-08T16:24:56+00:00,campaign,desktop,crawler,,
crawler-0019,crawl-19,,guide-map,history-v1,page_view,2026-08-08T16:04:07+00:00,2026-08-08T16:04:08+00:00,campaign,desktop,crawler,,
e-03-0087-page_view,s-03-0087,anon-0047-3,guide-remote,history-v1,page_view,2026-08-03T06:02:09+00:00,2026-08-03T14:03:00+08:00,search,desktop,browser,,
e-04-0052-page_view,s-04-0052,anon-0064-4,guide-map,history-v1,page_view,2026-08-02T10:36:32+08:00,2026-08-02T10:37:16+08:00,campaign,desktop,browser,,
e-01-0181-read_end,s-01-0181,anon-0085-1,guide-device,history-v1,read_end,2026-08-12T02:18:47+08:00,2026-08-12T02:19:05+08:00,search,desktop,browser,71,76
e-01-0106-page_view,s-01-0106,anon-0016-1,guide-device,history-v1,page_view,2026-08-09T22:22:17+08:00,2026-08-09T22:23:34+08:00,campaign,desktop,browser,,
e-04-0109-read_end,s-04-0109,anon-0038-4,guide-map,history-v1,read_end,2026-08-10T19:40:15+08:00,2026-08-10T19:41:10+08:00,search,mobile,browser,140,84
e-02-0031-read_end,s-02-0031,anon-0006-2,guide-expense,history-v1,read_end,2026-08-07T20:12:10+08:00,2026-08-07T20:13:39+08:00,direct,mobile,browser,73,79
e-00-0078-read_end,s-00-0078,anon-0047-0,guide-account,history-v1,read_end,2026-08-12T18:55:05+00:00,2026-08-13T02:55:51+08:00,search,mobile,browser,77,87
e-05-0059-page_view,s-05-0059,anon-0003-5,guide-permission,history-v1,page_view,2026-08-08T09:04:01+08:00,2026-08-08T01:05:12+00:00,direct,mobile,browser,,
e-05-0108-read_end,s-05-0108,anon-0052-5,guide-permission,history-v1,read_end,2026-08-04T02:13:11+00:00,2026-08-04T10:13:31+08:00,search,desktop,browser,128,75
crawler-0017,crawl-17,,guide-map,history-v1,page_view,2026-08-08T16:03:41+00:00,2026-08-08T16:03:42+00:00,campaign,desktop,crawler,,
e-04-0225-read_end,s-04-0225,anon-0050-4,guide-map,history-v1,read_end,2026-08-11T19:48:35+00:00,2026-08-12T03:49:20+08:00,search,desktop,browser,145,77
e-04-0069-read_end,s-04-0069,anon-0107-4,guide-map,history-v1,read_end,2026-08-04T07:21:03+00:00,2026-08-04T15:21:07+08:00,search,desktop,browser,62,80
e-01-0166-page_view,s-01-0166,anon-0033-1,guide-device,history-v1,page_view,2026-08-11T04:42:34+08:00,2026-08-11T04:43:41+08:00,search,mobile,browser,,
e-04-0132-read_end,s-04-0132,anon-0032-4,guide-map,history-v1,read_end,2026-08-14T09:18:09+00:00,2026-08-14T17:18:20+08:00,search,mobile,browser,3,75
e-04-0243-read_end,s-04-0243,anon-0024-4,guide-map,history-v1,read_end,2026-08-10T03:56:25+00:00,2026-08-10T11:57:45+08:00,search,mobile,browser,129,34
e-00-0060-read_end,s-00-0060,anon-0037-0,guide-account,history-v1,read_end,2026-08-11T18:28:31+00:00,2026-08-12T02:28:57+08:00,home,desktop,browser,196,72
e-05-0044-page_view,s-05-0044,anon-0023-5,guide-permission,history-v1,page_view,2026-08-12T13:21:19+08:00,2026-08-12T05:21:52+00:00,direct,desktop,browser,,
e-05-0002-read_end,s-05-0002,,guide-permission,history-v1,read_end,2026-08-03T10:55:01+08:00,2026-08-03T02:55:37+00:00,search,mobile,browser,3,52
e-05-0104-page_view,s-05-0104,anon-0030-5,guide-permission,history-v1,page_view,2026-08-02T12:39:10+08:00,2026-08-02T04:39:28+00:00,home,desktop,browser,,
crawler-0168,crawl-168,,guide-map,history-v1,page_view,2026-08-08T16:36:24+00:00,2026-08-08T16:36:25+00:00,campaign,desktop,crawler,,
e-03-0084-page_view,s-03-0084,anon-0070-3,guide-remote,history-v1,page_view,2026-08-13T13:11:53+00:00,2026-08-13T21:12:43+08:00,home,desktop,browser,,
e-03-0055-page_view,s-03-0055,anon-0005-3,guide-remote,history-v1,page_view,2026-08-10T05:43:26+08:00,2026-08-10T05:44:27+08:00,direct,mobile,browser,,
e-04-0051-read_end,s-04-0051,anon-0022-4,guide-map,history-v1,read_end,2026-08-01T11:31:55+00:00,2026-08-01T19:32:07+08:00,home,mobile,browser,19,84
e-04-0145-page_view,s-04-0145,anon-0035-4,guide-map,history-v1,page_view,2026-08-03T02:35:46+08:00,2026-08-03T02:36:46+08:00,search,mobile,browser,,
e-00-0078-page_view,s-00-0078,anon-0047-0,guide-account,history-v1,page_view,2026-08-12T18:53:48+00:00,2026-08-13T02:54:07+08:00,search,mobile,browser,,
e-00-0073-page_view,s-00-0073,anon-0044-0,guide-account,history-v1,page_view,2026-08-06T08:11:42+08:00,2026-08-06T08:12:21+08:00,search,mobile,browser,,
e-04-0068-read_end,s-04-0068,anon-0128-4,guide-map,history-v1,read_end,2026-08-12T13:19:36+08:00,2026-08-12T05:20:56+00:00,search,desktop,browser,227,90
e-06-0032-read_end,s-06-0032,anon-0023-6,guide-faq,history-v1,read_end,2026-08-13T23:56:18+08:00,2026-08-13T15:57:26+00:00,search,mobile,browser,20,89
e-01-0093-page_view,s-01-0093,anon-0044-1,guide-device,history-v1,page_view,2026-08-02T06:54:57+00:00,2026-08-02T14:56:27+08:00,search,mobile,browser,,
e-04-0114-read_end,s-04-0114,anon-0146-4,guide-map,history-v1,read_end,2026-08-13T03:43:20+00:00,2026-08-13T11:44:02+08:00,search,desktop,browser,61,96
e-04-0001-page_view,s-04-0001,anon-0115-4,guide-map,history-v1,page_view,2026-08-12T10:48:59+08:00,2026-08-12T10:49:34+08:00,campaign,mobile,browser,,
e-04-0302-page_view,s-04-0302,anon-0121-4,guide-map,history-v1,page_view,2026-08-10T17:54:56+08:00,2026-08-10T09:55:21+00:00,search,desktop,browser,,
e-06-0042-page_view,s-06-0042,anon-0014-6,guide-faq,history-v1,page_view,2026-08-04T05:29:41+00:00,2026-08-04T13:30:50+08:00,home,mobile,browser,,
edge-11,s-00-0005,anon-0101-0,guide-account,history-v1,read_end,2026-08-04T22:34:37+08:00,2026-08-04T14:35:17+00:00,campaign,mobile,browser,NaN,92
e-02-0055-read_end,s-02-0055,anon-0044-2,guide-expense,history-v1,read_end,2026-08-02T06:04:21+08:00,2026-08-02T06:05:24+08:00,search,mobile,browser,135,7
e-01-0115-read_end,s-01-0115,,guide-device,history-v1,read_end,2026-08-02T16:12:03+08:00,2026-08-02T16:12:25+08:00,search,desktop,browser,24,21
e-01-0029-page_view,s-01-0029,anon-0018-1,guide-device,history-v1,page_view,2026-08-06T07:59:00+08:00,2026-08-05T23:59:18+00:00,direct,desktop,browser,,
e-00-0188-page_view,s-00-0188,anon-0005-0,guide-account,history-v1,page_view,2026-08-12T14:11:11+08:00,2026-08-12T06:11:52+00:00,direct,mobile,browser,,
e-00-0090-read_end,s-00-0090,anon-0095-0,guide-account,history-v1,read_end,2026-08-01T19:55:22+00:00,2026-08-02T03:56:04+08:00,search,desktop,browser,125,47
e-07-0003-read_end,s-07-0003,anon-0002-7,guide-search,history-v1,read_end,2026-08-13T13:41:07+00:00,2026-08-13T21:41:42+08:00,campaign,desktop,browser,63,88
e-01-0012-page_view,s-01-0012,anon-0015-1,guide-device,history-v1,page_view,2026-08-06T04:09:14+00:00,2026-08-06T12:10:08+08:00,campaign,desktop,browser,,
e-05-0017-page_view,s-05-0017,anon-0021-5,guide-permission,history-v1,page_view,2026-08-10T00:26:53+08:00,2026-08-09T16:27:34+00:00,home,mobile,browser,,
e-03-0026-read_end,s-03-0026,anon-0035-3,guide-remote,history-v1,read_end,2026-08-03T02:20:50+08:00,2026-08-02T18:22:20+00:00,direct,desktop,browser,171,86
e-06-0051-read_end,s-06-0051,anon-0008-6,guide-faq,history-v1,read_end,2026-08-14T08:49:33+00:00,2026-08-14T16:49:44+08:00,home,desktop,browser,125,22
e-05-0006-read_end,s-05-0006,anon-0013-5,guide-permission,history-v1,read_end,2026-08-01T05:01:35+00:00,2026-08-01T13:01:47+08:00,home,mobile,browser,107,50
e-01-0169-page_view,s-01-0169,anon-0015-1,guide-device,history-v1,page_view,2026-08-04T13:47:00+08:00,2026-08-04T13:47:29+08:00,search,mobile,browser,,
e-00-0228-read_end,s-00-0228,anon-0042-0,guide-account,history-v1,read_end,2026-08-14T03:34:48+00:00,2026-08-14T11:35:46+08:00,campaign,mobile,browser,37,51
e-03-0097-page_view,s-03-0097,anon-0001-3,guide-remote,history-v1,page_view,2026-08-09T20:40:55+08:00,2026-08-09T20:41:35+08:00,search,mobile,browser,,
e-03-0080-read_end,s-03-0080,anon-0065-3,guide-remote,history-v1,read_end,2026-08-06T15:07:32+08:00,2026-08-06T07:07:38+00:00,search,mobile,browser,33,34
e-04-0174-page_view,s-04-0174,anon-0139-4,guide-map,history-v1,page_view,2026-08-02T09:23:44+00:00,2026-08-02T17:25:12+08:00,home,mobile,browser,,
e-00-0120-page_view,s-00-0120,anon-0022-0,guide-account,history-v1,page_view,2026-08-02T23:46:32+00:00,2026-08-03T07:46:58+08:00,search,desktop,browser,,
e-04-0082-read_end,s-04-0082,anon-0018-4,guide-map,history-v1,read_end,2026-08-04T12:51:04+08:00,2026-08-05T12:51:17+08:00,search,mobile,browser,20,99
e-01-0142-read_end,s-01-0142,anon-0047-1,guide-device,history-v1,read_end,2026-08-03T06:40:42+08:00,2026-08-03T06:41:09+08:00,search,desktop,browser,75,11
e-05-0040-read_end,s-05-0040,anon-0040-5,guide-permission,history-v1,read_end,2026-08-11T17:36:10+08:00,2026-08-11T17:37:27+08:00,home,mobile,browser,44,15
e-01-0132-page_view,s-01-0132,anon-0069-1,guide-device,history-v1,page_view,2026-08-04T10:55:56+00:00,2026-08-04T18:57:14+08:00,search,desktop,browser,,
e-01-0128-page_view,s-01-0128,anon-0049-1,guide-device,history-v1,page_view,2026-08-07T03:13:01+08:00,2026-08-06T19:13:27+00:00,home,desktop,browser,,
e-02-0035-page_view,s-02-0035,anon-0019-2,guide-expense,history-v1,page_view,2026-08-10T22:28:46+08:00,2026-08-10T14:29:13+00:00,search,mobile,browser,,
e-04-0000-page_view,s-04-0000,anon-0140-4,guide-map,history-v1,page_view,2026-08-07T18:43:21+00:00,2026-08-09T02:43:38+08:00,direct,mobile,browser,,
e-04-0281-page_view,s-04-0281,anon-0007-4,guide-map,history-v1,page_view,2026-08-04T02:03:07+08:00,2026-08-03T18:03:57+00:00,campaign,desktop,browser,,
e-05-0085-read_end,s-05-0085,anon-0017-5,guide-permission,history-v1,read_end,2026-08-06T19:16:53+08:00,2026-08-06T19:16:56+08:00,home,desktop,browser,81,92
e-04-0267-read_end,s-04-0267,anon-0119-4,guide-map,history-v1,read_end,2026-08-07T07:13:48+00:00,2026-08-07T15:14:28+08:00,search,mobile,browser,132,48
e-00-0224-page_view,s-00-0224,anon-0003-0,guide-account,history-v1,page_view,2026-08-04T13:44:09+08:00,2026-08-04T05:44:22+00:00,home,desktop,browser,,
e-01-0071-read_end,s-01-0071,anon-0009-1,guide-device,history-v1,read_end,2026-08-14T00:38:04+08:00,2026-08-13T16:39:13+00:00,campaign,desktop,browser,142,80
e-01-0138-page_view,s-01-0138,anon-0081-1,guide-device,history-v1,page_view,2026-08-04T02:56:20+00:00,2026-08-04T10:56:53+08:00,search,desktop,browser,,
e-07-0012-page_view,s-07-0012,anon-0001-7,guide-search,history-v1,page_view,2026-08-12T16:23:49+00:00,2026-08-13T00:24:58+08:00,direct,desktop,browser,,
e-00-0202-read_end,s-00-0202,anon-0058-0,guide-account,history-v1,read_end,2026-08-06T08:22:49+08:00,2026-08-06T08:22:50+08:00,home,mobile,browser,3,87
e-00-0249-read_end,s-00-0249,anon-0068-0,guide-account,history-v1,read_end,2026-08-01T02:32:25+00:00,2026-08-01T10:32:46+08:00,search,mobile,browser,183,55
e-06-0036-page_view,s-06-0036,anon-0024-6,guide-faq,history-v1,page_view,2026-08-01T14:15:34+00:00,2026-08-01T22:16:20+08:00,search,mobile,browser,,
e-00-0039-read_end,s-00-0039,anon-0118-0,guide-account,history-v1,read_end,2026-08-13T01:51:03+00:00,2026-08-13T09:51:53+08:00,home,mobile,browser,195,73
e-02-0021-read_end,s-02-0021,anon-0010-2,guide-expense,history-v1,read_end,2026-08-05T07:26:55+00:00,2026-08-05T15:28:21+08:00,search,mobile,browser,96,81
e-05-0016-page_view,s-05-0016,anon-0039-5,guide-permission,history-v1,page_view,2026-08-09T19:07:23+08:00,2026-08-09T19:08:45+08:00,home,mobile,browser,,
e-00-0030-page_view,s-00-0030,anon-0047-0,guide-account,history-v1,page_view,2026-08-03T09:56:53+00:00,2026-08-03T17:57:35+08:00,search,mobile,browser,,
e-05-0079-page_view,s-05-0079,anon-0010-5,guide-permission,history-v1,page_view,2026-08-05T23:36:40+08:00,2026-08-05T23:37:24+08:00,search,desktop,browser,,
e-00-0021-read_end,s-00-0021,anon-0016-0,guide-account,history-v1,read_end,2026-08-04T06:15:45+00:00,2026-08-04T14:16:12+08:00,direct,mobile,browser,263,74
e-04-0099-page_view,s-04-0099,anon-0050-4,guide-map,history-v1,page_view,2026-08-04T11:39:48+00:00,2026-08-04T19:40:21+08:00,campaign,mobile,browser,,
e-00-0194-page_view,s-00-0194,anon-0093-0,guide-account,history-v1,page_view,2026-08-06T14:35:43+08:00,2026-08-06T06:35:45+00:00,search,desktop,browser,,
e-04-0201-page_view,s-04-0201,anon-0071-4,guide-map,history-v1,page_view,2026-08-06T17:56:48+00:00,2026-08-07T01:58:00+08:00,home,desktop,browser,,
e-02-0089-read_end,s-02-0089,anon-0009-2,guide-expense,history-v1,read_end,2026-08-14T12:25:51+08:00,2026-08-14T04:26:41+00:00,search,mobile,browser,66,73
e-04-0309-page_view,s-04-0309,anon-0061-4,guide-map,history-v1,page_view,2026-08-02T17:51:44+00:00,2026-08-03T01:53:11+08:00,direct,mobile,browser,,
crawler-0020,crawl-20,,guide-map,history-v1,page_view,2026-08-08T16:04:20+00:00,2026-08-08T16:04:21+00:00,campaign,desktop,crawler,,
e-01-0007-page_view,s-01-0007,anon-0040-1,guide-device,history-v1,page_view,2026-08-01T20:33:11+08:00,2026-08-01T20:34:30+08:00,home,mobile,browser,,
e-04-0136-page_view,s-04-0136,anon-0123-4,guide-map,history-v1,page_view,2026-08-10T20:25:59+08:00,2026-08-10T20:27:08+08:00,search,desktop,browser,,
e-03-0151-page_view,s-03-0151,anon-0017-3,guide-remote,history-v1,page_view,2026-08-04T15:40:18+08:00,2026-08-04T15:41:32+08:00,campaign,mobile,browser,,
e-00-0251-read_end,s-00-0251,anon-0073-0,guide-account,history-v1,read_end,2026-08-13T22:51:29+08:00,2026-08-13T14:51:36+00:00,home,desktop,browser,76,74
e-03-0140-read_end,s-03-0140,anon-0034-3,guide-remote,history-v1,read_end,2026-08-02T04:48:02+08:00,2026-08-01T20:49:23+00:00,search,mobile,browser,29,23
e-00-0161-read_end,s-00-0161,anon-0005-0,guide-account,history-v1,read_end,2026-08-08T00:20:52+08:00,2026-08-07T16:21:09+00:00,search,desktop,browser,165,100
e-05-0107-read_end,s-05-0107,anon-0047-5,guide-permission,history-v1,read_end,2026-08-08T01:18:04+08:00,2026-08-07T17:19:25+00:00,direct,desktop,browser,81,98
e-02-0021-page_view,s-02-0021,anon-0010-2,guide-expense,history-v1,page_view,2026-08-05T07:25:19+00:00,2026-08-05T15:26:18+08:00,search,mobile,browser,,
e-00-0103-page_view,s-00-0103,anon-0100-0,guide-account,history-v1,page_view,2026-08-13T17:05:45+08:00,2026-08-13T17:07:02+08:00,home,mobile,browser,,
e-02-0005-read_end,s-02-0005,anon-0009-2,guide-expense,history-v1,read_end,2026-08-10T14:32:40+08:00,2026-08-10T06:34:00+00:00,home,mobile,browser,98,80
crawler-0093,crawl-93,,guide-map,history-v1,page_view,2026-08-08T16:20:09+00:00,2026-08-08T16:20:10+00:00,campaign,desktop,crawler,,
e-01-0189-page_view,s-01-0189,anon-0086-1,guide-device,history-v1,page_view,2026-08-10T21:56:25+00:00,2026-08-11T05:57:25+08:00,direct,mobile,browser,,
e-00-0119-page_view,s-00-0119,anon-0070-0,guide-account,history-v1,page_view,2026-08-02T02:30:56+08:00,2026-08-01T18:31:54+00:00,search,mobile,browser,,
e-03-0054-read_end,s-03-0054,anon-0017-3,guide-remote,history-v1,read_end,2026-08-11T06:44:23+00:00,2026-08-11T14:44:57+08:00,direct,mobile,browser,25,30
e-04-0227-page_view,s-04-0227,anon-0085-4,guide-map,history-v1,page_view,2026-08-04T17:09:52+08:00,2026-08-04T09:11:05+00:00,direct,desktop,browser,,
e-03-0012-page_view,s-03-0012,anon-0043-3,guide-remote,history-v1,page_view,2026-08-04T15:05:48+00:00,2026-08-04T23:06:31+08:00,home,mobile,browser,,
e-01-0122-read_end,s-01-0122,anon-0087-1,guide-device,history-v1,read_end,2026-08-13T06:52:24+08:00,2026-08-12T22:53:42+00:00,search,desktop,browser,146,89
e-05-0065-page_view,s-05-0065,anon-0016-5,guide-permission,history-v1,page_view,2026-08-10T13:05:09+08:00,2026-08-10T05:06:08+00:00,direct,desktop,browser,,
e-01-0123-page_view,s-01-0123,anon-0036-1,guide-device,history-v1,page_view,2026-08-14T11:55:45+00:00,2026-08-15T19:56:15+08:00,direct,mobile,browser,,
e-00-0082-read_end,s-00-0082,anon-0080-0,guide-account,history-v1,read_end,2026-08-06T03:54:29+08:00,2026-08-07T03:55:15+08:00,home,mobile,browser,75,86
e-04-0325-read_end,s-04-0325,anon-0083-4,guide-map,history-v1,read_end,2026-08-02T20:04:17+08:00,2026-08-02T20:05:47+08:00,search,desktop,browser,119,30
e-07-0013-read_end,s-07-0013,,guide-search,history-v1,read_end,2026-08-14T23:15:48+08:00,2026-08-14T23:16:33+08:00,search,desktop,browser,77,95
e-00-0152-read_end,s-00-0152,anon-0001-0,guide-account,history-v1,read_end,2026-08-06T09:28:58+08:00,2026-08-06T01:29:03+00:00,direct,desktop,browser,96,80
e-01-0011-read_end,s-01-0011,anon-0082-1,guide-device,history-v1,read_end,2026-08-11T00:31:12+08:00,2026-08-10T16:31:57+00:00,home,desktop,browser,30,36
e-05-0027-page_view,s-05-0027,anon-0014-5,guide-permission,history-v1,page_view,2026-08-13T09:24:57+00:00,2026-08-13T17:26:03+08:00,search,desktop,browser,,
e-00-0005-read_end,s-00-0005,anon-0101-0,guide-account,history-v1,read_end,2026-08-04T22:34:37+08:00,2026-08-04T14:35:17+00:00,campaign,mobile,browser,114,92
e-01-0020-read_end,s-01-0020,anon-0022-1,guide-device,history-v1,read_end,2026-08-13T08:08:46+08:00,2026-08-13T00:09:09+00:00,search,desktop,browser,90,32
e-05-0011-read_end,s-05-0011,anon-0009-5,guide-permission,history-v1,read_end,2026-08-13T19:05:41+08:00,2026-08-13T11:06:06+00:00,search,desktop,browser,68,48
crawler-0033,crawl-33,,guide-map,history-v1,page_view,2026-08-08T16:07:09+00:00,2026-08-08T16:07:10+00:00,campaign,desktop,crawler,,
e-05-0056-page_view,s-05-0056,anon-0040-5,guide-permission,history-v1,page_view,2026-08-04T16:58:06+08:00,2026-08-04T08:58:08+00:00,search,desktop,browser,,
e-04-0035-page_view,s-04-0035,anon-0039-4,guide-map,history-v1,page_view,2026-08-14T17:39:58+08:00,2026-08-14T09:41:12+00:00,campaign,mobile,browser,,
e-04-0019-page_view,s-04-0019,anon-0064-4,guide-map,history-v1,page_view,2026-08-11T04:36:42+08:00,2026-08-11T04:37:35+08:00,search,desktop,browser,,
e-05-0028-page_view,s-05-0028,anon-0042-5,guide-permission,history-v1,page_view,2026-08-08T21:08:04+08:00,2026-08-08T21:08:06+08:00,search,desktop,browser,,
e-06-0009-page_view,s-06-0009,anon-0006-6,guide-faq,history-v1,page_view,2026-08-07T20:16:10+00:00,2026-08-08T04:16:49+08:00,home,desktop,browser,,
e-01-0082-read_end,s-01-0082,anon-0003-1,guide-device,history-v1,read_end,2026-08-06T04:50:55+08:00,2026-08-07T04:51:06+08:00,search,desktop,browser,223,81
e-03-0062-read_end,s-03-0062,anon-0006-3,guide-remote,history-v1,read_end,2026-08-08T03:49:57+08:00,2026-08-07T19:51:05+00:00,campaign,desktop,browser,86,20
crawler-0057,crawl-57,,guide-map,history-v1,page_view,2026-08-08T16:12:21+00:00,2026-08-08T16:12:22+00:00,campaign,desktop,crawler,,
e-04-0298-page_view,s-04-0298,anon-0133-4,guide-map,history-v1,page_view,2026-08-08T07:06:17+08:00,2026-08-08T07:07:09+08:00,campaign,desktop,browser,,
e-04-0057-page_view,s-04-0057,anon-0125-4,guide-map,history-v1,page_view,2026-08-04T17:08:58+00:00,2026-08-05T01:09:05+08:00,search,desktop,browser,,
crawler-0079,crawl-79,,guide-map,history-v1,page_view,2026-08-08T16:17:07+00:00,2026-08-08T16:17:08+00:00,campaign,desktop,crawler,,
e-05-0073-page_view,s-05-0073,anon-0051-5,guide-permission,history-v1,page_view,2026-08-11T03:02:29+08:00,2026-08-11T03:02:38+08:00,campaign,desktop,browser,,
e-04-0166-read_end,s-04-0166,anon-0159-4,guide-map,history-v1,read_end,2026-08-03T17:17:28+08:00,2026-08-03T17:18:30+08:00,search,mobile,browser,181,80
e-01-0139-page_view,s-01-0139,anon-0067-1,guide-device,history-v1,page_view,2026-08-06T08:19:59+08:00,2026-08-06T08:20:54+08:00,home,mobile,browser,,
e-01-0105-read_end,s-01-0105,anon-0081-1,guide-device,history-v1,read_end,2026-08-02T21:11:24+00:00,2026-08-03T05:11:34+08:00,search,mobile,browser,120,13
e-05-0059-read_end,s-05-0059,anon-0003-5,guide-permission,history-v1,read_end,2026-08-08T09:06:32+08:00,2026-08-08T01:06:35+00:00,direct,mobile,browser,151,87
e-04-0054-page_view,s-04-0054,anon-0091-4,guide-map,history-v1,page_view,2026-08-04T02:08:14+00:00,2026-08-04T10:09:39+08:00,home,desktop,browser,,
e-03-0093-page_view,s-03-0093,anon-0036-3,guide-remote,history-v1,page_view,2026-08-04T02:48:18+00:00,2026-08-04T10:48:59+08:00,direct,mobile,browser,,
e-01-0125-page_view,s-01-0125,anon-0065-1,guide-device,history-v1,page_view,2026-08-01T17:41:39+08:00,2026-08-01T09:42:08+00:00,search,mobile,browser,,
e-06-0021-page_view,s-06-0021,anon-0018-6,guide-faq,history-v1,page_view,2026-08-05T15:27:35+00:00,2026-08-05T23:27:51+08:00,search,mobile,browser,,
e-06-0033-page_view,s-06-0033,anon-0008-6,guide-faq,history-v1,page_view,2026-08-01T09:49:48+00:00,2026-08-01T17:50:59+08:00,search,mobile,browser,,
e-03-0049-read_end,s-03-0049,anon-0049-3,guide-remote,history-v1,read_end,2026-08-13T06:52:32+08:00,2026-08-13T06:53:35+08:00,home,mobile,browser,24,18
e-03-0018-read_end,s-03-0018,anon-0076-3,guide-remote,history-v1,read_end,2026-08-13T21:28:15+00:00,2026-08-14T05:28:52+08:00,search,desktop,browser,137,50
e-05-0061-read_end,s-05-0061,anon-0038-5,guide-permission,history-v1,read_end,2026-08-14T03:51:03+08:00,2026-08-14T03:51:13+08:00,search,mobile,browser,174,79
e-06-0024-read_end,s-06-0024,anon-0012-6,guide-faq,history-v1,read_end,2026-08-07T03:06:50+00:00,2026-08-07T11:08:06+08:00,search,desktop,browser,218,38
e-03-0047-page_view,s-03-0047,anon-0037-3,guide-remote,history-v1,page_view,2026-08-10T09:36:37+08:00,2026-08-10T01:37:33+00:00,search,mobile,browser,,
e-00-0211-read_end,s-00-0211,anon-0065-0,guide-account,history-v1,read_end,2026-08-12T16:52:18+08:00,2026-08-12T16:53:40+08:00,search,desktop,browser,220,72
e-04-0260-read_end,s-04-0260,anon-0148-4,guide-map,history-v1,read_end,2026-08-01T02:05:40+08:00,2026-07-31T18:05:50+00:00,search,mobile,browser,234,96
e-07-0004-page_view,s-07-0004,anon-0003-7,guide-search,history-v1,page_view,2026-08-13T07:08:23+08:00,2026-08-13T07:09:27+08:00,home,mobile,browser,,
e-04-0207-read_end,s-04-0207,anon-0021-4,guide-map,history-v1,read_end,2026-08-01T22:59:09+00:00,2026-08-02T06:59:17+08:00,search,mobile,browser,95,91
e-04-0269-read_end,s-04-0269,anon-0072-4,guide-map,history-v1,read_end,2026-08-05T16:17:04+08:00,2026-08-05T08:18:23+00:00,direct,desktop,browser,48,83
crawler-0158,crawl-158,,guide-map,history-v1,page_view,2026-08-08T16:34:14+00:00,2026-08-08T16:34:15+00:00,campaign,desktop,crawler,,
e-00-0048-page_view,s-00-0048,anon-0026-0,guide-account,history-v1,page_view,2026-08-14T03:05:30+00:00,2026-08-14T11:06:50+08:00,search,desktop,browser,,
e-01-0040-read_end,s-01-0040,anon-0015-1,guide-device,history-v1,read_end,2026-08-02T02:46:05+08:00,2026-08-02T02:46:10+08:00,home,mobile,browser,138,34
e-00-0162-read_end,s-00-0162,anon-0020-0,guide-account,history-v1,read_end,2026-08-02T03:41:32+00:00,2026-08-02T11:42:31+08:00,search,mobile,browser,82,90
e-00-0066-page_view,s-00-0066,anon-0030-0,guide-account,history-v1,page_view,2026-08-12T04:17:17+00:00,2026-08-12T12:17:49+08:00,home,desktop,browser,,
e-05-0036-read_end,s-05-0036,,guide-permission,history-v1,read_end,2026-08-02T03:57:48+00:00,2026-08-02T11:59:00+08:00,search,desktop,browser,102,97
e-00-0150-page_view,s-00-0150,anon-0103-0,guide-account,history-v1,page_view,2026-08-09T02:29:36+00:00,2026-08-09T10:30:19+08:00,search,mobile,browser,,
e-04-0034-page_view,s-04-0034,anon-0034-4,guide-map,history-v1,page_view,2026-08-02T10:21:57+08:00,2026-08-02T10:23:22+08:00,direct,desktop,browser,,
e-04-0277-read_end,s-04-0277,anon-0101-4,guide-map,history-v1,read_end,2026-08-12T12:45:04+08:00,2026-08-12T12:46:32+08:00,search,desktop,browser,38,95
e-05-0052-read_end,s-05-0052,anon-0036-5,guide-permission,history-v1,read_end,2026-08-03T03:05:03+08:00,2026-08-03T03:06:19+08:00,direct,mobile,browser,68,36
e-00-0089-page_view,s-00-0089,anon-0018-0,guide-account,history-v1,page_view,2026-08-05T18:03:38+08:00,2026-08-05T10:04:04+00:00,direct,mobile,browser,,
e-04-0061-page_view,s-04-0061,anon-0082-4,guide-map,history-v1,page_view,2026-08-12T06:29:49+08:00,2026-08-12T06:31:17+08:00,home,mobile,browser,,
e-01-0168-read_end,s-01-0168,anon-0060-1,guide-device,history-v1,read_end,2026-08-05T18:56:43+00:00,2026-08-06T02:56:58+08:00,home,desktop,browser,79,83
e-00-0089-read_end,s-00-0089,anon-0018-0,guide-account,history-v1,read_end,2026-08-05T18:06:02+08:00,2026-08-05T10:06:12+00:00,direct,mobile,browser,144,96
e-06-0044-read_end,s-06-0044,anon-0022-6,guide-faq,history-v1,read_end,2026-08-08T01:52:50+08:00,2026-08-07T17:54:17+00:00,direct,desktop,browser,89,93
e-00-0021-page_view,s-00-0021,anon-0016-0,guide-account,history-v1,page_view,2026-08-04T06:11:22+00:00,2026-08-04T14:12:44+08:00,direct,mobile,browser,,
e-01-0180-page_view,s-01-0180,anon-0049-1,guide-device,history-v1,page_view,2026-08-05T23:21:33+00:00,2026-08-06T07:22:50+08:00,home,mobile,browser,,
e-02-0065-read_end,s-02-0065,anon-0026-2,guide-expense,history-v1,read_end,2026-08-05T07:07:34+08:00,2026-08-04T23:07:50+00:00,direct,desktop,browser,186,78
e-05-0036-page_view,s-05-0036,,guide-permission,history-v1,page_view,2026-08-02T03:56:06+00:00,2026-08-02T11:56:54+08:00,search,desktop,browser,,
e-02-0083-page_view,s-02-0083,,guide-expense,history-v1,page_view,2026-08-06T02:12:22+08:00,2026-08-05T18:12:45+00:00,direct,mobile,browser,,
e-06-0034-read_end,s-06-0034,anon-0022-6,guide-faq,history-v1,read_end,2026-08-09T03:12:11+08:00,2026-08-09T03:12:39+08:00,search,mobile,browser,152,6
edge-00,s-00-0000,anon-0033-0,guide-missing,history-v1,page_view,2026-08-11T13:02:30+00:00,2026-08-12T21:03:42+08:00,home,mobile,browser,,
e-04-0108-read_end,s-04-0108,anon-0045-4,guide-map,history-v1,read_end,2026-07-31T22:48:12+00:00,2026-08-01T06:48:37+08:00,search,desktop,browser,78,76
crawler-0116,crawl-116,,guide-map,history-v1,page_view,2026-08-08T16:25:08+00:00,2026-08-08T16:25:09+00:00,campaign,desktop,crawler,,
crawler-0165,crawl-165,,guide-map,history-v1,page_view,2026-08-08T16:35:45+00:00,2026-08-08T16:35:46+00:00,campaign,desktop,crawler,,
e-02-0054-page_view,s-02-0054,anon-0022-2,guide-expense,history-v1,page_view,2026-08-10T19:50:42+00:00,2026-08-11T03:51:11+08:00,direct,mobile,browser,,
e-02-0053-page_view,s-02-0053,anon-0029-2,guide-expense,history-v1,page_view,2026-08-02T10:31:52+08:00,2026-08-02T02:32:46+00:00,search,desktop,browser,,
e-02-0012-page_view,s-02-0012,anon-0020-2,guide-expense,history-v1,page_view,2026-08-01T08:18:48+00:00,2026-08-01T16:19:39+08:00,search,desktop,browser,,
e-04-0102-page_view,s-04-0102,anon-0020-4,guide-map,history-v1,page_view,2026-08-04T01:32:22+00:00,2026-08-04T09:32:40+08:00,direct,mobile,browser,,
e-00-0092-read_end,s-00-0092,anon-0121-0,guide-account,history-v1,read_end,2026-08-05T11:55:51+08:00,2026-08-05T03:57:00+00:00,direct,desktop,browser,50,90
e-01-0186-page_view,s-01-0186,anon-0040-1,guide-device,history-v1,page_view,2026-08-02T11:35:50+00:00,2026-08-02T19:37:00+08:00,home,desktop,browser,,
e-03-0076-page_view,s-03-0076,anon-0051-3,guide-remote,history-v1,page_view,2026-08-12T18:42:43+08:00,2026-08-12T18:43:29+08:00,direct,desktop,browser,,
e-03-0094-read_end,s-03-0094,anon-0068-3,guide-remote,history-v1,read_end,2026-08-01T08:38:13+08:00,2026-08-01T08:39:26+08:00,direct,desktop,browser,165,28
e-01-0027-page_view,s-01-0027,anon-0086-1,guide-device,history-v1,page_view,2026-08-13T20:43:41+00:00,2026-08-14T04:44:17+08:00,search,desktop,browser,,
e-01-0144-read_end,s-01-0144,anon-0056-1,guide-device,history-v1,read_end,2026-08-09T03:05:15+00:00,2026-08-09T11:05:55+08:00,search,mobile,browser,69,7
e-04-0101-page_view,s-04-0101,anon-0125-4,guide-map,history-v1,page_view,2026-08-01T22:18:02+08:00,2026-08-01T14:19:08+00:00,home,desktop,browser,,
e-00-0100-page_view,s-00-0100,anon-0072-0,guide-account,history-v1,page_view,2026-08-12T06:08:08+08:00,2026-08-12T06:08:10+08:00,campaign,desktop,browser,,
e-01-0098-page_view,s-01-0098,anon-0070-1,guide-device,history-v1,page_view,2026-08-09T14:15:25+08:00,2026-08-09T06:16:36+00:00,home,mobile,browser,,
e-05-0106-page_view,s-05-0106,anon-0009-5,guide-permission,history-v1,page_view,2026-08-05T03:53:30+08:00,2026-08-05T03:54:42+08:00,search,mobile,browser,,
e-02-0046-read_end,s-02-0046,anon-0005-2,guide-expense,history-v1,read_end,2026-08-07T01:50:03+08:00,2026-08-07T01:51:25+08:00,home,desktop,browser,31,98
e-05-0001-read_end,s-05-0001,anon-0042-5,guide-permission,history-v1,read_end,2026-08-03T11:59:55+08:00,2026-08-03T12:00:57+08:00,search,desktop,browser,3,89
e-01-0049-page_view,s-01-0049,anon-0070-1,guide-device,history-v1,page_view,2026-08-01T16:14:28+08:00,2026-08-01T16:14:51+08:00,home,mobile,browser,,
e-03-0062-page_view,s-03-0062,anon-0006-3,guide-remote,history-v1,page_view,2026-08-08T03:48:31+08:00,2026-08-07T19:49:34+00:00,campaign,desktop,browser,,
e-00-0114-page_view,s-00-0114,anon-0020-0,guide-account,history-v1,page_view,2026-08-14T08:35:29+00:00,2026-08-14T16:35:38+08:00,home,desktop,browser,,
e-00-0057-page_view,s-00-0057,anon-0067-0,guide-account,history-v1,page_view,2026-08-14T09:40:21+00:00,2026-08-14T17:40:46+08:00,search,desktop,browser,,
e-04-0258-page_view,s-04-0258,anon-0144-4,guide-map,history-v1,page_view,2026-08-05T18:30:02+00:00,2026-08-06T02:31:31+08:00,search,desktop,browser,,
e-01-0004-read_end,s-01-0004,anon-0014-1,guide-device,history-v1,read_end,2026-08-08T05:15:39+08:00,2026-08-08T05:16:26+08:00,home,desktop,browser,102,95
crawler-0036,crawl-36,,guide-map,history-v1,page_view,2026-08-08T16:07:48+00:00,2026-08-08T16:07:49+00:00,campaign,desktop,crawler,,
e-04-0071-page_view,s-04-0071,anon-0148-4,guide-map,history-v1,page_view,2026-08-10T12:37:59+08:00,2026-08-10T04:38:54+00:00,direct,desktop,browser,,
e-02-0015-page_view,s-02-0015,anon-0000-2,guide-expense,history-v1,page_view,2026-08-05T18:56:31+00:00,2026-08-06T02:57:36+08:00,home,desktop,browser,,
e-06-0021-read_end,s-06-0021,anon-0018-6,guide-faq,history-v1,read_end,2026-08-05T15:29:21+00:00,2026-08-05T23:30:43+08:00,search,mobile,browser,106,98
e-04-0130-page_view,s-04-0130,anon-0062-4,guide-map,history-v1,page_view,2026-08-09T08:54:55+08:00,2026-08-09T08:55:05+08:00,direct,desktop,browser,,
crawler-0117,crawl-117,,guide-map,history-v1,page_view,2026-08-08T16:25:21+00:00,2026-08-08T16:25:22+00:00,campaign,desktop,crawler,,
e-01-0114-read_end,s-01-0114,,guide-device,history-v1,read_end,2026-08-10T10:10:58+00:00,2026-08-10T18:11:17+08:00,campaign,desktop,browser,131,76
e-00-0244-page_view,s-00-0244,anon-0056-0,guide-account,history-v1,page_view,2026-08-07T20:37:31+08:00,2026-08-07T20:37:48+08:00,home,mobile,browser,,
e-03-0125-read_end,s-03-0125,anon-0050-3,guide-remote,history-v1,read_end,2026-08-12T10:37:35+08:00,2026-08-12T02:38:41+00:00,search,desktop,browser,83,73
e-04-0263-read_end,s-04-0263,anon-0129-4,guide-map,history-v1,read_end,2026-08-06T11:44:21+08:00,2026-08-06T03:45:24+00:00,search,mobile,browser,3,75
e-02-0016-page_view,s-02-0016,anon-0003-2,guide-expense,history-v1,page_view,2026-08-02T19:57:52+08:00,2026-08-02T19:58:33+08:00,search,mobile,browser,,
e-01-0131-read_end,s-01-0131,anon-0078-1,guide-device,history-v1,read_end,2026-08-08T12:57:15+08:00,2026-08-08T04:58:32+00:00,search,mobile,browser,12,97
e-03-0130-read_end,s-03-0130,,guide-remote,history-v1,read_end,2026-08-07T21:18:09+08:00,2026-08-07T21:19:38+08:00,direct,mobile,browser,18,15
e-03-0019-page_view,s-03-0019,anon-0002-3,guide-remote,history-v1,page_view,2026-08-02T17:39:10+08:00,2026-08-02T17:39:43+08:00,home,desktop,browser,,
e-07-0014-read_end,s-07-0014,anon-0006-7,guide-search,history-v1,read_end,2026-08-13T11:11:25+08:00,2026-08-13T03:12:50+00:00,search,desktop,browser,193,99
e-00-0107-page_view,s-00-0107,anon-0014-0,guide-account,history-v1,page_view,2026-08-02T22:28:50+08:00,2026-08-02T14:29:24+00:00,search,desktop,browser,,
e-03-0110-page_view,s-03-0110,anon-0031-3,guide-remote,history-v1,page_view,2026-08-06T11:34:26+08:00,2026-08-06T03:34:46+00:00,home,desktop,browser,,
e-03-0045-read_end,s-03-0045,anon-0074-3,guide-remote,history-v1,read_end,2026-08-05T15:27:56+00:00,2026-08-05T23:28:27+08:00,home,mobile,browser,15,24
e-02-0029-page_view,s-02-0029,anon-0028-2,guide-expense,history-v1,page_view,2026-08-06T11:45:02+08:00,2026-08-06T03:45:11+00:00,search,mobile,browser,,
crawler-0014,crawl-14,,guide-map,history-v1,page_view,2026-08-08T16:03:02+00:00,2026-08-08T16:03:03+00:00,campaign,desktop,crawler,,
e-04-0147-page_view,s-04-0147,anon-0074-4,guide-map,history-v1,page_view,2026-08-06T00:47:16+00:00,2026-08-06T08:47:21+08:00,search,desktop,browser,,
e-04-0219-read_end,s-04-0219,anon-0090-4,guide-map,history-v1,read_end,2026-08-08T17:33:07+00:00,2026-08-09T01:33:43+08:00,search,desktop,browser,51,99
e-04-0326-page_view,s-04-0326,anon-0108-4,guide-map,history-v1,page_view,2026-08-08T12:43:06+08:00,2026-08-08T04:44:04+00:00,campaign,mobile,browser,,
e-05-0040-page_view,s-05-0040,anon-0040-5,guide-permission,history-v1,page_view,2026-08-11T17:35:26+08:00,2026-08-11T17:35:58+08:00,home,mobile,browser,,
e-07-0001-read_end,s-07-0001,anon-0002-7,guide-search,history-v1,read_end,2026-08-14T13:58:20+08:00,2026-08-14T13:59:32+08:00,search,desktop,browser,101,93
e-05-0107-page_view,s-05-0107,anon-0047-5,guide-permission,history-v1,page_view,2026-08-08T01:16:43+08:00,2026-08-07T17:16:46+00:00,direct,desktop,browser,,
e-00-0221-read_end,s-00-0221,anon-0055-0,guide-account,history-v1,read_end,2026-08-11T11:59:07+08:00,2026-08-11T04:00:14+00:00,direct,desktop,browser,113,48
e-00-0004-page_view,s-00-0004,anon-0093-0,guide-account,history-v1,page_view,2026-08-13T10:58:13+08:00,2026-08-13T10:58:20+08:00,direct,mobile,browser,,
e-02-0056-page_view,s-02-0056,anon-0015-2,guide-expense,history-v1,page_view,2026-08-01T04:26:46+08:00,2026-07-31T20:27:31+00:00,search,mobile,browser,,
e-00-0030-read_end,s-00-0030,anon-0047-0,guide-account,history-v1,read_end,2026-08-03T09:59:09+00:00,2026-08-03T17:59:39+08:00,search,mobile,browser,136,49
e-00-0182-read_end,s-00-0182,,guide-account,history-v1,read_end,2026-08-06T15:19:04+08:00,2026-08-06T07:19:41+00:00,search,desktop,browser,202,87
e-00-0109-page_view,s-00-0109,anon-0004-0,guide-account,history-v1,page_view,2026-08-11T23:43:04+08:00,2026-08-11T23:43:17+08:00,search,desktop,browser,,
e-04-0209-read_end,s-04-0209,anon-0132-4,guide-map,history-v1,read_end,2026-08-09T11:38:14+08:00,2026-08-09T03:38:39+00:00,home,desktop,browser,113,24
e-00-0080-page_view,s-00-0080,anon-0051-0,guide-account,history-v1,page_view,2026-08-01T19:40:44+08:00,2026-08-01T11:41:21+00:00,home,mobile,browser,,
e-00-0121-page_view,s-00-0121,anon-0128-0,guide-account,history-v1,page_view,2026-08-04T14:31:19+08:00,2026-08-04T14:31:41+08:00,home,desktop,browser,,
e-00-0109-read_end,s-00-0109,anon-0004-0,guide-account,history-v1,read_end,2026-08-11T23:45:50+08:00,2026-08-11T23:46:30+08:00,search,desktop,browser,166,49
e-04-0079-page_view,s-04-0079,anon-0106-4,guide-map,history-v1,page_view,2026-08-14T12:22:30+08:00,2026-08-14T12:23:50+08:00,search,desktop,browser,,
e-04-0278-read_end,s-04-0278,anon-0081-4,guide-map,history-v1,read_end,2026-08-11T12:18:48+08:00,2026-08-11T04:18:49+00:00,direct,desktop,browser,51,47
e-04-0043-page_view,s-04-0043,anon-0000-4,guide-map,history-v1,page_view,2026-08-01T20:56:17+08:00,2026-08-01T20:57:08+08:00,campaign,desktop,browser,,
e-04-0282-page_view,s-04-0282,anon-0135-4,guide-map,history-v1,page_view,2026-08-12T19:25:23+00:00,2026-08-13T03:26:03+08:00,search,mobile,browser,,
e-00-0004-read_end,s-00-0004,anon-0093-0,guide-account,history-v1,read_end,2026-08-13T11:00:09+08:00,2026-08-13T11:01:07+08:00,direct,mobile,browser,116,78
e-06-0013-page_view,s-06-0013,anon-0015-6,guide-faq,history-v1,page_view,2026-08-03T01:58:15+08:00,2026-08-03T01:58:31+08:00,home,desktop,browser,,
e-00-0231-read_end,s-00-0231,anon-0004-0,guide-account,history-v1,read_end,2026-08-02T18:36:03+00:00,2026-08-03T02:37:22+08:00,search,mobile,browser,95,88
e-05-0003-page_view,s-05-0003,anon-0025-5,guide-permission,history-v1,page_view,2026-08-02T22:26:38+00:00,2026-08-03T06:27:26+08:00,search,desktop,browser,,
e-03-0116-read_end,s-03-0116,anon-0016-3,guide-remote,history-v1,read_end,2026-08-13T07:18:28+08:00,2026-08-12T23:18:35+00:00,search,mobile,browser,5,15
e-01-0059-read_end,s-01-0059,anon-0003-1,guide-device,history-v1,read_end,2026-08-08T02:41:40+08:00,2026-08-07T18:42:54+00:00,direct,mobile,browser,116,92
e-04-0285-page_view,s-04-0285,,guide-map,history-v1,page_view,2026-08-02T17:48:59+00:00,2026-08-03T01:49:14+08:00,home,desktop,browser,,
e-01-0055-read_end,s-01-0055,anon-0004-1,guide-device,history-v1,read_end,2026-08-13T20:27:57+08:00,2026-08-13T20:28:20+08:00,home,desktop,browser,55,29
e-01-0092-page_view,s-01-0092,anon-0017-1,guide-device,history-v1,page_view,2026-08-02T20:29:25+08:00,2026-08-02T12:29:46+00:00,search,mobile,browser,,
e-00-0059-page_view,s-00-0059,anon-0080-0,guide-account,history-v1,page_view,2026-08-09T06:18:54+08:00,2026-08-08T22:20:23+00:00,direct,desktop,browser,,
e-04-0091-read_end,s-04-0091,anon-0152-4,guide-map,history-v1,read_end,2026-08-02T15:59:01+08:00,2026-08-02T16:00:27+08:00,search,mobile,browser,49,28
e-04-0116-page_view,s-04-0116,anon-0059-4,guide-map,history-v1,page_view,2026-08-04T06:13:42+08:00,2026-08-03T22:14:14+00:00,direct,mobile,browser,,
e-01-0053-read_end,s-01-0053,anon-0068-1,guide-device,history-v1,read_end,2026-08-08T15:34:52+08:00,2026-08-08T07:35:11+00:00,home,desktop,browser,147,15
e-03-0068-page_view,s-03-0068,anon-0014-3,guide-remote,history-v1,page_view,2026-08-10T05:42:53+08:00,2026-08-09T21:43:30+00:00,search,mobile,browser,,
e-00-0016-read_end,s-00-0016,anon-0118-0,guide-account,history-v1,read_end,2026-08-13T06:08:00+08:00,2026-08-13T06:08:26+08:00,home,mobile,browser,104,73
e-00-0175-page_view,s-00-0175,anon-0024-0,guide-account,history-v1,page_view,2026-08-12T08:18:26+08:00,2026-08-12T08:19:33+08:00,search,mobile,browser,,
e-04-0022-page_view,s-04-0022,anon-0125-4,guide-map,history-v1,page_view,2026-08-11T17:45:51+08:00,2026-08-11T17:46:14+08:00,direct,desktop,browser,,
e-07-0001-page_view,s-07-0001,anon-0002-7,guide-search,history-v1,page_view,2026-08-14T13:56:39+08:00,2026-08-14T13:58:04+08:00,search,desktop,browser,,
e-02-0079-read_end,s-02-0079,anon-0013-2,guide-expense,history-v1,read_end,2026-08-08T20:03:33+08:00,2026-08-08T20:04:35+08:00,home,mobile,browser,78,84
crawler-0143,crawl-143,,guide-map,history-v1,page_view,2026-08-08T16:30:59+00:00,2026-08-08T16:31:00+00:00,campaign,desktop,crawler,,
crawler-0039,crawl-39,,guide-map,history-v1,page_view,2026-08-08T16:08:27+00:00,2026-08-08T16:08:28+00:00,campaign,desktop,crawler,,
e-00-0104-read_end,s-00-0104,anon-0098-0,guide-account,history-v1,read_end,2026-08-03T05:48:47+08:00,2026-08-02T21:48:49+00:00,direct,mobile,browser,175,29
crawler-0119,crawl-119,,guide-map,history-v1,page_view,2026-08-08T16:25:47+00:00,2026-08-08T16:25:48+00:00,campaign,desktop,crawler,,
e-04-0244-read_end,s-04-0244,anon-0033-4,guide-map,history-v1,read_end,2026-08-09T19:44:28+08:00,2026-08-09T19:45:39+08:00,campaign,desktop,browser,203,44
e-03-0092-read_end,s-03-0092,anon-0065-3,guide-remote,history-v1,read_end,2026-08-02T23:34:33+08:00,2026-08-02T15:35:18+00:00,direct,mobile,browser,5,21
e-04-0215-read_end,s-04-0215,anon-0077-4,guide-map,history-v1,read_end,2026-08-09T03:34:03+08:00,2026-08-08T19:34:29+00:00,search,mobile,browser,16,80
e-04-0113-page_view,s-04-0113,anon-0046-4,guide-map,history-v1,page_view,2026-08-07T03:41:53+08:00,2026-08-06T19:43:21+00:00,direct,mobile,browser,,
e-01-0176-read_end,s-01-0176,anon-0074-1,guide-device,history-v1,read_end,2026-08-02T13:12:52+08:00,2026-08-02T05:13:33+00:00,search,desktop,browser,16,88
e-01-0104-page_view,s-01-0104,anon-0009-1,guide-device,history-v1,page_view,2026-08-14T13:04:13+08:00,2026-08-14T05:04:20+00:00,campaign,desktop,browser,,
e-04-0017-read_end,s-04-0017,anon-0104-4,guide-map,history-v1,read_end,2026-08-08T14:40:00+08:00,2026-08-08T06:40:05+00:00,direct,desktop,browser,15,78
e-07-0003-page_view,s-07-0003,anon-0002-7,guide-search,history-v1,page_view,2026-08-13T13:40:04+00:00,2026-08-13T21:40:54+08:00,campaign,desktop,browser,,
e-00-0099-read_end,s-00-0099,anon-0100-0,guide-account,history-v1,read_end,2026-08-13T09:50:22+00:00,2026-08-13T17:51:19+08:00,search,mobile,browser,200,88
e-04-0169-read_end,s-04-0169,anon-0149-4,guide-map,history-v1,read_end,2026-08-07T13:49:22+08:00,2026-08-07T13:50:06+08:00,campaign,desktop,browser,48,93
e-02-0086-read_end,s-02-0086,anon-0023-2,guide-expense,history-v1,read_end,2026-08-09T04:23:26+08:00,2026-08-08T20:24:51+00:00,search,desktop,browser,144,74
e-04-0129-read_end,s-04-0129,,guide-map,history-v1,read_end,2026-08-07T10:36:12+00:00,2026-08-07T18:36:49+08:00,direct,desktop,browser,142,78
e-00-0008-read_end,s-00-0008,anon-0051-0,guide-account,history-v1,read_end,2026-08-10T23:49:41+08:00,2026-08-10T15:50:42+00:00,home,desktop,browser,8,82
e-03-0076-read_end,s-03-0076,anon-0051-3,guide-remote,history-v1,read_end,2026-08-12T18:44:19+08:00,2026-08-12T18:45:02+08:00,direct,desktop,browser,96,74
e-00-0141-read_end,s-00-0141,anon-0078-0,guide-account,history-v1,read_end,2026-08-12T02:21:41+00:00,2026-08-12T10:22:44+08:00,home,mobile,browser,85,73
e-04-0013-read_end,s-04-0013,anon-0164-4,guide-map,history-v1,read_end,2026-08-08T16:48:07+08:00,2026-08-08T16:48:54+08:00,home,desktop,browser,177,89
e-04-0225-page_view,s-04-0225,anon-0050-4,guide-map,history-v1,page_view,2026-08-11T19:46:10+00:00,2026-08-12T03:46:29+08:00,search,desktop,browser,,
e-04-0155-read_end,s-04-0155,anon-0033-4,guide-map,history-v1,read_end,2026-08-03T08:49:25+08:00,2026-08-03T00:49:48+00:00,campaign,desktop,browser,79,97
e-04-0125-page_view,s-04-0125,anon-0152-4,guide-map,history-v1,page_view,2026-08-14T04:05:38+08:00,2026-08-13T20:05:57+00:00,campaign,desktop,browser,,
e-02-0087-page_view,s-02-0087,anon-0035-2,guide-expense,history-v1,page_view,2026-08-13T07:42:33+00:00,2026-08-13T15:43:49+08:00,search,desktop,browser,,
e-00-0010-page_view,s-00-0010,anon-0042-0,guide-account,history-v1,page_view,2026-08-04T08:51:33+08:00,2026-08-04T08:52:49+08:00,home,mobile,browser,,
e-03-0000-page_view,s-03-0000,anon-0059-3,guide-remote,history-v1,page_view,2026-08-02T14:36:24+00:00,2026-08-03T22:36:40+08:00,direct,desktop,browser,,
e-05-0042-page_view,s-05-0042,anon-0033-5,guide-permission,history-v1,page_view,2026-08-14T12:47:29+00:00,2026-08-14T20:48:38+08:00,search,desktop,browser,,
e-04-0212-read_end,s-04-0212,anon-0118-4,guide-map,history-v1,read_end,2026-08-09T12:15:59+08:00,2026-08-09T04:16:07+00:00,search,desktop,browser,235,89
e-00-0131-page_view,s-00-0131,anon-0041-0,guide-account,history-v1,page_view,2026-08-12T01:49:19+08:00,2026-08-11T17:50:39+00:00,search,desktop,browser,,
e-01-0090-page_view,s-01-0090,anon-0086-1,guide-device,history-v1,page_view,2026-08-10T17:29:41+00:00,2026-08-11T01:29:50+08:00,search,mobile,browser,,
e-02-0014-read_end,s-02-0014,anon-0018-2,guide-expense,history-v1,read_end,2026-08-08T21:00:08+08:00,2026-08-08T13:00:22+00:00,search,mobile,browser,92,83
crawler-0178,crawl-178,,guide-map,history-v1,page_view,2026-08-08T16:38:34+00:00,2026-08-08T16:38:35+00:00,campaign,desktop,crawler,,
e-04-0092-page_view,s-04-0092,anon-0058-4,guide-map,history-v1,page_view,2026-08-14T04:18:38+08:00,2026-08-13T20:18:42+00:00,search,desktop,browser,,
e-01-0053-page_view,s-01-0053,anon-0068-1,guide-device,history-v1,page_view,2026-08-08T15:32:25+08:00,2026-08-08T07:32:55+00:00,home,desktop,browser,,
e-05-0077-read_end,s-05-0077,anon-0038-5,guide-permission,history-v1,read_end,2026-08-02T22:28:24+08:00,2026-08-02T14:28:45+00:00,search,desktop,browser,112,100
e-00-0060-page_view,s-00-0060,anon-0037-0,guide-account,history-v1,page_view,2026-08-11T18:25:15+00:00,2026-08-12T02:25:50+08:00,home,desktop,browser,,
e-04-0188-page_view,s-04-0188,anon-0005-4,guide-map,history-v1,page_view,2026-08-03T12:52:18+08:00,2026-08-03T04:53:17+00:00,direct,mobile,browser,,
e-03-0130-page_view,s-03-0130,,guide-remote,history-v1,page_view,2026-08-07T21:17:51+08:00,2026-08-07T21:19:10+08:00,direct,mobile,browser,,
e-05-0082-page_view,s-05-0082,anon-0005-5,guide-permission,history-v1,page_view,2026-08-07T11:59:34+08:00,2026-08-08T11:59:38+08:00,campaign,desktop,browser,,
e-01-0056-read_end,s-01-0056,anon-0051-1,guide-device,history-v1,read_end,2026-08-04T11:31:51+08:00,2026-08-04T03:33:19+00:00,search,mobile,browser,86,94
e-00-0035-read_end,s-00-0035,anon-0119-0,guide-account,history-v1,read_end,2026-08-12T00:58:55+08:00,2026-08-11T16:59:04+00:00,search,mobile,browser,97,94
e-03-0014-page_view,s-03-0014,anon-0076-3,guide-remote,history-v1,page_view,2026-08-14T05:12:09+08:00,2026-08-13T21:12:28+00:00,search,desktop,browser,,
e-00-0149-read_end,s-00-0149,anon-0056-0,guide-account,history-v1,read_end,2026-08-06T09:25:45+08:00,2026-08-06T01:27:05+00:00,search,mobile,browser,106,54
e-00-0166-page_view,s-00-0166,anon-0067-0,guide-account,history-v1,page_view,2026-08-13T07:18:31+08:00,2026-08-13T07:19:33+08:00,search,desktop,browser,,
e-02-0049-read_end,s-02-0049,anon-0009-2,guide-expense,history-v1,read_end,2026-08-11T14:43:09+08:00,2026-08-11T14:44:15+08:00,search,desktop,browser,219,21
e-06-0060-read_end,s-06-0060,anon-0006-6,guide-faq,history-v1,read_end,2026-08-12T17:40:23+00:00,2026-08-13T01:41:35+08:00,search,mobile,browser,83,94
e-04-0070-read_end,s-04-0070,anon-0059-4,guide-map,history-v1,read_end,2026-08-07T17:14:46+08:00,2026-08-07T17:15:34+08:00,search,mobile,browser,171,85
e-04-0318-read_end,s-04-0318,anon-0106-4,guide-map,history-v1,read_end,2026-08-08T13:50:01+00:00,2026-08-08T21:51:12+08:00,search,mobile,browser,18,81
e-04-0085-page_view,s-04-0085,anon-0129-4,guide-map,history-v1,page_view,2026-08-13T13:10:35+08:00,2026-08-13T13:11:23+08:00,home,desktop,browser,,
e-02-0094-read_end,s-02-0094,anon-0044-2,guide-expense,history-v1,read_end,2026-08-03T11:23:18+08:00,2026-08-03T11:24:18+08:00,search,desktop,browser,64,79
crawler-0118,crawl-118,,guide-map,history-v1,page_view,2026-08-08T16:25:34+00:00,2026-08-08T16:25:35+00:00,campaign,desktop,crawler,,
e-03-0043-page_view,s-03-0043,anon-0015-3,guide-remote,history-v1,page_view,2026-08-14T17:01:10+08:00,2026-08-14T17:01:42+08:00,search,mobile,browser,,
e-00-0130-page_view,s-00-0130,anon-0072-0,guide-account,history-v1,page_view,2026-08-08T18:18:42+08:00,2026-08-08T18:19:37+08:00,home,desktop,browser,,
e-00-0098-read_end,s-00-0098,anon-0009-0,guide-account,history-v1,read_end,2026-08-14T09:10:52+08:00,2026-08-14T01:10:53+00:00,home,desktop,browser,28,24
e-02-0053-read_end,s-02-0053,anon-0029-2,guide-expense,history-v1,read_end,2026-08-02T10:32:59+08:00,2026-08-02T02:33:45+00:00,search,desktop,browser,67,19
e-04-0289-page_view,s-04-0289,anon-0109-4,guide-map,history-v1,page_view,2026-08-10T00:32:11+08:00,2026-08-10T00:33:20+08:00,direct,desktop,browser,,
e-06-0059-page_view,s-06-0059,anon-0028-6,guide-faq,history-v1,page_view,2026-08-08T09:54:47+08:00,2026-08-08T01:55:35+00:00,home,mobile,browser,,
e-06-0052-read_end,s-06-0052,anon-0031-6,guide-faq,history-v1,read_end,2026-08-13T08:43:33+08:00,2026-08-13T08:44:26+08:00,home,desktop,browser,185,76
e-04-0005-read_end,s-04-0005,,guide-map,history-v1,read_end,2026-08-10T23:16:34+08:00,2026-08-10T15:16:36+00:00,direct,desktop,browser,167,100
e-04-0248-read_end,s-04-0248,anon-0012-4,guide-map,history-v1,read_end,2026-08-03T22:33:17+08:00,2026-08-03T14:34:04+00:00,search,desktop,browser,243,87
e-00-0118-read_end,s-00-0118,anon-0026-0,guide-account,history-v1,read_end,2026-08-06T12:03:27+08:00,2026-08-06T12:03:39+08:00,home,desktop,browser,278,50
e-04-0151-read_end,s-04-0151,anon-0143-4,guide-map,history-v1,read_end,2026-08-05T18:40:25+08:00,2026-08-05T18:41:43+08:00,campaign,mobile,browser,146,95
e-00-0012-read_end,s-00-0012,anon-0053-0,guide-account,history-v1,read_end,2026-08-06T14:36:52+00:00,2026-08-06T22:37:22+08:00,direct,mobile,browser,161,72
e-00-0057-read_end,s-00-0057,anon-0067-0,guide-account,history-v1,read_end,2026-08-14T09:42:29+00:00,2026-08-14T17:42:51+08:00,search,desktop,browser,128,10
e-04-0055-page_view,s-04-0055,anon-0110-4,guide-map,history-v1,page_view,2026-08-11T16:44:17+08:00,2026-08-11T16:45:24+08:00,home,desktop,browser,,
e-00-0094-page_view,s-00-0094,anon-0027-0,guide-account,history-v1,page_view,2026-08-01T18:42:17+08:00,2026-08-01T18:43:11+08:00,search,mobile,browser,,
e-00-0211-page_view,s-00-0211,anon-0065-0,guide-account,history-v1,page_view,2026-08-12T16:48:38+08:00,2026-08-12T16:49:08+08:00,search,desktop,browser,,
e-04-0215-page_view,s-04-0215,anon-0077-4,guide-map,history-v1,page_view,2026-08-09T03:33:47+08:00,2026-08-08T19:35:13+00:00,search,mobile,browser,,
e-03-0004-read_end,s-03-0004,anon-0018-3,guide-remote,history-v1,read_end,2026-08-12T07:32:49+08:00,2026-08-12T07:33:07+08:00,search,mobile,browser,34,33
e-01-0116-page_view,s-01-0116,anon-0077-1,guide-device,history-v1,page_view,2026-08-03T17:07:55+08:00,2026-08-03T09:08:53+00:00,search,desktop,browser,,
e-01-0060-read_end,s-01-0060,anon-0072-1,guide-device,history-v1,read_end,2026-08-01T20:17:57+00:00,2026-08-02T04:18:42+08:00,search,desktop,browser,20,76
e-01-0067-read_end,s-01-0067,anon-0034-1,guide-device,history-v1,read_end,2026-08-14T17:28:17+08:00,2026-08-14T17:28:36+08:00,direct,mobile,browser,134,83
e-01-0060-page_view,s-01-0060,anon-0072-1,guide-device,history-v1,page_view,2026-08-01T20:17:37+00:00,2026-08-02T04:18:06+08:00,search,desktop,browser,,
e-02-0013-read_end,s-02-0013,anon-0036-2,guide-expense,history-v1,read_end,2026-08-12T05:05:14+08:00,2026-08-12T05:05:32+08:00,search,desktop,browser,76,92
e-00-0082-page_view,s-00-0082,anon-0080-0,guide-account,history-v1,page_view,2026-08-06T03:53:14+08:00,2026-08-07T03:53:53+08:00,home,mobile,browser,,
e-05-0064-page_view,s-05-0064,anon-0006-5,guide-permission,history-v1,page_view,2026-08-08T19:28:08+08:00,2026-08-08T19:28:54+08:00,search,mobile,browser,,
e-04-0039-page_view,s-04-0039,anon-0109-4,guide-map,history-v1,page_view,2026-08-13T23:14:10+00:00,2026-08-14T07:14:48+08:00,campaign,mobile,browser,,
e-02-0093-page_view,s-02-0093,anon-0004-2,guide-expense,history-v1,page_view,2026-08-06T15:51:09+00:00,2026-08-06T23:51:34+08:00,search,mobile,browser,,
e-02-0033-read_end,s-02-0033,anon-0012-2,guide-expense,history-v1,read_end,2026-08-02T05:29:42+00:00,2026-08-02T13:29:49+08:00,home,desktop,browser,63,79
e-00-0049-page_view,s-00-0049,anon-0093-0,guide-account,history-v1,page_view,2026-08-11T13:02:31+08:00,2026-08-11T13:03:34+08:00,home,mobile,browser,,
e-04-0205-page_view,s-04-0205,anon-0099-4,guide-map,history-v1,page_view,2026-08-12T19:41:20+08:00,2026-08-13T19:41:35+08:00,direct,desktop,browser,,
e-04-0033-page_view,s-04-0033,anon-0160-4,guide-map,history-v1,page_view,2026-08-13T23:00:09+00:00,2026-08-14T07:01:07+08:00,home,desktop,browser,,
e-01-0086-page_view,s-01-0086,anon-0005-1,guide-device,history-v1,page_view,2026-08-06T03:30:51+08:00,2026-08-05T19:32:18+00:00,search,mobile,browser,,
e-03-0059-page_view,s-03-0059,anon-0042-3,guide-remote,history-v1,page_view,2026-08-11T20:03:39+08:00,2026-08-11T12:04:42+00:00,campaign,mobile,browser,,
e-06-0014-page_view,s-06-0014,anon-0018-6,guide-faq,history-v1,page_view,2026-08-05T09:58:54+08:00,2026-08-05T01:59:12+00:00,home,desktop,browser,,
e-00-0031-read_end,s-00-0031,,guide-account,history-v1,read_end,2026-08-04T12:35:34+08:00,2026-08-04T12:36:38+08:00,home,mobile,browser,208,22
e-04-0088-read_end,s-04-0088,anon-0046-4,guide-map,history-v1,read_end,2026-08-11T23:17:55+08:00,2026-08-11T23:19:25+08:00,home,mobile,browser,183,93
e-00-0074-read_end,s-00-0074,anon-0053-0,guide-account,history-v1,read_end,2026-08-10T06:08:02+08:00,2026-08-09T22:08:09+00:00,search,mobile,browser,49,8
e-01-0023-read_end,s-01-0023,anon-0080-1,guide-device,history-v1,read_end,2026-08-13T23:59:58+08:00,2026-08-13T16:00:41+00:00,search,desktop,browser,32,75
e-04-0036-page_view,s-04-0036,anon-0004-4,guide-map,history-v1,page_view,2026-08-08T13:12:37+00:00,2026-08-08T21:12:38+08:00,search,mobile,browser,,
e-00-0128-read_end,s-00-0128,anon-0105-0,guide-account,history-v1,read_end,2026-08-04T13:02:47+08:00,2026-08-04T05:03:26+00:00,search,mobile,browser,111,27
e-04-0249-read_end,s-04-0249,anon-0056-4,guide-map,history-v1,read_end,2026-08-08T07:43:35+00:00,2026-08-08T15:43:58+08:00,direct,mobile,browser,200,99
e-01-0036-read_end,s-01-0036,anon-0033-1,guide-device,history-v1,read_end,2026-08-09T05:24:24+00:00,2026-08-09T13:24:41+08:00,search,mobile,browser,220,50
e-04-0179-read_end,s-04-0179,anon-0033-4,guide-map,history-v1,read_end,2026-08-13T07:38:29+08:00,2026-08-12T23:38:57+00:00,home,mobile,browser,3,81
e-00-0201-page_view,s-00-0201,anon-0089-0,guide-account,history-v1,page_view,2026-08-12T04:22:46+00:00,2026-08-12T12:23:18+08:00,search,mobile,browser,,
e-00-0068-page_view,s-00-0068,anon-0089-0,guide-account,history-v1,page_view,2026-08-07T02:05:50+08:00,2026-08-06T18:05:51+00:00,search,mobile,browser,,
e-03-0146-page_view,s-03-0146,anon-0046-3,guide-remote,history-v1,page_view,2026-08-06T17:33:24+08:00,2026-08-06T09:34:39+00:00,home,mobile,browser,,
e-05-0076-page_view,s-05-0076,anon-0043-5,guide-permission,history-v1,page_view,2026-08-08T12:44:05+08:00,2026-08-08T12:45:17+08:00,campaign,desktop,browser,,
e-00-0126-page_view,s-00-0126,anon-0029-0,guide-account,history-v1,page_view,2026-08-10T03:57:00+00:00,2026-08-10T11:57:11+08:00,search,desktop,browser,,
e-00-0232-read_end,s-00-0232,anon-0106-0,guide-account,history-v1,read_end,2026-08-12T07:12:43+08:00,2026-08-12T07:14:00+08:00,home,mobile,browser,22,77
e-00-0138-read_end,s-00-0138,anon-0107-0,guide-account,history-v1,read_end,2026-08-11T21:02:53+00:00,2026-08-12T05:03:34+08:00,home,desktop,browser,43,13
e-02-0023-page_view,s-02-0023,anon-0037-2,guide-expense,history-v1,page_view,2026-08-13T18:52:19+08:00,2026-08-13T10:53:25+00:00,search,desktop,browser,,
e-02-0058-page_view,s-02-0058,anon-0009-2,guide-expense,history-v1,page_view,2026-08-02T21:53:15+08:00,2026-08-02T21:54:32+08:00,search,desktop,browser,,
e-01-0020-page_view,s-01-0020,anon-0022-1,guide-device,history-v1,page_view,2026-08-13T08:07:16+08:00,2026-08-13T00:08:29+00:00,search,desktop,browser,,
e-05-0075-read_end,s-05-0075,anon-0023-5,guide-permission,history-v1,read_end,2026-08-03T17:52:15+00:00,2026-08-04T01:53:31+08:00,home,mobile,browser,179,84
e-04-0204-page_view,s-04-0204,anon-0052-4,guide-map,history-v1,page_view,2026-08-01T15:26:02+00:00,2026-08-01T23:26:55+08:00,home,mobile,browser,,
e-05-0009-page_view,s-05-0009,,guide-permission,history-v1,page_view,2026-08-09T16:52:54+00:00,2026-08-10T00:53:14+08:00,home,mobile,browser,,
e-00-0117-page_view,s-00-0117,anon-0098-0,guide-account,history-v1,page_view,2026-08-09T18:45:55+00:00,2026-08-10T02:46:44+08:00,search,mobile,browser,,
e-04-0283-read_end,s-04-0283,anon-0054-4,guide-map,history-v1,read_end,2026-08-13T06:08:10+08:00,2026-08-13T06:09:38+08:00,home,desktop,browser,81,85
e-04-0088-page_view,s-04-0088,anon-0046-4,guide-map,history-v1,page_view,2026-08-11T23:14:52+08:00,2026-08-11T23:15:10+08:00,home,mobile,browser,,
e-00-0206-read_end,s-00-0206,anon-0025-0,guide-account,history-v1,read_end,2026-08-10T03:08:41+08:00,2026-08-09T19:09:16+00:00,search,mobile,browser,142,30
e-02-0042-read_end,s-02-0042,anon-0033-2,guide-expense,history-v1,read_end,2026-08-03T18:00:19+00:00,2026-08-04T02:00:56+08:00,search,mobile,browser,129,99
e-01-0022-read_end,s-01-0022,anon-0025-1,guide-device,history-v1,read_end,2026-08-07T11:35:36+08:00,2026-08-07T11:35:59+08:00,search,mobile,browser,34,37
e-00-0017-page_view,s-00-0017,anon-0081-0,guide-account,history-v1,page_view,2026-08-04T16:51:22+08:00,2026-08-04T08:52:18+00:00,search,mobile,browser,,
crawler-0022,crawl-22,,guide-map,history-v1,page_view,2026-08-08T16:04:46+00:00,2026-08-08T16:04:47+00:00,campaign,desktop,crawler,,
e-00-0013-page_view,s-00-0013,anon-0064-0,guide-account,history-v1,page_view,2026-08-04T07:16:32+08:00,2026-08-04T07:17:22+08:00,home,desktop,browser,,
e-02-0039-read_end,s-02-0039,anon-0038-2,guide-expense,history-v1,read_end,2026-08-09T12:22:46+00:00,2026-08-09T20:23:19+08:00,search,desktop,browser,217,73
e-00-0037-page_view,s-00-0037,anon-0073-0,guide-account,history-v1,page_view,2026-08-13T18:30:04+08:00,2026-08-13T18:30:35+08:00,search,desktop,browser,,
e-03-0011-page_view,s-03-0011,,guide-remote,history-v1,page_view,2026-08-01T06:56:04+08:00,2026-07-31T22:56:43+00:00,search,mobile,browser,,
e-03-0037-read_end,s-03-0037,anon-0066-3,guide-remote,history-v1,read_end,2026-08-02T17:24:29+08:00,2026-08-02T17:25:45+08:00,search,mobile,browser,23,25
e-01-0174-read_end,s-01-0174,anon-0090-1,guide-device,history-v1,read_end,2026-08-01T08:00:59+00:00,2026-08-01T16:02:18+08:00,search,mobile,browser,48,84
e-06-0044-page_view,s-06-0044,anon-0022-6,guide-faq,history-v1,page_view,2026-08-08T01:51:21+08:00,2026-08-07T17:51:29+00:00,direct,desktop,browser,,
e-04-0320-page_view,s-04-0320,anon-0131-4,guide-map,history-v1,page_view,2026-08-10T15:57:29+08:00,2026-08-10T07:57:42+00:00,home,desktop,browser,,
e-05-0069-read_end,s-05-0069,anon-0045-5,guide-permission,history-v1,read_end,2026-08-01T08:06:31+00:00,2026-08-01T16:06:32+08:00,direct,desktop,browser,101,44
e-01-0158-page_view,s-01-0158,anon-0083-1,guide-device,history-v1,page_view,2026-08-03T10:14:41+08:00,2026-08-03T02:15:22+00:00,home,desktop,browser,,
e-01-0080-page_view,s-01-0080,,guide-device,history-v1,page_view,2026-08-01T22:58:09+08:00,2026-08-01T14:58:10+00:00,home,mobile,browser,,
e-00-0005-page_view,s-00-0005,anon-0101-0,guide-account,history-v1,page_view,2026-08-04T22:32:43+08:00,2026-08-04T14:33:00+00:00,campaign,mobile,browser,,
e-04-0093-read_end,s-04-0093,anon-0053-4,guide-map,history-v1,read_end,2026-08-12T02:04:05+00:00,2026-08-12T10:05:19+08:00,search,desktop,browser,138,73
e-04-0081-page_view,s-04-0081,anon-0053-4,guide-map,history-v1,page_view,2026-08-06T18:56:50+00:00,2026-08-07T02:57:22+08:00,campaign,desktop,browser,,
crawler-0073,crawl-73,,guide-map,history-v1,page_view,2026-08-08T16:15:49+00:00,2026-08-08T16:15:50+00:00,campaign,desktop,crawler,,
crawler-0166,crawl-166,,guide-map,history-v1,page_view,2026-08-08T16:35:58+00:00,2026-08-08T16:35:59+00:00,campaign,desktop,crawler,,
e-04-0046-read_end,s-04-0046,anon-0036-4,guide-map,history-v1,read_end,2026-08-08T07:23:29+08:00,2026-08-08T07:24:56+08:00,search,desktop,browser,61,98
e-05-0026-read_end,s-05-0026,anon-0022-5,guide-permission,history-v1,read_end,2026-08-11T00:33:34+08:00,2026-08-10T16:33:49+00:00,search,mobile,browser,78,75
e-03-0073-read_end,s-03-0073,anon-0048-3,guide-remote,history-v1,read_end,2026-08-04T13:30:44+08:00,2026-08-04T13:31:20+08:00,home,mobile,browser,18,35
e-04-0124-read_end,s-04-0124,,guide-map,history-v1,read_end,2026-08-14T19:50:50+08:00,2026-08-14T19:51:14+08:00,campaign,mobile,browser,38,74
e-00-0117-read_end,s-00-0117,anon-0098-0,guide-account,history-v1,read_end,2026-08-09T18:47:57+00:00,2026-08-10T02:48:10+08:00,search,mobile,browser,122,84
e-00-0026-page_view,s-00-0026,anon-0114-0,guide-account,history-v1,page_view,2026-08-12T18:00:50+08:00,2026-08-12T10:01:48+00:00,search,mobile,browser,,
e-03-0017-read_end,s-03-0017,anon-0041-3,guide-remote,history-v1,read_end,2026-08-14T22:16:03+08:00,2026-08-14T14:16:50+00:00,search,mobile,browser,34,27
e-00-0088-read_end,s-00-0088,anon-0128-0,guide-account,history-v1,read_end,2026-08-11T11:45:12+08:00,2026-08-11T11:45:42+08:00,search,mobile,browser,31,83
e-04-0056-read_end,s-04-0056,anon-0108-4,guide-map,history-v1,read_end,2026-08-04T11:32:14+08:00,2026-08-04T03:32:43+00:00,search,desktop,browser,82,95
e-00-0247-read_end,s-00-0247,anon-0076-0,guide-account,history-v1,read_end,2026-08-13T21:15:12+08:00,2026-08-13T21:16:26+08:00,search,mobile,browser,190,34
e-02-0075-page_view,s-02-0075,anon-0015-2,guide-expense,history-v1,page_view,2026-08-10T13:24:00+00:00,2026-08-10T21:24:11+08:00,search,desktop,browser,,
e-02-0044-page_view,s-02-0044,anon-0017-2,guide-expense,history-v1,page_view,2026-08-02T21:47:04+08:00,2026-08-02T13:47:15+00:00,search,mobile,browser,,
e-04-0323-read_end,s-04-0323,anon-0093-4,guide-map,history-v1,read_end,2026-08-13T15:10:58+08:00,2026-08-13T07:11:38+00:00,search,desktop,browser,47,89
e-02-0073-page_view,s-02-0073,anon-0036-2,guide-expense,history-v1,page_view,2026-08-06T07:17:51+08:00,2026-08-06T07:18:40+08:00,search,mobile,browser,,
crawler-0175,crawl-175,,guide-map,history-v1,page_view,2026-08-08T16:37:55+00:00,2026-08-08T16:37:56+00:00,campaign,desktop,crawler,,
e-04-0131-page_view,s-04-0131,anon-0056-4,guide-map,history-v1,page_view,2026-08-06T07:08:37+08:00,2026-08-05T23:08:47+00:00,search,desktop,browser,,
e-03-0083-page_view,s-03-0083,anon-0054-3,guide-remote,history-v1,page_view,2026-08-11T11:24:05+08:00,2026-08-11T03:24:23+00:00,direct,mobile,browser,,
e-02-0047-read_end,s-02-0047,anon-0018-2,guide-expense,history-v1,read_end,2026-08-02T09:39:50+08:00,2026-08-02T01:40:34+00:00,home,desktop,browser,69,97
e-00-0233-page_view,s-00-0233,anon-0077-0,guide-account,history-v1,page_view,2026-08-14T03:35:01+08:00,2026-08-13T19:35:47+00:00,home,desktop,browser,,
e-04-0221-read_end,s-04-0221,anon-0049-4,guide-map,history-v1,read_end,2026-08-11T22:44:34+08:00,2026-08-11T14:44:50+00:00,campaign,mobile,browser,154,75
e-04-0100-page_view,s-04-0100,anon-0134-4,guide-map,history-v1,page_view,2026-08-07T10:02:54+08:00,2026-08-07T10:03:39+08:00,search,mobile,browser,,
e-04-0298-read_end,s-04-0298,anon-0133-4,guide-map,history-v1,read_end,2026-08-08T07:07:36+08:00,2026-08-08T07:08:30+08:00,campaign,desktop,browser,79,80
e-01-0016-page_view,s-01-0016,anon-0067-1,guide-device,history-v1,page_view,2026-08-02T14:10:28+08:00,2026-08-02T14:11:34+08:00,search,mobile,browser,,
e-02-0060-page_view,s-02-0060,anon-0012-2,guide-expense,history-v1,page_view,2026-08-12T09:19:10+00:00,2026-08-12T17:20:26+08:00,campaign,mobile,browser,,
e-04-0231-page_view,s-04-0231,anon-0046-4,guide-map,history-v1,page_view,2026-08-06T18:29:42+00:00,2026-08-07T02:29:54+08:00,search,desktop,browser,,
e-02-0034-read_end,s-02-0034,anon-0020-2,guide-expense,history-v1,read_end,2026-08-13T04:44:56+08:00,2026-08-13T04:46:22+08:00,direct,desktop,browser,115,97
e-04-0290-page_view,s-04-0290,anon-0019-4,guide-map,history-v1,page_view,2026-08-11T20:18:49+08:00,2026-08-11T12:20:17+00:00,home,desktop,browser,,
crawler-0110,crawl-110,,guide-map,history-v1,page_view,2026-08-08T16:23:50+00:00,2026-08-08T16:23:51+00:00,campaign,desktop,crawler,,
e-01-0100-page_view,s-01-0100,anon-0082-1,guide-device,history-v1,page_view,2026-08-02T12:57:44+08:00,2026-08-02T12:58:13+08:00,home,mobile,browser,,
e-00-0237-read_end,s-00-0237,anon-0041-0,guide-account,history-v1,read_end,2026-08-07T00:25:12+00:00,2026-08-07T08:26:16+08:00,search,desktop,browser,167,98
e-03-0126-read_end,s-03-0126,anon-0040-3,guide-remote,history-v1,read_end,2026-08-01T05:00:30+00:00,2026-08-01T13:01:01+08:00,search,mobile,browser,22,20
e-03-0100-read_end,s-03-0100,anon-0041-3,guide-remote,history-v1,read_end,2026-08-13T10:28:03+08:00,2026-08-13T10:28:49+08:00,direct,mobile,browser,12,7
crawler-0077,crawl-77,,guide-map,history-v1,page_view,2026-08-08T16:16:41+00:00,2026-08-08T16:16:42+00:00,campaign,desktop,crawler,,
e-03-0007-page_view,s-03-0007,anon-0025-3,guide-remote,history-v1,page_view,2026-08-14T02:32:28+08:00,2026-08-14T02:33:28+08:00,home,desktop,browser,,
e-03-0059-read_end,s-03-0059,anon-0042-3,guide-remote,history-v1,read_end,2026-08-11T20:04:03+08:00,2026-08-11T12:04:25+00:00,campaign,mobile,browser,24,28
e-03-0103-page_view,s-03-0103,,guide-remote,history-v1,page_view,2026-08-08T10:42:57+08:00,2026-08-08T10:43:48+08:00,campaign,mobile,browser,,
e-00-0123-page_view,s-00-0123,anon-0124-0,guide-account,history-v1,page_view,2026-08-02T07:28:51+00:00,2026-08-03T15:29:13+08:00,search,desktop,browser,,
crawler-0045,crawl-45,,guide-map,history-v1,page_view,2026-08-08T16:09:45+00:00,2026-08-08T16:09:46+00:00,campaign,desktop,crawler,,
e-03-0038-read_end,s-03-0038,anon-0079-3,guide-remote,history-v1,read_end,2026-08-05T15:15:30+08:00,2026-08-05T07:16:00+00:00,search,mobile,browser,29,15
e-00-0098-page_view,s-00-0098,anon-0009-0,guide-account,history-v1,page_view,2026-08-14T09:10:24+08:00,2026-08-14T01:11:31+00:00,home,desktop,browser,,
crawler-0025,crawl-25,,guide-map,history-v1,page_view,2026-08-08T16:05:25+00:00,2026-08-08T16:05:26+00:00,campaign,desktop,crawler,,
e-06-0020-read_end,s-06-0020,anon-0027-6,guide-faq,history-v1,read_end,2026-08-01T01:54:32+08:00,2026-07-31T17:55:17+00:00,search,desktop,browser,50,79
e-01-0096-page_view,s-01-0096,anon-0008-1,guide-device,history-v1,page_view,2026-08-01T01:24:02+00:00,2026-08-01T09:24:12+08:00,search,mobile,browser,,
e-04-0303-page_view,s-04-0303,anon-0028-4,guide-map,history-v1,page_view,2026-08-01T01:02:38+00:00,2026-08-01T09:02:51+08:00,campaign,desktop,browser,,
e-04-0207-page_view,s-04-0207,anon-0021-4,guide-map,history-v1,page_view,2026-08-01T22:57:34+00:00,2026-08-02T06:58:49+08:00,search,mobile,browser,,
e-00-0085-page_view,s-00-0085,anon-0055-0,guide-account,history-v1,page_view,2026-08-14T18:06:45+08:00,2026-08-14T18:07:37+08:00,search,mobile,browser,,
e-05-0019-page_view,s-05-0019,anon-0006-5,guide-permission,history-v1,page_view,2026-08-01T23:49:17+08:00,2026-08-01T23:50:43+08:00,direct,desktop,browser,,
edge-01,s-00-0000,anon-0033-0,guide-account,history-v1,read_end,,2026-08-12T21:05:22+08:00,home,mobile,browser,151,84
e-01-0160-page_view,s-01-0160,anon-0093-1,guide-device,history-v1,page_view,2026-08-10T18:15:50+08:00,2026-08-10T18:15:54+08:00,search,desktop,browser,,
e-01-0035-read_end,s-01-0035,anon-0018-1,guide-device,history-v1,read_end,2026-08-01T07:37:30+08:00,2026-07-31T23:37:52+00:00,home,mobile,browser,194,93
e-01-0066-read_end,s-01-0066,anon-0053-1,guide-device,history-v1,read_end,2026-08-06T06:27:45+00:00,2026-08-06T14:29:06+08:00,home,mobile,browser,165,18
crawler-0072,crawl-72,,guide-map,history-v1,page_view,2026-08-08T16:15:36+00:00,2026-08-08T16:15:37+00:00,campaign,desktop,crawler,,
e-04-0322-page_view,s-04-0322,anon-0160-4,guide-map,history-v1,page_view,2026-08-10T07:24:26+08:00,2026-08-10T07:24:39+08:00,campaign,mobile,browser,,
e-05-0018-read_end,s-05-0018,anon-0049-5,guide-permission,history-v1,read_end,2026-08-03T08:03:34+00:00,2026-08-03T16:03:51+08:00,search,mobile,browser,157,5
crawler-0043,crawl-43,,guide-map,history-v1,page_view,2026-08-08T16:09:19+00:00,2026-08-08T16:09:20+00:00,campaign,desktop,crawler,,
e-03-0071-page_view,s-03-0071,anon-0074-3,guide-remote,history-v1,page_view,2026-08-13T14:35:37+08:00,2026-08-13T06:36:29+00:00,search,mobile,browser,,
e-00-0230-page_view,s-00-0230,anon-0077-0,guide-account,history-v1,page_view,2026-08-12T12:10:04+08:00,2026-08-12T04:11:03+00:00,direct,mobile,browser,,
e-00-0009-read_end,s-00-0009,anon-0007-0,guide-account,history-v1,read_end,2026-08-09T16:42:00+00:00,2026-08-10T00:42:23+08:00,home,desktop,browser,119,17
e-04-0122-read_end,s-04-0122,anon-0041-4,guide-map,history-v1,read_end,2026-08-09T16:59:14+08:00,2026-08-09T09:00:07+00:00,campaign,desktop,browser,31,99
e-00-0214-read_end,s-00-0214,anon-0070-0,guide-account,history-v1,read_end,2026-08-13T18:26:00+08:00,2026-08-13T18:27:12+08:00,search,desktop,browser,66,25
e-05-0091-page_view,s-05-0091,anon-0024-5,guide-permission,history-v1,page_view,2026-08-11T08:34:14+08:00,2026-08-11T08:34:45+08:00,direct,mobile,browser,,
e-04-0328-read_end,s-04-0328,anon-0157-4,guide-map,history-v1,read_end,2026-08-13T04:07:10+08:00,2026-08-14T04:07:44+08:00,search,mobile,browser,150,73
e-01-0048-page_view,s-01-0048,anon-0054-1,guide-device,history-v1,page_view,2026-08-05T10:01:08+00:00,2026-08-05T18:01:42+08:00,search,mobile,browser,,
e-00-0183-page_view,s-00-0183,anon-0094-0,guide-account,history-v1,page_view,2026-08-04T14:41:53+00:00,2026-08-04T22:42:35+08:00,search,mobile,browser,,
e-02-0030-read_end,s-02-0030,anon-0007-2,guide-expense,history-v1,read_end,2026-07-31T23:53:16+00:00,2026-08-01T07:54:40+08:00,direct,mobile,browser,191,77
e-01-0187-page_view,s-01-0187,anon-0060-1,guide-device,history-v1,page_view,2026-08-01T08:01:03+08:00,2026-08-01T08:01:09+08:00,search,desktop,browser,,
e-04-0242-page_view,s-04-0242,anon-0057-4,guide-map,history-v1,page_view,2026-08-04T01:18:02+08:00,2026-08-03T17:19:16+00:00,search,desktop,browser,,
e-00-0091-read_end,s-00-0091,anon-0036-0,guide-account,history-v1,read_end,2026-08-01T01:51:54+08:00,2026-08-01T01:53:17+08:00,campaign,mobile,browser,175,10
e-00-0076-read_end,s-00-0076,anon-0105-0,guide-account,history-v1,read_end,2026-08-13T02:27:43+08:00,2026-08-13T02:27:51+08:00,search,desktop,browser,172,38
e-04-0184-read_end,s-04-0184,anon-0127-4,guide-map,history-v1,read_end,2026-08-13T03:12:37+08:00,2026-08-13T03:13:22+08:00,home,mobile,browser,109,88
e-01-0006-page_view,s-01-0006,anon-0081-1,guide-device,history-v1,page_view,2026-08-14T10:04:14+00:00,2026-08-14T18:05:15+08:00,search,desktop,browser,,
e-02-0001-page_view,s-02-0001,anon-0021-2,guide-expense,history-v1,page_view,2026-08-09T08:57:03+08:00,2026-08-09T08:58:21+08:00,search,mobile,browser,,
e-02-0057-page_view,s-02-0057,anon-0021-2,guide-expense,history-v1,page_view,2026-08-03T01:25:34+00:00,2026-08-03T09:25:38+08:00,home,desktop,browser,,
e-06-0063-page_view,s-06-0063,anon-0017-6,guide-faq,history-v1,page_view,2026-08-12T18:57:30+00:00,2026-08-13T02:58:45+08:00,search,desktop,browser,,
e-01-0097-read_end,s-01-0097,,guide-device,history-v1,read_end,2026-08-05T02:16:50+08:00,2026-08-05T02:16:54+08:00,search,mobile,browser,88,85
e-04-0213-read_end,s-04-0213,anon-0089-4,guide-map,history-v1,read_end,2026-08-13T20:20:36+00:00,2026-08-14T04:21:21+08:00,direct,desktop,browser,229,87
e-04-0029-page_view,s-04-0029,anon-0030-4,guide-map,history-v1,page_view,2026-08-12T20:12:20+08:00,2026-08-12T12:12:39+00:00,campaign,mobile,browser,,
e-00-0173-read_end,s-00-0173,anon-0036-0,guide-account,history-v1,read_end,2026-08-02T09:19:28+08:00,2026-08-02T01:20:38+00:00,home,mobile,browser,136,47
e-02-0085-read_end,s-02-0085,anon-0023-2,guide-expense,history-v1,read_end,2026-08-11T12:07:49+08:00,2026-08-11T12:08:59+08:00,direct,mobile,browser,198,80
e-06-0048-page_view,s-06-0048,anon-0007-6,guide-faq,history-v1,page_view,2026-08-08T20:39:47+00:00,2026-08-09T04:40:49+08:00,campaign,mobile,browser,,
e-06-0026-page_view,s-06-0026,,guide-faq,history-v1,page_view,2026-08-01T03:32:39+08:00,2026-07-31T19:33:41+00:00,search,desktop,browser,,
e-04-0284-read_end,s-04-0284,anon-0063-4,guide-map,history-v1,read_end,2026-08-05T02:31:29+08:00,2026-08-04T18:31:36+00:00,campaign,mobile,browser,100,80
e-03-0040-page_view,s-03-0040,anon-0066-3,guide-remote,history-v1,page_view,2026-08-08T17:43:49+08:00,2026-08-08T17:44:30+08:00,search,mobile,browser,,
e-01-0171-read_end,s-01-0171,anon-0003-1,guide-device,history-v1,read_end,2026-08-05T18:58:28+00:00,2026-08-06T02:59:09+08:00,home,desktop,browser,98,97
e-00-0165-read_end,s-00-0165,anon-0101-0,guide-account,history-v1,read_end,2026-08-05T20:22:57+00:00,2026-08-06T04:23:25+08:00,search,desktop,browser,154,92
e-05-0006-page_view,s-05-0006,anon-0013-5,guide-permission,history-v1,page_view,2026-08-01T04:59:48+00:00,2026-08-01T12:59:52+08:00,home,mobile,browser,,
e-04-0248-page_view,s-04-0248,anon-0012-4,guide-map,history-v1,page_view,2026-08-03T22:29:14+08:00,2026-08-03T14:29:57+00:00,search,desktop,browser,,
e-05-0025-page_view,s-05-0025,anon-0022-5,guide-permission,history-v1,page_view,2026-08-05T05:15:10+08:00,2026-08-05T05:15:18+08:00,direct,desktop,browser,,
e-03-0009-page_view,s-03-0009,anon-0060-3,guide-remote,history-v1,page_view,2026-08-01T04:39:48+00:00,2026-08-01T12:41:18+08:00,search,mobile,browser,,
e-05-0004-page_view,s-05-0004,anon-0006-5,guide-permission,history-v1,page_view,2026-08-01T13:18:10+08:00,2026-08-01T13:19:00+08:00,direct,desktop,browser,,
e-05-0023-page_view,s-05-0023,anon-0017-5,guide-permission,history-v1,page_view,2026-08-14T05:12:03+08:00,2026-08-13T21:12:09+00:00,search,desktop,browser,,
e-00-0166-read_end,s-00-0166,anon-0067-0,guide-account,history-v1,read_end,2026-08-13T07:18:34+08:00,2026-08-13T07:19:26+08:00,search,desktop,browser,3,44
e-04-0051-page_view,s-04-0051,anon-0022-4,guide-map,history-v1,page_view,2026-08-01T11:31:36+00:00,2026-08-01T19:32:48+08:00,home,mobile,browser,,
e-04-0135-read_end,s-04-0135,anon-0021-4,guide-map,history-v1,read_end,2026-08-01T21:12:38+00:00,2026-08-02T05:14:02+08:00,search,mobile,browser,123,94
e-01-0016-read_end,s-01-0016,anon-0067-1,guide-device,history-v1,read_end,2026-08-02T14:12:53+08:00,2026-08-02T14:13:02+08:00,search,mobile,browser,145,28
e-00-0025-page_view,s-00-0025,anon-0111-0,guide-account,history-v1,page_view,2026-08-01T22:21:01+08:00,2026-08-01T22:22:28+08:00,direct,desktop,browser,,
e-01-0179-page_view,s-01-0179,anon-0039-1,guide-device,history-v1,page_view,2026-08-07T18:11:15+08:00,2026-08-07T10:12:32+00:00,search,mobile,browser,,
e-04-0096-read_end,s-04-0096,anon-0053-4,guide-map,history-v1,read_end,2026-08-11T09:09:56+00:00,2026-08-11T17:10:42+08:00,campaign,desktop,browser,121,49
e-01-0137-read_end,s-01-0137,anon-0042-1,guide-device,history-v1,read_end,2026-08-02T23:36:46+08:00,2026-08-02T15:37:54+00:00,search,desktop,browser,77,52
e-02-0078-page_view,s-02-0078,anon-0013-2,guide-expense,history-v1,page_view,2026-08-09T05:09:44+00:00,2026-08-09T13:10:57+08:00,direct,mobile,browser,,
e-04-0103-read_end,s-04-0103,anon-0015-4,guide-map,history-v1,read_end,2026-08-10T09:07:39+08:00,2026-08-10T09:07:45+08:00,home,desktop,browser,80,100
e-04-0107-read_end,s-04-0107,anon-0078-4,guide-map,history-v1,read_end,2026-08-03T00:28:01+08:00,2026-08-02T16:29:19+00:00,search,desktop,browser,3,78
e-04-0097-read_end,s-04-0097,anon-0164-4,guide-map,history-v1,read_end,2026-08-11T12:26:21+08:00,2026-08-11T12:26:42+08:00,search,desktop,browser,50,32
e-05-0035-read_end,s-05-0035,anon-0054-5,guide-permission,history-v1,read_end,2026-08-12T04:45:27+08:00,2026-08-11T20:46:54+00:00,direct,mobile,browser,163,89
e-00-0105-page_view,s-00-0105,anon-0089-0,guide-account,history-v1,page_view,2026-08-07T12:52:37+00:00,2026-08-07T20:53:55+08:00,home,desktop,browser,,
e-04-0295-read_end,s-04-0295,anon-0018-4,guide-map,history-v1,read_end,2026-08-13T10:16:41+08:00,2026-08-13T10:16:56+08:00,search,mobile,browser,272,47
e-01-0131-page_view,s-01-0131,anon-0078-1,guide-device,history-v1,page_view,2026-08-08T12:57:03+08:00,2026-08-08T04:58:08+00:00,search,mobile,browser,,
e-04-0260-page_view,s-04-0260,anon-0148-4,guide-map,history-v1,page_view,2026-08-01T02:01:46+08:00,2026-07-31T18:02:22+00:00,search,mobile,browser,,
e-00-0178-page_view,s-00-0178,anon-0035-0,guide-account,history-v1,page_view,2026-08-08T23:24:07+08:00,2026-08-08T23:25:34+08:00,home,mobile,browser,,
e-01-0095-read_end,s-01-0095,anon-0026-1,guide-device,history-v1,read_end,2026-08-03T11:33:32+08:00,2026-08-03T03:34:28+00:00,search,desktop,browser,95,38
e-06-0030-read_end,s-06-0030,anon-0027-6,guide-faq,history-v1,read_end,2026-08-05T14:48:56+00:00,2026-08-05T22:49:03+08:00,search,desktop,browser,69,92
e-00-0246-read_end,s-00-0246,anon-0053-0,guide-account,history-v1,read_end,2026-08-07T15:54:59+00:00,2026-08-08T23:55:08+08:00,search,mobile,browser,142,85
e-00-0070-page_view,s-00-0070,anon-0055-0,guide-account,history-v1,page_view,2026-08-04T13:46:20+08:00,2026-08-04T13:47:42+08:00,search,mobile,browser,,
e-01-0008-page_view,s-01-0008,anon-0057-1,guide-device,history-v1,page_view,2026-08-14T21:15:50+08:00,2026-08-14T13:15:54+00:00,search,desktop,browser,,
e-04-0153-read_end,s-04-0153,anon-0056-4,guide-map,history-v1,read_end,2026-08-06T21:18:12+00:00,2026-08-07T05:18:39+08:00,search,desktop,browser,75,47
e-00-0184-page_view,s-00-0184,anon-0107-0,guide-account,history-v1,page_view,2026-08-01T08:43:45+08:00,2026-08-01T08:44:32+08:00,search,desktop,browser,,
e-02-0012-read_end,s-02-0012,anon-0020-2,guide-expense,history-v1,read_end,2026-08-01T08:20:36+00:00,2026-08-01T16:21:00+08:00,search,desktop,browser,108,53
e-00-0193-read_end,s-00-0193,anon-0042-0,guide-account,history-v1,read_end,2026-08-05T14:50:35+08:00,2026-08-05T14:51:42+08:00,direct,desktop,browser,9,84
e-00-0257-page_view,s-00-0257,anon-0089-0,guide-account,history-v1,page_view,2026-08-10T16:22:31+08:00,2026-08-10T08:23:53+00:00,search,mobile,browser,,
e-05-0033-read_end,s-05-0033,anon-0010-5,guide-permission,history-v1,read_end,2026-08-09T04:12:43+00:00,2026-08-09T12:12:51+08:00,search,desktop,browser,73,54
e-04-0006-page_view,s-04-0006,anon-0103-4,guide-map,history-v1,page_view,2026-08-03T05:22:39+00:00,2026-08-03T13:23:12+08:00,campaign,mobile,browser,,
e-00-0024-page_view,s-00-0024,anon-0108-0,guide-account,history-v1,page_view,2026-08-02T13:25:00+00:00,2026-08-02T21:25:31+08:00,home,desktop,browser,,
crawler-0030,crawl-30,,guide-map,history-v1,page_view,2026-08-08T16:06:30+00:00,2026-08-08T16:06:31+00:00,campaign,desktop,crawler,,
e-02-0024-page_view,s-02-0024,anon-0032-2,guide-expense,history-v1,page_view,2026-08-02T01:37:38+00:00,2026-08-02T09:38:59+08:00,search,desktop,browser,,
e-03-0124-page_view,s-03-0124,anon-0051-3,guide-remote,history-v1,page_view,2026-08-06T13:19:44+08:00,2026-08-06T13:20:04+08:00,search,desktop,browser,,
e-01-0143-page_view,s-01-0143,anon-0002-1,guide-device,history-v1,page_view,2026-08-09T14:05:56+08:00,2026-08-09T06:06:54+00:00,home,desktop,browser,,
e-01-0156-page_view,s-01-0156,anon-0087-1,guide-device,history-v1,page_view,2026-08-12T11:24:24+00:00,2026-08-12T19:25:03+08:00,home,mobile,browser,,
e-01-0115-page_view,s-01-0115,,guide-device,history-v1,page_view,2026-08-02T16:11:39+08:00,2026-08-02T16:11:42+08:00,search,desktop,browser,,
e-00-0198-read_end,s-00-0198,anon-0110-0,guide-account,history-v1,read_end,2026-08-09T05:54:04+00:00,2026-08-09T13:54:40+08:00,search,desktop,browser,184,90
e-00-0176-page_view,s-00-0176,anon-0068-0,guide-account,history-v1,page_view,2026-08-12T08:15:49+08:00,2026-08-12T00:16:21+00:00,search,desktop,browser,,
e-02-0058-read_end,s-02-0058,anon-0009-2,guide-expense,history-v1,read_end,2026-08-02T21:55:58+08:00,2026-08-02T21:56:34+08:00,search,desktop,browser,163,89
e-04-0205-read_end,s-04-0205,anon-0099-4,guide-map,history-v1,read_end,2026-08-12T19:43:00+08:00,2026-08-13T19:44:19+08:00,direct,desktop,browser,100,80
crawler-0006,crawl-6,,guide-map,history-v1,page_view,2026-08-08T16:01:18+00:00,2026-08-08T16:01:19+00:00,campaign,desktop,crawler,,
e-04-0278-page_view,s-04-0278,anon-0081-4,guide-map,history-v1,page_view,2026-08-11T12:17:57+08:00,2026-08-11T04:18:05+00:00,direct,desktop,browser,,
e-03-0119-read_end,s-03-0119,anon-0067-3,guide-remote,history-v1,read_end,2026-08-14T03:14:24+08:00,2026-08-13T19:14:29+00:00,search,mobile,browser,32,24
e-02-0062-page_view,s-02-0062,anon-0008-2,guide-expense,history-v1,page_view,2026-08-06T02:56:52+08:00,2026-08-05T18:58:15+00:00,search,desktop,browser,,
e-03-0136-page_view,s-03-0136,anon-0057-3,guide-remote,history-v1,page_view,2026-08-04T20:31:03+08:00,2026-08-04T20:31:28+08:00,campaign,desktop,browser,,
e-05-0085-page_view,s-05-0085,anon-0017-5,guide-permission,history-v1,page_view,2026-08-06T19:15:32+08:00,2026-08-06T19:15:44+08:00,home,desktop,browser,,
e-01-0124-page_view,s-01-0124,anon-0038-1,guide-device,history-v1,page_view,2026-08-05T04:40:06+08:00,2026-08-05T04:40:26+08:00,search,desktop,browser,,
e-03-0035-read_end,s-03-0035,anon-0023-3,guide-remote,history-v1,read_end,2026-08-11T05:05:44+08:00,2026-08-10T21:06:01+00:00,search,desktop,browser,133,87
